accession	phylum	class	species
GB_GCA_038871545	Nanobdellota	Nanobdellia	0-14-0-80-44-23 sp038874135
GB_GCA_017609625	Iainarchaeota	Iainarchaeia	1-14-0-10-31-34 sp017609625
GB_GCA_018829335	Iainarchaeota	Iainarchaeia	1-14-0-10-31-34 sp018829335
GB_GCA_024277355	Iainarchaeota	Iainarchaeia	1-14-0-10-31-34 sp024277355
GB_GCA_018652085	Nanobdellota	Nanobdellia	1-14-0-10-32-24 sp018655525
GB_GCA_002762795	Nanobdellota	Nanobdellia	1-14-0-10-37-12 sp002762795
GB_GCA_002762985	Nanobdellota	Nanobdellia	1-14-0-10-44-13 sp002762985
GB_GCA_019057815	Asgardarchaeota	Heimdallarchaeia	18H4-34 sp019057815
GB_GCA_022865455	Thermoproteota	Bathyarchaeia	20-14-0-80-47-9 sp022865455
GB_GCA_020854775	Nanobdellota	Nanobdellia	21-14-0-10-32-9 sp020854775
GB_GCA_005884195	Thermoproteota	Bathyarchaeia	40CM-2-53-6 sp005884195
GB_GCA_005888635	Thermoproteota	Bathyarchaeia	40CM-2-53-6 sp005888635
GB_GCA_005888745	Thermoproteota	Bathyarchaeia	40CM-2-53-6 sp005888745
GB_GCA_005888755	Thermoproteota	Bathyarchaeia	40CM-2-53-6 sp005888755
GB_GCA_035656295	Thermoproteota	Bathyarchaeia	40CM-2-53-6 sp035656295
GB_GCA_035935655	Thermoproteota	Bathyarchaeia	40CM-2-53-6 sp035935655
GB_GCA_019058035	Asgardarchaeota	Lokiarchaeia	6H3-1 sp019058015
GB_GCA_019058135	Asgardarchaeota	Lokiarchaeia	6H3-1 sp019058135
GB_GCA_029856045	Asgardarchaeota	Lokiarchaeia	6H3-1 sp029856045
GB_GCA_030606485	Asgardarchaeota	Lokiarchaeia	6H3-1 sp030606485
GB_GCA_018475625	Thermoproteota	Bathyarchaeia	A05DMB-2 sp018475625
GB_GCA_017857545	Thermoproteota	Thermoprotei	AAA261-N23 sp000375685
GB_GCA_000389735	Thermoproteota	Thermoprotei_A	Acd1 sp000389735
RS_GCF_009428885	Thermoproteota	Thermoprotei_A	Acidianus ambivalens
RS_GCF_000632495	Thermoproteota	Thermoprotei_A	Acidianus copahuensis
RS_GCF_000213215	Thermoproteota	Thermoprotei_A	Acidianus hospitalis
RS_GCF_009729545	Thermoproteota	Thermoprotei_A	Acidianus infernus
RS_GCF_002116695	Thermoproteota	Thermoprotei_A	Acidianus manzaensis
RS_GCF_021655615	Thermoproteota	Thermoprotei_A	Acidianus sp021655615
RS_GCF_003201765	Thermoproteota	Thermoprotei_A	Acidianus sulfidivorans
GB_GCA_027318145	Nanobdellota	Nanobdellia	Acidifodinimicrobium mancum
RS_GCF_000144915	Thermoproteota	Thermoprotei_A	Acidilobus saccharovorans
GB_GCA_022759325	Thermoproteota	Thermoprotei_A	Acidilobus sp000495735
RS_GCF_003431325	Thermoproteota	Thermoprotei_A	Acidilobus sp003431325
GB_GCA_022015155	Thermoproteota	Thermoprotei_A	Acidilobus sp022015155
GB_GCA_000495695	Thermoproteota	Thermoprotei_A	Acidilobus sp028276005
RS_GCF_000949015	Thermoplasmatota	Thermoplasmata	Acidiplasma aeolicum
RS_GCF_000025665	Thermoplasmatota	Thermoplasmata	Aciduliprofundum boonei
RS_GCF_000327505	Thermoplasmatota	Thermoplasmata	Aciduliprofundum sp000327505
GB_GCA_015520565	Thermoplasmatota	Thermoplasmata	Aciduliprofundum sp015520565
GB_GCA_015523135	Thermoplasmatota	Thermoplasmata	Aciduliprofundum sp015523135
GB_GCA_001273385	Thermoproteota	Bathyarchaeia	AD8-1 sp001273385
GB_GCA_026015145	Thermoproteota	Bathyarchaeia	AD8-1 sp026015145
GB_GCA_030607735	Thermoproteota	Bathyarchaeia	AD8-1 sp030607735
RS_GCF_000591035	Thermoproteota	Thermoprotei_A	Aeropyrum camini
RS_GCF_000011125	Thermoproteota	Thermoprotei_A	Aeropyrum pernix
GB_GCA_015523455	Thermoproteota	Thermoprotei_A	Aeropyrum sp015521685
GB_GCA_015523465	Thermoproteota	Thermoprotei_A	Aeropyrum sp015523465
GB_GCA_034190545	Halobacteriota	Halobacteria	Afararchaeum irisae
GB_GCA_003116855	Thermoproteota	Thermoprotei_A	AG1 sp003116855
GB_GCA_032249255	Thermoproteota	Thermoprotei_A	AG1 sp032249255
GB_GCA_038867615	Thermoproteota	Thermoprotei_A	AG1 sp038867615
GB_GCA_038897115	Thermoproteota	Thermoprotei_A	AG1 sp038897115
GB_GCA_029259535	Halobacteriota	Syntropharchaeia	Alkanophaga liquidiphilum
GB_GCA_016933055	Asgardarchaeota	Lokiarchaeia	AMARA-1 sp016933055
GB_GCA_014874295	Micrarchaeota	Micrarchaeia	A-MIC-10 sp014874295
GB_GCA_003194425	Halobacteriota	Syntropharchaeia	ANME1a sp003194425
GB_GCA_014859735	Halobacteriota	Syntropharchaeia	ANME-1-THS sp014859735
GB_GCA_020725315	Halobacteriota	Syntropharchaeia	ANME-1-THS sp020725315
RS_GCF_003201835	Thermoproteota	Thermoprotei_A	Aramenus brierleyi
GB_GCA_022678445	Thermoproteota	Thermoprotei_A	Aramenus sp022678445
GB_GCA_037444045	Thermoproteota	Thermoprotei_A	Aramenus sp037444045
GB_GCA_000961135	Thermoproteota	Thermoprotei_A	Aramenus sulfurataquae
GB_GCA_002010195	Halobacteriota	Archaeoglobi	Archaeoglobus_A sp002010195
GB_GCA_002011235	Halobacteriota	Archaeoglobi	Archaeoglobus_A sp002011235
GB_GCA_002494625	Halobacteriota	Archaeoglobi	Archaeoglobus_A sp002494625
GB_GCA_017656505	Halobacteriota	Archaeoglobi	Archaeoglobus_A sp017656505
RS_GCF_000385565	Halobacteriota	Archaeoglobi	Archaeoglobus_A sulfaticallidus
RS_GCF_000025285	Halobacteriota	Archaeoglobi	Archaeoglobus_B profundus
GB_GCA_027036775	Halobacteriota	Archaeoglobi	Archaeoglobus_B sp027036775
GB_GCA_029984855	Halobacteriota	Archaeoglobi	Archaeoglobus_C sp029984855
RS_GCF_000194625	Halobacteriota	Archaeoglobi	Archaeoglobus_C veneficus
RS_GCF_000734035	Halobacteriota	Archaeoglobi	Archaeoglobus fulgidus
RS_GCF_016757965	Halobacteriota	Archaeoglobi	Archaeoglobus neptunius
GB_GCA_004366995	Halobacteriota	Archaeoglobi	Archaeoglobus sp002507545
RS_GCF_017656475	Halobacteriota	Archaeoglobi	Archaeoglobus sp017656475
GB_GCA_029259415	Halobacteriota	Archaeoglobi	Archaeoglobus sp029259415
GB_GCA_039793985	Thermoproteota	Thermoprotei_A	ARK-14 sp002899805
GB_GCA_038878775	Thermoproteota	Thermoprotei_A	ARK-14 sp038734945
GB_GCA_014836265	Thermoplasmatota	Thermoplasmata	ARK-15 sp002878135
GB_GCA_022759105	Thermoplasmatota	Thermoplasmata	ARK-15 sp009758405
GB_GCA_030756795	Thermoplasmatota	Thermoplasmata	ARK-15 sp023261755
GB_GCA_038875195	Thermoplasmatota	Thermoplasmata	ARK-15 sp038880255
GB_GCA_021654395	Micrarchaeota	Micrarchaeia	ARM-1 sp021654395
GB_GCA_014240435	Nanobdellota	Nanobdellia	ARS1285 sp002688165
GB_GCA_038045965	Nanobdellota	Nanobdellia	ARS1285 sp038045965
GB_GCA_038128845	Nanobdellota	Nanobdellia	ARS21 sp038128845
GB_GCA_034190465	Nanohalarchaeota	Nanosalinia	Asbonarchaeum danakilense
GB_GCA_018828985	Nanobdellota	Nanobdellia	ASMP01 sp018821425
GB_GCA_018830685	Nanobdellota	Nanobdellia	ASMP01 sp018830685
GB_GCA_027334715	Nanobdellota	Nanobdellia	ASMP01 sp027334715
GB_GCA_035282925	Nanobdellota	Nanobdellia	ASMP01 sp035282925
GB_GCA_038045525	Nanobdellota	Nanobdellia	ASMP01 sp038045525
GB_GCA_041484115	Nanobdellota	Nanobdellia	ASMP01 sp041484115
GB_GCA_021158125	Thermoproteota	Bathyarchaeia	AUK093 sp021158125
GB_GCA_040290255	Thermoproteota	Nitrososphaeria	Australarchaeum erebusense
GB_GCA_937906075	Thermoproteota	Thermoprotei	B12-G16 sp003650925
GB_GCA_003661385	Korarchaeota	Korarchaeia	B14-G2 sp003661385
GB_GCA_037917675	Korarchaeota	Korarchaeia	B14-G2 sp037917675
GB_GCA_937880935	Thermoproteota	Thermoprotei	B15-G16 sp003649205
GB_GCA_003649305	Thermoproteota	Thermoprotei	B15-G2 sp003650815
GB_GCA_937880785	Thermoproteota	Thermoprotei	B17-G15 sp003649495
GB_GCA_001563875	Nanohalarchaeota	Nanosalinia	B1-Br10-U2g19 sp001563875
GB_GCA_022729395	Nanohalarchaeota	Nanosalinia	B1-Br10-U2g19 sp001563905
GB_GCA_001563915	Nanohalarchaeota	Nanosalinia	B1-Br10-U2g21 sp001563915
GB_GCA_022729375	Nanohalarchaeota	Nanosalinia	B1-Br10-U2g21 sp001564145
GB_GCA_003650785	Thermoproteota	Thermoprotei	B20-G17 sp003650785
GB_GCA_021161045	Thermoproteota	Bathyarchaeia	B23 sp021161045
GB_GCA_937898665	Thermoproteota	Bathyarchaeia	B23 sp937898665
GB_GCA_002490245	Thermoproteota	Bathyarchaeia	B24-2 sp002490245
GB_GCA_001593865	Thermoproteota	Bathyarchaeia	B24 sp001593865
GB_GCA_021161255	Thermoproteota	Bathyarchaeia	B24 sp021161255
GB_GCA_001593935	Thermoproteota	Bathyarchaeia	B26-1 sp001593935
GB_GCA_017610005	Nanobdellota	Nanobdellia	B29-G15 sp017610005
GB_GCA_903915225	Nanobdellota	Nanobdellia	B29-G15 sp903915225
GB_GCA_003649685	Thermoproteota	Thermoprotei	B3-G16 sp003649665
GB_GCA_005222965	Nanobdellota	Nanobdellia	B3-WOES sp005222965
GB_GCA_029259155	Thermoproteota	Methanomethylicia	B40-G2 sp003649615
GB_GCA_029934485	Methanobacteriota_B	Thermococci	B48-G16 sp003660605
GB_GCA_021159325	Methanobacteriota_B	Thermococci	B48-G16 sp021159325
GB_GCA_019322625	Nanobdellota	Nanobdellia	B54-G15 sp003648985
GB_GCA_003662995	Halobacteriota	Archaeoglobi	B5-G16 sp003662995
GB_GCA_029259425	Halobacteriota	Archaeoglobi	B5-G16 sp021163065
GB_GCA_021162605	Thermoproteota	Bathyarchaeia	B63 sp003661975
GB_GCA_021158305	Thermoproteota	Bathyarchaeia	B63 sp021158305
GB_GCA_021498125	Asgardarchaeota	Thorarchaeia	B65-G9 sp021498125
GB_GCA_027031745	Asgardarchaeota	Thorarchaeia	B65-G9 sp029855935
GB_GCA_021161825	Thermoproteota	Thermoprotei	B69-G16 sp021161825
GB_GCA_003649715	Thermoplasmatota	E2	B82-G9 sp003649715
GB_GCA_027065205	Thermoplasmatota	Thermoplasmata	B87-G9 sp003649695
GB_GCA_003660555	Hadarchaeota	B88-G9	B88-G9 sp003660555
GB_GCA_021158325	Thermoplasmatota	E2	B8-G13 sp003649745
GB_GCA_029258885	Thermoproteota	Thermoprotei	B9-G17 sp003649225
GB_GCA_005888735	Thermoproteota	Bathyarchaeia	BA-19 sp005888735
GB_GCA_001399795	Thermoproteota	Bathyarchaeia	BA2 sp001399795
GB_GCA_937877725	Asgardarchaeota	Baldrarchaeia	Baldrarchaeum yapensis
GB_GCA_026014495	Thermoproteota	Bathyarchaeia	Bathyarchaeum sp026014495
GB_GCA_026014565	Thermoproteota	Bathyarchaeia	Bathyarchaeum sp026014565
GB_GCA_032598985	Thermoproteota	Bathyarchaeia	Bathyarchaeum tardum
GB_GCA_009781675	Thermoproteota	Bathyarchaeia	Bathycorpusculum acetigenes
GB_GCA_009786255	Thermoproteota	Bathyarchaeia	Bathycorpusculum acidaminoxidans
GB_GCA_009787175	Thermoproteota	Bathyarchaeia	Bathycorpusculum fermentans
GB_GCA_009776805	Thermoproteota	Bathyarchaeia	Bathycorpusculum grumuli
RS_GCF_009778815	Thermoproteota	Bathyarchaeia	Bathycorpusculum hydrogenotrophicum
GB_GCA_031277345	Thermoproteota	Bathyarchaeia	Bathycorpusculum soli
GB_GCA_003133625	Thermoproteota	Bathyarchaeia	Bathycorpusculum sp003133625
GB_GCA_003141855	Thermoproteota	Bathyarchaeia	Bathycorpusculum sp003141855
GB_GCA_009778385	Thermoproteota	Bathyarchaeia	Bathycorpusculum sp009778385
GB_GCA_009781395	Thermoproteota	Bathyarchaeia	Bathycorpusculum sp009781395
GB_GCA_041676085	Thermoproteota	Bathyarchaeia	Bathycorpusculum sp012511995
GB_GCA_032335675	Thermoproteota	Bathyarchaeia	Bathycorpusculum sp012513715
GB_GCA_012515445	Thermoproteota	Bathyarchaeia	Bathycorpusculum sp012515445
GB_GCA_023488905	Thermoproteota	Bathyarchaeia	Bathycorpusculum sp023488905
GB_GCA_026014585	Thermoproteota	Bathyarchaeia	Bathycorpusculum sp026014585
GB_GCA_026014665	Thermoproteota	Bathyarchaeia	Bathycorpusculum sp026014665
GB_GCA_026014685	Thermoproteota	Bathyarchaeia	Bathycorpusculum sp026014685
GB_GCA_026014725	Thermoproteota	Bathyarchaeia	Bathycorpusculum sp026014725
GB_GCA_026014735	Thermoproteota	Bathyarchaeia	Bathycorpusculum sp026014735
GB_GCA_026014745	Thermoproteota	Bathyarchaeia	Bathycorpusculum sp026014745
GB_GCA_031256395	Thermoproteota	Bathyarchaeia	Bathycorpusculum sp031256395
GB_GCA_031274765	Thermoproteota	Bathyarchaeia	Bathycorpusculum sp031274765
GB_GCA_040268405	Thermoproteota	Bathyarchaeia	Bathycorpusculum sp040268405
GB_GCA_903884205	Thermoproteota	Bathyarchaeia	Bathycorpusculum sp903901015
GB_GCA_031254875	Thermoproteota	Bathyarchaeia	Bathycorpusculum termitum
GB_GCA_016806715	Thermoplasmatota	Thermoplasmata	B-DKE sp002204705
GB_GCA_038729425	Thermoplasmatota	Thermoplasmata	B-DKE sp038729425
GB_GCA_021650775	Thermoproteota	Nitrososphaeria_A	Benthortus lauensis
GB_GCA_016212505	Micrarchaeota	Micrarchaeia	Bilamarchaeum sp016212505
GB_GCA_016926175	Micrarchaeota	Micrarchaeia	Bilamarchaeum sp016926175
GB_GCA_018812715	Micrarchaeota	Micrarchaeia	Bilamarchaeum sp018812715
GB_GCA_018813505	Micrarchaeota	Micrarchaeia	Bilamarchaeum sp018813505
GB_GCA_020053355	Micrarchaeota	Micrarchaeia	Bilamarchaeum sp020053355
GB_GCA_023248035	Micrarchaeota	Micrarchaeia	Bilamarchaeum sp023248035
GB_GCA_026992595	Micrarchaeota	Micrarchaeia	Bilamarchaeum sp026992595
GB_GCA_028713495	Micrarchaeota	Micrarchaeia	Bilamarchaeum sp028713495
GB_GCA_028714535	Micrarchaeota	Micrarchaeia	Bilamarchaeum sp028714535
GB_GCA_040758595	Micrarchaeota	Micrarchaeia	Bilamarchaeum sp040758595
GB_GCA_903835325	Micrarchaeota	Micrarchaeia	Bilamarchaeum sp903835325
GB_GCA_002867475	Nanobdellota	Nanobdellia	BM511 sp002867475
GB_GCA_011050875	Nanobdellota	Nanobdellia	BMS3ABIN17 sp002897655
GB_GCA_937910485	Hydrothermarchaeota	Hydrothermarchaeia	BMS3B sp002897955
GB_GCA_003229935	Hydrothermarchaeota	Hydrothermarchaeia	BMS3B sp003229935
GB_GCA_029785755	Thermoproteota	Nitrososphaeria	BOG-1369 sp021848045
GB_GCA_003138595	Halobacteriota	Bog-38	Bog-38 sp003139855
GB_GCA_015660915	Halobacteriota	Bog-38	Bog-38 sp015660915
GB_GCA_018661605	Nanobdellota	Nanobdellia	BS150m-G60 sp018692925
GB_GCA_902384455	Altiarchaeota	Altiarchaeia	CABMCB01 sp902384455
GB_GCA_041652195	Nanobdellota	Nanobdellia	CABMGE01 sp041656875
GB_GCA_019323575	Nanobdellota	Nanobdellia	CABMGU01 sp019323575
GB_GCA_026394935	Nanobdellota	Nanobdellia	CABMGU01 sp026394935
GB_GCA_035292785	Nanobdellota	Nanobdellia	CABMGU01 sp035292785
GB_GCA_038868995	Nanobdellota	Nanobdellia	CABMGU01 sp038868995
GB_GCA_041305185	Nanobdellota	Nanobdellia	CABMGU01 sp041305185
GB_GCA_902385765	Nanobdellota	Nanobdellia	CABMGU01 sp902385765
GB_GCA_902529885	Nanobdellota	Nanobdellia	CABZYC01 sp902529885
GB_GCA_902812495	Thermoproteota	Nitrososphaeria	CADDZR01 sp902812495
GB_GCA_902812485	Thermoproteota	Nitrososphaeria	CADDZS01 sp902812485
GB_GCA_026397355	Aenigmatarchaeota	Aenigmatarchaeia	CAIKBN01 sp903825675
GB_GCA_016932815	Micrarchaeota	Micrarchaeia	CAIKOA01 sp016932815
GB_GCA_030613375	Micrarchaeota	Micrarchaeia	CAIKOA01 sp030613375
GB_GCA_903828955	Micrarchaeota	Micrarchaeia	CAIKOA01 sp903828955
GB_GCA_026394715	Halobacteriota	Methanomicrobia	CAIKOD01 sp026394715
GB_GCA_035505975	Halobacteriota	Methanomicrobia	CAIKOD01 sp035505975
GB_GCA_035543455	Halobacteriota	Methanomicrobia	CAIKOD01 sp035543455
GB_GCA_037137755	Halobacteriota	Methanomicrobia	CAIKOD01 sp037137755
GB_GCA_903834305	Halobacteriota	Methanomicrobia	CAIKOD01 sp903819595
GB_GCA_903828975	Halobacteriota	Methanomicrobia	CAIKOD01 sp903828975
GB_GCA_038874595	Micrarchaeota	Micrarchaeia	CAILAH01 sp038874595
GB_GCA_903842985	Nanobdellota	Nanobdellia	CAIMOB01 sp903842985
GB_GCA_016867035	Nanobdellota	Nanobdellia	CAIPOI01 sp016867035
GB_GCA_903825585	Nanobdellota	Nanobdellia	CAIPOI01 sp903866625
GB_GCA_903877165	Thermoplasmatota	E2	CAIRCU01 sp903877165
GB_GCA_903884115	Micrarchaeota	Micrarchaeia	CAISDH01 sp903884115
GB_GCA_903914545	Micrarchaeota	Micrarchaeia	CAISET01 sp903884505
GB_GCA_903904885	Nanobdellota	Nanobdellia	CAIVED01 sp903904885
GB_GCA_903907555	Nanobdellota	Nanobdellia	CAIVOO01 sp903907555
GB_GCA_029557835	Micrarchaeota	Micrarchaeia	CAIXOA01 sp029557835
GB_GCA_040753215	Micrarchaeota	Micrarchaeia	CAIXOA01 sp040753215
GB_GCA_041653635	Micrarchaeota	Micrarchaeia	CAIXOA01 sp041653635
GB_GCA_021814005	Micrarchaeota	Micrarchaeia	CAIXYX01 sp021814005
GB_GCA_902384555	Micrarchaeota	Micrarchaeia	CAIXYX01 sp902384555
GB_GCA_903857535	Halobacteriota	Methanomicrobia	CAIYHQ01 sp903926075
GB_GCA_023252215	Altiarchaeota	Altiarchaeia	CAIYYO01 sp023252215
GB_GCA_026394495	Thermoplasmatota	E2	CAIYYQ01 sp026394495
GB_GCA_038885615	Nanobdellota	Nanobdellia	CAKZRD01 sp038885615
GB_GCA_038894315	Nanobdellota	Nanobdellia	CAKZRD01 sp038886595
GB_GCA_036733025	Nanobdellota	Nanobdellia	CAKZRD01 sp937143345
GB_GCA_038885635	Thermoproteota	Nitrososphaeria_A	Caldarchaeum sp038740895
GB_GCA_038831915	Thermoproteota	Nitrososphaeria_A	Caldarchaeum sp038831915
GB_GCA_038832005	Thermoproteota	Nitrososphaeria_A	Caldarchaeum sp038832005
GB_GCA_038844785	Thermoproteota	Nitrososphaeria_A	Caldarchaeum sp038844785
GB_GCA_038828325	Thermoproteota	Nitrososphaeria_A	Caldarchaeum sp038885755
GB_GCA_038852245	Thermoproteota	Nitrososphaeria_A	Caldarchaeum sp038890155
GB_GCA_038891535	Thermoproteota	Nitrososphaeria_A	Caldarchaeum sp038896555
GB_GCA_041641305	Thermoproteota	Nitrososphaeria_A	Caldarchaeum sp041641305
GB_GCA_000270325	Thermoproteota	Nitrososphaeria_A	Caldarchaeum subterraneum_A
GB_GCA_038736395	Thermoproteota	Nitrososphaeria_A	Caldarchaeum subterraneum_E
GB_GCA_027018965	Thermoproteota	Thermoprotei_A	Caldisphaera acidicharens
RS_GCF_000317795	Thermoproteota	Thermoprotei_A	Caldisphaera lagunensis
GB_GCA_002506595	Thermoproteota	Thermoprotei_A	Caldisphaera sp002506595
GB_GCA_015522625	Thermoproteota	Thermoprotei_A	Caldisphaera sp015522625
RS_GCF_023256325	Thermoproteota	Thermoprotei_A	Caldisphaera sp023256325
GB_GCA_038841625	Thermoproteota	Nitrososphaeria_A	Calditenuis fumarioli
GB_GCA_033581555	Thermoproteota	Nitrososphaeria_A	Calditenuis sp025058175
RS_GCF_000018305	Thermoproteota	Thermoprotei	Caldivirga maquilingensis
RS_GCF_001663375	Thermoproteota	Thermoprotei	Caldivirga sp001663375
RS_GCF_002506515	Thermoproteota	Thermoprotei	Caldivirga sp002506515
RS_GCF_023256255	Thermoproteota	Thermoprotei	Caldivirga sp023256255
GB_GCA_038866215	Thermoproteota	Methanomethylicia	CALHIW01 sp038845975
GB_GCA_038819295	Thermoproteota	Thermoprotei	CALHPJ01 sp038861545
GB_GCA_938036345	Thermoproteota	Thermoprotei	CALHPJ01 sp938036345
GB_GCA_038845265	Thermoproteota	Nitrososphaeria_A	CALIKS01 sp038845265
GB_GCA_028275385	Thermoproteota	Bathyarchaeia	CALIRQ01 sp028275385
GB_GCA_038840595	Thermoproteota	Bathyarchaeia	CALIRQ01 sp038843675
GB_GCA_038851865	Thermoproteota	Bathyarchaeia	CALIRQ01 sp038847005
GB_GCA_938042195	Thermoproteota	Bathyarchaeia	CALIRQ01 sp938042195
GB_GCA_027080775	Thermoproteota	Thermoprotei_A	Calypsonella navitae
GB_GCA_945861715	Nanobdellota	Nanobdellia	CAMAVK01 sp945861715
GB_GCA_963582685	Thermoplasmatota	Poseidoniia	CAUZSM01 sp963582685
GB_GCA_964012725	Nanobdellota	Nanobdellia	CAXGTL01 sp964012725
GB_GCA_031852275	Halobacteriota	Halobacteria	CCL63 sp031852275
GB_GCA_958295735	Thermoproteota	Nitrososphaeria	Cenarchaeum sp958295735
GB_GCA_000200715	Thermoproteota	Nitrososphaeria	Cenarchaeum symbiosum
GB_GCA_002779595	Nanobdellota	Nanobdellia	CG07-land sp002779595
GB_GCA_016931175	Nanobdellota	Nanobdellia	CG07-land sp016931175
GB_GCA_002762865	Nanobdellota	Nanobdellia	CG1-02-33-12 sp002762865
GB_GCA_017609385	Nanobdellota	Nanobdellia	CG1-02-33-12 sp017609385
GB_GCA_018897235	Nanobdellota	Nanobdellia	CG1-02-33-12 sp018819345
GB_GCA_038999265	Aenigmatarchaeota	Aenigmatarchaeia	CG10238-14 sp038999265
GB_GCA_002788615	Nanobdellota	Nanobdellia	CG1-02-39-14 sp001872315
GB_GCA_002763335	Nanobdellota	Nanobdellia	CG1-02-47-18 sp002763335
GB_GCA_001871475	Micrarchaeota	Micrarchaeia	CG1-02-47-40 sp001871475
GB_GCA_964004395	Thermoplasmatota	Poseidoniia	CG-Epi1 sp002506485
GB_GCA_029250505	Thermoplasmatota	Poseidoniia	CG-Epi1 sp014240055
GB_GCA_950073365	Thermoplasmatota	Poseidoniia	CG-Epi1 sp015658585
GB_GCA_029936395	Thermoplasmatota	Poseidoniia	CG-Epi1 sp029936395
GB_GCA_029941645	Thermoplasmatota	Poseidoniia	CG-Epi1 sp029941645
GB_GCA_963580065	Thermoplasmatota	Poseidoniia	CG-Epi1 sp963577905
GB_GCA_018814355	Thermoplasmatota	Thermoplasmata	COMBO-56-21 sp018814355
GB_GCA_020725925	Thermoplasmatota	Thermoplasmata	COMBO-56-21 sp020725925
GB_GCA_041494275	Thermoplasmatota	Thermoplasmata	COMBO-56-21 sp041494275
RS_GCF_013340765	Thermoproteota	Nitrososphaeria	Conexivisphaera calida
GB_GCA_030756755	Thermoproteota	Nitrososphaeria	Conexivisphaera sp023256385
GB_GCA_040878405	Thermoproteota	Nitrososphaeria	CSP1-1 sp001443365
GB_GCA_963919815	Thermoproteota	Nitrososphaeria	CSP1-1 sp016276965
GB_GCA_963919885	Thermoproteota	Nitrososphaeria	CSP1-1 sp022573065
GB_GCA_032128215	Thermoproteota	Nitrososphaeria	CSP1-1 sp032128215
GB_GCA_035620615	Thermoproteota	Nitrososphaeria	CSP1-1 sp035620615
GB_GCA_025060975	Thermoproteota	Methanomethylicia	Culexarchaeum nevadense
GB_GCA_020833005	Thermoproteota	Methanomethylicia	Culexarchaeum sp020833005
GB_GCA_038888655	Thermoproteota	Methanomethylicia	Culexarchaeum sp038727515
GB_GCA_024707015	Thermoproteota	Methanomethylicia	Culexarchaeum yellowstonense
GB_GCA_025061095	Thermoproteota	Methanomethylicia	Culexmicrobium_B thermophilum
RS_GCF_900090055	Thermoplasmatota	Thermoplasmata	Cuniculiplasma divulgatum
GB_GCA_021794355	Thermoplasmatota	Thermoplasmata	Cuniculiplasma sp021794355
GB_GCA_027310185	Thermoplasmatota	Thermoplasmata	Cuniculiplasma sp021816385
GB_GCA_027349105	Thermoplasmatota	Thermoplasmata	Cuniculiplasma sp021816745
GB_GCA_027343905	Thermoplasmatota	Thermoplasmata	Cuniculiplasma sp021820525
GB_GCA_021846465	Thermoplasmatota	Thermoplasmata	Cuniculiplasma sp023381355
GB_GCA_027316645	Thermoplasmatota	Thermoplasmata	Cuniculiplasma sp027316895
GB_GCA_041661025	Micrarchaeota	Micrarchaeia	DAHXMR01 sp041661025
GB_GCA_036171435	Aenigmatarchaeota	Aenigmatarchaeia	DAIDAN01 sp036171435
GB_GCA_035548435	Nanobdellota	Nanobdellia	DAIEOU01 sp035548435
GB_GCA_036787775	Nanobdellota	Nanobdellia	DAIQOR01 sp036787775
GB_GCA_036803625	Thermoplasmatota	Thermoplasmata	DAIRED01 sp036795795
GB_GCA_035363095	Nanobdellota	Nanobdellia	DAOSEK01 sp035363095
GB_GCA_034659935	Halobacteriota	Methanomicrobia	DAOVRB01 sp034659935
GB_GCA_026016245	Nanobdellota	Nanobdellia	DAOWHW01 sp026016245
GB_GCA_032906765	Thermoproteota	Nitrososphaeria	DASPPF01 sp032906765
GB_GCA_041481365	Thermoproteota	Bathyarchaeia	DASPTR01 sp041481365
GB_GCA_035643635	Thermoproteota	Nitrososphaeria	DASQQB01 sp035643635
GB_GCA_036504055	Thermoplasmatota	Thermoplasmata	DASXVU01 sp036504055
GB_GCA_035291225	Aenigmatarchaeota	Aenigmatarchaeia	DATDSO01 sp035291225
GB_GCA_035290865	Nanobdellota	Nanobdellia	DATDTM01 sp035290865
GB_GCA_035290625	Nanobdellota	Nanobdellia	DATDTY01 sp035290625
GB_GCA_035289845	Nanobdellota	Nanobdellia	DATDWB01 sp035289845
GB_GCA_035289425	Nanobdellota	Nanobdellia	DATDXC01 sp035289425
GB_GCA_035289205	Aenigmatarchaeota	Aenigmatarchaeia	DATDXV01 sp035289205
GB_GCA_035289045	Nanobdellota	Nanobdellia	DATDYH01 sp035289045
GB_GCA_035289005	Nanobdellota	Nanobdellia	DATDYN01 sp035289005
GB_GCA_035288565	Iainarchaeota	Iainarchaeia	DATDZZ01 sp035288565
GB_GCA_035283785	Nanobdellota	Nanobdellia	DATETG01 sp035283785
GB_GCA_035283685	Thermoproteota	Bathyarchaeia	DATETJ01 sp035283685
GB_GCA_035269625	Halobacteriota	Halobacteria	DATFIX01 sp035269625
GB_GCA_035299465	Nanobdellota	Nanobdellia	DATGWN01 sp035299465
GB_GCA_035622335	Thermoproteota	Nitrososphaeria	DATJAJ01 sp035622335
GB_GCA_035541015	Thermoplasmatota	SW-10-69-26	DATLFM01 sp035541015
GB_GCA_035540375	Thermoplasmatota	SW-10-69-26	DATLGO01 sp035540375
RS_GCF_000231015	Thermoproteota	Thermoprotei_A	Desulfurococcus amylolyticus
RS_GCF_000186365	Thermoproteota	Thermoprotei_A	Desulfurococcus mucosus
GB_GCA_026626905	Thermoproteota	Thermoprotei_A	Desulfurococcus sp026626905
RS_GCF_038881575	Thermoproteota	Thermoprotei_A	Desulfurococcus sp038881575
GB_GCA_009619155	Hadarchaeota	Hadarchaeia	DG-33 sp004375695
GB_GCA_030637345	Hadarchaeota	Hadarchaeia	DG-33 sp023129675
GB_GCA_041862315	Hadarchaeota	Hadarchaeia	DG-33 sp029880065
GB_GCA_020793555	Halobacteriota	Methanosarcinia	DQIP01 sp020793555
GB_GCA_020793565	Halobacteriota	Methanosarcinia	DQIP01 sp020793565
GB_GCA_029211045	Halobacteriota	Methanosarcinia	DQIP01 sp023544565
GB_GCA_030611265	Halobacteriota	Methanosarcinia	DQIP01 sp030611265
GB_GCA_027491415	Korarchaeota	Korarchaeia	DRBY01 sp027491415
GB_GCA_027492205	Korarchaeota	Korarchaeia	DRBY01 sp027492205
GB_GCA_016838845	Thermoproteota	Nitrososphaeria	DRGT01 sp016838845
GB_GCA_022564515	Thermoproteota	Nitrososphaeria	DRGT01 sp022564515
GB_GCA_035685445	Thermoproteota	Nitrososphaeria	DRGT01 sp035685445
GB_GCA_011052825	Thermoplasmatota	E2	DRIF01 sp011052825
GB_GCA_018396705	Thermoproteota	Bathyarchaeia	DRVP01 sp018396705
GB_GCA_038727585	Thermoproteota	Bathyarchaeia	DRVP01 sp018396875
GB_GCA_025059195	Thermoproteota	Bathyarchaeia	DRVP01 sp025059195
GB_GCA_038728085	Thermoproteota	Bathyarchaeia	DRVP01 sp038728085
GB_GCA_038817995	Thermoproteota	Bathyarchaeia	DRVP01 sp038817995
GB_GCA_038843545	Thermoproteota	Bathyarchaeia	DRVP01 sp038843545
GB_GCA_026414145	Thermoproteota	Bathyarchaeia	DRVV01 sp025058315
GB_GCA_018396535	Thermoproteota	Bathyarchaeia	DRYS01 sp018396535
GB_GCA_033581435	Thermoproteota	Bathyarchaeia	DRYS01 sp025058595
GB_GCA_023255955	Thermoproteota	Thermoprotei_A	DRZP01 sp023255955
GB_GCA_038879695	Thermoproteota	Thermoprotei_A	DRZP01 sp030550455
GB_GCA_011045925	Nanobdellota	Nanobdellia	DSBS01 sp011045925
GB_GCA_011049295	Thermoplasmatota	E2	DSCA01 sp011049295
GB_GCA_011048835	Halobacteriota	Methanomicrobia	DSDF01 sp011048835
GB_GCA_029762625	Halobacteriota	Methanomicrobia	DSDF01 sp029762625
GB_GCA_021324265	Thermoproteota	Thermoprotei	DSFO01 sp021324265
GB_GCA_032249235	Thermoproteota	Thermoprotei	DSFO01 sp032249235
GB_GCA_041640715	Thermoproteota	Thermoprotei	DSFO01 sp041640715
GB_GCA_019685655	Thermoproteota	Bathyarchaeia	DSLH01 sp019685655
GB_GCA_038870575	Thermoproteota	Bathyarchaeia	DSLH01 sp038873195
GB_GCA_016203225	Nanobdellota	Nanobdellia	DSQK01 sp016203225
GB_GCA_035476335	Nanobdellota	Nanobdellia	DSQK01 sp035476335
GB_GCA_041488275	Nanobdellota	Nanobdellia	DSQK01 sp041488275
GB_GCA_038733455	Thermoproteota	Bathyarchaeia	DSZD01 sp018396935
GB_GCA_020833325	Thermoproteota	Thermoprotei_A	DSZV01 sp020833325
GB_GCA_033582155	Thermoproteota	Thermoprotei_A	DSZV01 sp025058835
GB_GCA_026413755	Thermoproteota	Thermoprotei_A	DSZV01 sp026413755
GB_GCA_029335875	Thermoproteota	Thermoprotei_A	DSZV01 sp029335875
GB_GCA_038887095	Thermoproteota	Thermoprotei_A	DSZV01 sp030549835
GB_GCA_039630105	Thermoproteota	Thermoprotei_A	DSZV01 sp039630105
GB_GCA_038846665	Asgardarchaeota	Jordiarchaeia	DTBI01 sp019057715
GB_GCA_038889235	Asgardarchaeota	Jordiarchaeia	DTBI01 sp038889235
GB_GCA_038844685	Thermoproteota	Bathyarchaeia	DTBU01 sp038870975
GB_GCA_038879735	Thermoproteota	Thermoprotei_A	DTCV01 sp020832985
GB_GCA_026413615	Thermoproteota	Thermoprotei_A	DTCV01 sp025058345
GB_GCA_038863035	Thermoproteota	Thermoprotei_A	DTCV01 sp038831135
GB_GCA_038824525	Thermoproteota	Thermoprotei_A	DTCV01 sp038844925
GB_GCA_038852005	Thermoproteota	Bathyarchaeia	DTDX01 sp018396775
GB_GCA_038866675	Thermoproteota	Bathyarchaeia	DTDX01 sp018396815
GB_GCA_038820435	Thermoproteota	Bathyarchaeia	DTEX01 sp018396405
GB_GCA_018396635	Thermoproteota	Bathyarchaeia	DTEX01 sp018396635
GB_GCA_018396655	Thermoproteota	Bathyarchaeia	DTEX01 sp018396655
GB_GCA_018396975	Thermoproteota	Bathyarchaeia	DTEX01 sp018396975
GB_GCA_038822555	Thermoproteota	Bathyarchaeia	DTEX01 sp018396995
GB_GCA_038840855	Thermoproteota	Bathyarchaeia	DTEX01 sp038817885
GB_GCA_038820405	Thermoproteota	Bathyarchaeia	DTEX01 sp038820405
GB_GCA_038818175	Thermoproteota	Bathyarchaeia	DTEX01 sp038859955
GB_GCA_038829625	Thermoproteota	Bathyarchaeia	DTEX01 sp038866525
GB_GCA_038867895	Thermoproteota	Bathyarchaeia	DTEX01 sp038867895
GB_GCA_038868075	Thermoproteota	Bathyarchaeia	DTEX01 sp038868075
GB_GCA_038864095	Thermoproteota	Bathyarchaeia	DTEX01 sp038882715
GB_GCA_038841375	Thermoproteota	Bathyarchaeia	DTEX01 sp038897035
GB_GCA_938091805	Thermoproteota	Bathyarchaeia	DTEX01 sp938091805
GB_GCA_018396725	Thermoproteota	Bathyarchaeia	DTGE01 sp018396725
GB_GCA_038825355	Thermoproteota	Bathyarchaeia	DTGE01 sp038825355
GB_GCA_021163505	Iainarchaeota	Iainarchaeia	DTGL01 sp021163505
GB_GCA_026413945	Iainarchaeota	Iainarchaeia	DTGL01 sp026413945
GB_GCA_029258755	Iainarchaeota	Iainarchaeia	DTGL01 sp029258755
GB_GCA_038895395	Iainarchaeota	Iainarchaeia	DTGL01 sp038895395
GB_GCA_018396915	Thermoproteota	Bathyarchaeia	DTMT01 sp018396915
GB_GCA_020723065	Micrarchaeota	Micrarchaeia	DTQF01 sp020723065
GB_GCA_038881595	Micrarchaeota	Micrarchaeia	DTQF01 sp038881595
GB_GCA_001421185	Thermoplasmatota	Thermoplasmata	DTU008 sp001421185
GB_GCA_029780995	Thermoplasmatota	Thermoplasmata	DTU008 sp001512965
GB_GCA_036750675	Thermoplasmatota	Thermoplasmata	DTU008 sp002504525
GB_GCA_012518185	Thermoplasmatota	Thermoplasmata	DTU008 sp012518185
GB_GCA_019056805	Asgardarchaeota	Baldrarchaeia	DXJG01 sp019056805
GB_GCA_020725055	Hadarchaeota	Hadarchaeia	DYFS01 sp020725055
GB_GCA_020723935	SpSt-1190	SpSt-1190	DYHY01 sp020723935
GB_GCA_020723045	Micrarchaeota	Micrarchaeia	DYJQ01 sp020723045
GB_GCA_020725895	Hadarchaeota	Hadarchaeia	DYTO01 sp020725895
GB_GCA_029259175	Hadarchaeota	Hadarchaeia	DYTO01 sp029259175
GB_GCA_038822855	Hadarchaeota	Hadarchaeia	DYTO01 sp038823825
GB_GCA_038872135	Hadarchaeota	Hadarchaeia	DYTO01 sp038872135
GB_GCA_020029475	Thermoplasmatota	Thermoplasmata	EA-19 sp020029475
GB_GCA_035283985	Thermoplasmatota	Thermoplasmata	EA-19 sp035283985
GB_GCA_003019535	Thermoproteota	Thermoprotei_A	ECH-B-1 sp003019535
GB_GCA_029258915	Thermoproteota	Thermoprotei_A	EX4484-217-1 sp029258915
GB_GCA_029259275	Thermoproteota	Bathyarchaeia	EX4484-218 sp002254975
GB_GCA_003661965	Thermoproteota	Bathyarchaeia	EX4484-218 sp003661965
GB_GCA_029932465	Thermoplasmatota	EX4484-6	EX4484-36 sp002254765
GB_GCA_029933835	Thermoplasmatota	EX4484-6	EX4484-6 sp002254385
GB_GCA_030595715	Thermoplasmatota	EX4484-6	EX4484-6 sp030595715
GB_GCA_041659445	Nanobdellota	Nanobdellia	EX4484-71 sp041659445
GB_GCA_029939595	Thermoplasmatota	E2	EX4572-165 sp002254885
GB_GCA_018334795	Thermoplasmatota	E2	EX4572-165 sp018334795
GB_GCA_029762575	Thermoplasmatota	E2	EX4572-165 sp029762575
GB_GCA_905171695	Halobacteriota	Methanosarcinia	EX4572-44 sp905171695
GB_GCA_003135935	Thermoplasmatota	Thermoplasmata	FEN-33 sp003135935
GB_GCA_003162615	Halobacteriota	Methanosarcinia	Fen-7 sp003162615
GB_GCA_041494285	Halobacteriota	Methanosarcinia	Fen-7 sp041494285
GB_GCA_013426015	Micrarchaeota	Micrarchaeia	Fermentimicrarchaeum limneticum
GB_GCA_026396385	Micrarchaeota	Micrarchaeia	Fermentimicrarchaeum sp026396385
GB_GCA_026396455	Micrarchaeota	Micrarchaeia	Fermentimicrarchaeum sp026396455
RS_GCF_000025505	Halobacteriota	Archaeoglobi	Ferroglobus placidus
RS_GCF_015521575	Halobacteriota	Archaeoglobi	Ferroglobus sp015520115
RS_GCF_002078355	Thermoplasmatota	Thermoplasmata	Ferroplasma acidiphilum
GB_GCA_027375225	Thermoplasmatota	Thermoplasmata	Ferroplasma sp002505185
GB_GCA_027375975	Thermoplasmatota	Thermoplasmata	Ferroplasma sp021797555
GB_GCA_027365615	Thermoplasmatota	Thermoplasmata	Ferroplasma sp021797735
GB_GCA_027344325	Thermoplasmatota	Thermoplasmata	Ferroplasma sp021802205
GB_GCA_027375835	Thermoplasmatota	Thermoplasmata	Ferroplasma sp021806235
GB_GCA_021806295	Thermoplasmatota	Thermoplasmata	Ferroplasma sp021806295
GB_GCA_021820565	Thermoplasmatota	Thermoplasmata	Ferroplasma sp021820565
RS_GCF_031200575	Thermoplasmatota	Thermoplasmata	Ferroplasma sp031200575
RS_GCF_037442045	Thermoplasmatota	Thermoplasmata	Ferroplasma sp037442045
GB_GCA_038729085	Thermoplasmatota	Thermoplasmata	Ferroplasma sp038729085
RS_GCF_000258425	Thermoproteota	Thermoprotei_A	Fervidicoccus fontis
GB_GCA_009993905	Iainarchaeota	Iainarchaeia	Forterrea multitransposorum
GB_GCA_023230325	Iainarchaeota	Iainarchaeia	Forterrea sp023230325
GB_GCA_029856875	Asgardarchaeota	Jordiarchaeia	Freyrarchaeum sp029258835
GB_GCA_019057355	Asgardarchaeota	Lokiarchaeia	FT1-020 sp019057355
GB_GCA_003194435	Halobacteriota	Syntropharchaeia	G60ANME1 sp003194435
GB_GCA_026133965	Halobacteriota	Syntropharchaeia	G60ANME1 sp021159465
GB_GCA_025464275	Halobacteriota	Syntropharchaeia	G60ANME1 sp025464275
GB_GCA_025464385	Halobacteriota	Syntropharchaeia	G60ANME1 sp025464325
GB_GCA_000496135	Thermoplasmatota	Thermoplasmata	GCA-000496135 sp000496135
GB_GCA_027330885	Thermoplasmatota	Thermoplasmata	GCA-000496135 sp021818675
GB_GCA_001856825	Thermoplasmatota	Thermoplasmata	GCA-001856825 sp001856825
GB_GCA_021792255	Thermoplasmatota	Thermoplasmata	GCA-001856825 sp021792255
GB_GCA_028063715	Thermoplasmatota	Thermoplasmata	GCA-001856825 sp021827945
GB_GCA_026127935	Thermoplasmatota	Thermoplasmata	GCA-001856825 sp026127935
GB_GCA_038729485	Thermoplasmatota	Thermoplasmata	GCA-001856825 sp038729485
GB_GCA_038877895	Thermoplasmatota	Thermoplasmata	GCA-001856825 sp038734825
GB_GCA_002792115	Nanobdellota	Nanobdellia	GCA-002792115 sp002792115
GB_GCA_030615265	Thermoproteota	Bathyarchaeia	GCA-020344715 sp030615265
GB_GCA_020351305	Thermoproteota	Bathyarchaeia	GCA-020351305 sp020351305
GB_GCA_020352645	Thermoproteota	Bathyarchaeia	GCA-020352645 sp020352645
GB_GCA_020354575	Thermoproteota	Bathyarchaeia	GCA-020354575 sp020354575
GB_GCA_023898365	Nanobdellota	Nanobdellia	GCA-023898365 sp023898365
GB_GCA_016432305	Nanobdellota	Nanobdellia	GCA-16432305 sp016432305
GB_GCA_002685855	Nanobdellota	Nanobdellia	GCA-2685855 sp002685855
GB_GCA_013202845	Nanobdellota	Nanobdellia	GCA-2686295 sp013202845
GB_GCA_014384375	Nanobdellota	Nanobdellia	GCA-2686295 sp014384375
GB_GCA_018819945	Nanobdellota	Nanobdellia	GCA-2686295 sp018819065
GB_GCA_937890455	Nanobdellota	Nanobdellia	GCA-2687275 sp002687275
GB_GCA_030750235	Nanobdellota	Nanobdellia	GCA-2687275 sp030750765
GB_GCA_030753365	Nanobdellota	Nanobdellia	GCA-2687795 sp030753365
GB_GCA_018670085	Nanobdellota	Nanobdellia	GCA-2688265 sp018670085
GB_GCA_018697095	Nanobdellota	Nanobdellia	GCA-2688265 sp018697095
GB_GCA_002688355	Nanobdellota	Nanobdellia	GCA-2688355 sp002688355
GB_GCA_016177615	Nanobdellota	Nanobdellia	GCA-2688775 sp016177615
GB_GCA_016185755	Nanobdellota	Nanobdellia	GCA-2688775 sp016185755
GB_GCA_016185945	Nanobdellota	Nanobdellia	GCA-2688775 sp016185945
GB_GCA_016187465	Nanobdellota	Nanobdellia	GCA-2688775 sp016187465
GB_GCA_016188245	Nanobdellota	Nanobdellia	GCA-2688775 sp016188245
GB_GCA_018303685	Nanobdellota	Nanobdellia	GCA-2688775 sp018303685
GB_GCA_035288865	Nanobdellota	Nanobdellia	GCA-2688775 sp035288865
GB_GCA_036012845	Nanobdellota	Nanobdellia	GCA-2688925 sp002688925
GB_GCA_026014875	Thermoproteota	Bathyarchaeia	GCA-2726865 sp026014875
GB_GCA_030739585	Thermoproteota	Bathyarchaeia	GCA-2726865 sp030739585
GB_GCA_000965745	Thermoplasmatota	Thermoplasmata	GCA-965745 sp000965745
GB_GCA_023539555	Thermoproteota	Nitrososphaeria_A	Geocrenenecus arthurdayi
GB_GCA_038887275	Thermoproteota	Nitrososphaeria_A	Geocrenenecus dongiae
GB_GCA_038874635	Thermoproteota	Nitrososphaeria_A	Geocrenenecus huangii
GB_GCA_023269855	Thermoproteota	Nitrososphaeria_A	Geocrenenecus sp023269855
GB_GCA_026413845	Thermoproteota	Nitrososphaeria_A	Geocrenenecus sp025058515
GB_GCA_039630055	Thermoproteota	Nitrososphaeria_A	Geocrenenecus sp039630055
GB_GCA_015163485	Halobacteriota	Archaeoglobi	Geoglobus acetivorans
RS_GCF_000789255	Halobacteriota	Archaeoglobi	Geoglobus acetivorans_B
RS_GCF_001006045	Halobacteriota	Archaeoglobi	Geoglobus ahangari
GB_GCA_004366975	Halobacteriota	Archaeoglobi	Geoglobus sp002494725
GB_GCA_027021555	Halobacteriota	Archaeoglobi	Geoglobus sp015522195
GB_GCA_015523645	Halobacteriota	Archaeoglobi	Geoglobus sp015523645
GB_GCA_013138805	EX4484-52	EX4484-52	GLR71 sp013138805
GB_GCA_019429125	EX4484-52	EX4484-52	GLR71 sp019429125
GB_GCA_902384795	Micrarchaeota	Micrarchaeia	Gugararchaeum adminiculabundum
GB_GCA_000830275	Iainarchaeota	Iainarchaeia	GW2011-AR10 sp000830275
GB_GCA_000830295	Nanobdellota	Nanobdellia	GW2011-AR15 sp000830295
GB_GCA_963981145	Nanobdellota	Nanobdellia	GW2011-AR15 sp018657065
GB_GCA_016235495	Nanobdellota	Nanobdellia	GW2011-AR17 sp016235495
GB_GCA_030697685	Nanobdellota	Nanobdellia	GW2011-AR17 sp030697685
GB_GCA_013330555	Nanobdellota	Nanobdellia	GW2011-AR17 sp10136u
GB_GCA_013331775	Nanobdellota	Nanobdellia	GW2011-AR18 sp000806155
GB_GCA_018303925	Nanobdellota	Nanobdellia	GW2011-AR1 sp018303925
GB_GCA_036833455	Nanobdellota	Nanobdellia	GW2011-AR1 sp937982425
GB_GCA_000830315	Nanobdellota	Nanobdellia	GW2011-AR20 sp000830315
GB_GCA_028279825	Aenigmatarchaeota	Aenigmatarchaeia	GW2011-AR5 sp028279825
GB_GCA_013331635	Nanobdellota	Nanobdellia	GW2011-AR9 sp10194u
GB_GCA_014361095	Hadarchaeota	Hadarchaeia	Hadarchaeum sp014361095
GB_GCA_038874155	Hadarchaeota	Hadarchaeia	Hadarchaeum sp038871235
GB_GCA_001515205	Hadarchaeota	Hadarchaeia	Hadarchaeum yellowstonense
GB_GCA_025920425	Nanobdellota	Nanobdellia	Haiyanarchaeum thermophilum
GB_GCA_019594055	Thermoplasmatota	Thermoplasmata	Haladaptatiplasma halalkaliphilum
GB_GCA_003559355	Thermoplasmatota	Thermoplasmata	Haladaptatiplasma sp007129655
GB_GCA_019594305	Thermoplasmatota	Thermoplasmata	Haladaptatiplasma sp019594305
RS_GCF_026248685	Halobacteriota	Halobacteria	Haladaptatus caseinilyticus
RS_GCF_000710615	Halobacteriota	Halobacteria	Haladaptatus cibarius
RS_GCF_000187225	Halobacteriota	Halobacteria	Haladaptatus paucihalophilus
RS_GCF_001625445	Halobacteriota	Halobacteria	Haladaptatus sp001625445
RS_GCF_002952775	Halobacteriota	Halobacteria	Halalkaliarchaeum desulfuricum
RS_GCF_031432225	Halobacteriota	Halobacteria	Halalkaliarchaeum sp024972735
RS_GCF_000485535	Halobacteriota	Halobacteria	Halalkalicoccus jeotgali
RS_GCF_001593955	Halobacteriota	Halobacteria	Halalkalicoccus paucihalophilus
RS_GCF_030287405	Halobacteriota	Halobacteria	Halalkalicoccus sp030287405
RS_GCF_037081695	Halobacteriota	Halobacteria	Halalkalicoccus sp036584055
RS_GCF_037081715	Halobacteriota	Halobacteria	Halalkalicoccus sp037081715
RS_GCF_003697815	Halobacteriota	Halobacteria	Halalkalicoccus subterraneus
RS_GCF_037996645	Halobacteriota	Halobacteria	Halalkalicoccus tibetensis
RS_GCF_005543295	Halobacteriota	Halobacteria	Halalkalirubrum salinum
GB_GCA_005239175	Halobacteriota	Halobacteria	Halalkalirubrum sp005239175
RS_GCF_024972755	Halobacteriota	Halobacteria	Halanaeroarchaeum sp024972755
RS_GCF_001305655	Halobacteriota	Halobacteria	Halanaeroarchaeum sulfurireducens
RS_GCF_017094525	Halobacteriota	Halobacteria	Halapricum desulfuricans
RS_GCF_025517535	Halobacteriota	Halobacteria	Halapricum hydrolyticum
RS_GCF_000755225	Halobacteriota	Halobacteria	Halapricum salinum
RS_GCF_017094465	Halobacteriota	Halobacteria	Halapricum sp017094465
RS_GCF_017094505	Halobacteriota	Halobacteria	Halapricum sp017094505
GB_GCA_003560595	Thermoplasmatota	Thermoplasmata	Halarchaeoplasma sp003560595
RS_GCF_003721175	Halobacteriota	Halobacteria	Halarchaeum grantii
RS_GCF_014647155	Halobacteriota	Halobacteria	Halarchaeum nitratireducens
RS_GCF_017873775	Halobacteriota	Halobacteria	Halarchaeum rubridurum
RS_GCF_039520965	Halobacteriota	Halobacteria	Halarchaeum salinum
RS_GCF_002844195	Halobacteriota	Halobacteria	Halegenticoccus soli
RS_GCF_026616195	Halobacteriota	Halobacteria	Haloarchaeobius amylolyticus
RS_GCF_900103505	Halobacteriota	Halobacteria	Haloarchaeobius iranensis
RS_GCF_024495425	Halobacteriota	Halobacteria	Haloarchaeobius litoreus
RS_GCF_024464185	Halobacteriota	Halobacteria	Haloarchaeobius salinus
RS_GCF_024609245	Halobacteriota	Halobacteria	Haloarchaeobius sp024609245
RS_GCF_025399835	Halobacteriota	Halobacteria	Haloarchaeobius sp025399835
RS_GCF_037078395	Halobacteriota	Halobacteria	Haloarcula amylolytica
RS_GCF_032905985	Halobacteriota	Halobacteria	Haloarcula argentinensis
RS_GCF_029338255	Halobacteriota	Halobacteria	Haloarcula halobia
RS_GCF_029278565	Halobacteriota	Halobacteria	Haloarcula halophila
RS_GCF_001647155	Halobacteriota	Halobacteria	Haloarcula hispanica
RS_GCF_000336635	Halobacteriota	Halobacteria	Haloarcula japonica
RS_GCF_029530365	Halobacteriota	Halobacteria	Haloarcula laminariae
RS_GCF_019061235	Halobacteriota	Halobacteria	Haloarcula limicola
RS_GCF_029338195	Halobacteriota	Halobacteria	Haloarcula litorea
RS_GCF_005406125	Halobacteriota	Halobacteria	Haloarcula mannanilytica
RS_GCF_024218815	Halobacteriota	Halobacteria	Haloarcula marina
RS_GCF_003634715	Halobacteriota	Halobacteria	Haloarcula marismortui
RS_GCF_029338275	Halobacteriota	Halobacteria	Haloarcula ordinaria
RS_GCF_030127105	Halobacteriota	Halobacteria	Haloarcula pelagica
RS_GCF_031624555	Halobacteriota	Halobacteria	Haloarcula pellucida
RS_GCF_029338235	Halobacteriota	Halobacteria	Haloarcula rara
RS_GCF_019599465	Halobacteriota	Halobacteria	Haloarcula rubra
RS_GCF_001280425	Halobacteriota	Halobacteria	Haloarcula rubripromontorii
RS_GCF_010119195	Halobacteriota	Halobacteria	Haloarcula salina
RS_GCF_019599405	Halobacteriota	Halobacteria	Haloarcula salinisoli
RS_GCF_031624395	Halobacteriota	Halobacteria	Haloarcula saliterrae
RS_GCF_014647415	Halobacteriota	Halobacteria	Haloarcula sebkhae
RS_GCF_001485575	Halobacteriota	Halobacteria	Haloarcula sp001485575
RS_GCF_008729005	Halobacteriota	Halobacteria	Haloarcula sp008729015
RS_GCF_029338315	Halobacteriota	Halobacteria	Haloarcula sp029338315
RS_GCF_030848575	Halobacteriota	Halobacteria	Haloarcula sp030848575
RS_GCF_035656455	Halobacteriota	Halobacteria	Haloarcula sp035656455
RS_GCF_037078405	Halobacteriota	Halobacteria	Haloarcula sp037078405
RS_GCF_003666065	Halobacteriota	Halobacteria	Haloarcula taiwanensis
RS_GCF_031624315	Halobacteriota	Halobacteria	Haloarcula terrestris
RS_GCF_000337775	Halobacteriota	Halobacteria	Haloarcula vallismortis
RS_GCF_009831555	Halobacteriota	Halobacteria	Halobacterium bonnevillei
RS_GCF_040435975	Halobacteriota	Halobacteria	Halobacterium hubeiense
RS_GCF_900110535	Halobacteriota	Halobacteria	Halobacterium jilantaiense
RS_GCF_021233415	Halobacteriota	Halobacteria	Halobacterium litoreum
RS_GCF_021233435	Halobacteriota	Halobacteria	Halobacterium noricense
RS_GCF_021729015	Halobacteriota	Halobacteria	Halobacterium rubrum
RS_GCF_000069025	Halobacteriota	Halobacteria	Halobacterium salinarum
GB_GCA_000230955	Halobacteriota	Halobacteria	Halobacterium sp000230955
RS_GCF_001485535	Halobacteriota	Halobacteria	Halobacterium sp001485535
RS_GCF_011734195	Halobacteriota	Halobacteria	Halobacterium sp011734195
RS_GCF_021028995	Halobacteriota	Halobacteria	Halobacterium sp021028995
RS_GCF_021249345	Halobacteriota	Halobacteria	Halobacterium wangiae
RS_GCF_021249405	Halobacteriota	Halobacteria	Halobacterium zhouii
RS_GCF_900129775	Halobacteriota	Halobacteria	Halobaculum gomorrense
RS_GCF_030127145	Halobacteriota	Halobacteria	Halobaculum halobium
RS_GCF_029490015	Halobacteriota	Halobacteria	Halobaculum limi
RS_GCF_030127165	Halobacteriota	Halobacteria	Halobaculum lipolyticum
RS_GCF_019823105	Halobacteriota	Halobacteria	Halobaculum magnesiiphilum
RS_GCF_029338555	Halobacteriota	Halobacteria	Halobaculum marinum
RS_GCF_019880245	Halobacteriota	Halobacteria	Halobaculum roseum
RS_GCF_019880225	Halobacteriota	Halobacteria	Halobaculum rubrum
RS_GCF_009831625	Halobacteriota	Halobacteria	Halobaculum saliterrae
GB_GCA_003020945	Halobacteriota	Halobacteria	Halobaculum sp003020945
RS_GCF_021431925	Halobacteriota	Halobacteria	Halobaculum sp021431925
RS_GCF_040025155	Halobacteriota	Halobacteria	Halobaculum sp040025155
RS_GCF_007655485	Halobacteriota	Halobacteria	Halobellus captivus
RS_GCF_900107195	Halobacteriota	Halobacteria	Halobellus clavatus
RS_GCF_003665925	Halobacteriota	Halobacteria	Halobellus inordinatus
RS_GCF_900108165	Halobacteriota	Halobacteria	Halobellus limi
RS_GCF_024464595	Halobacteriota	Halobacteria	Halobellus litoreus
RS_GCF_024494595	Halobacteriota	Halobacteria	Halobellus rarus
RS_GCF_014212355	Halobacteriota	Halobacteria	Halobellus ruber
RS_GCF_000739575	Halobacteriota	Halobacteria	Halobellus rufus
RS_GCF_014646875	Halobacteriota	Halobacteria	Halobellus salinus
RS_GCF_031823395	Halobacteriota	Halobacteria	Halobellus sp031823395
RS_GCF_037031285	Halobacteriota	Halobacteria	Halobellus sp037031285
RS_GCF_041477585	Halobacteriota	Halobacteria	Halobellus sp041477585
RS_GCF_900112205	Halobacteriota	Halobacteria	Halobiforma haloterrestris
RS_GCF_000226975	Halobacteriota	Halobacteria	Halobiforma lacisalsi
RS_GCF_026586625	Halobacteriota	Halobacteria	Halobium salinum
RS_GCF_014647475	Halobacteriota	Halobacteria	Halocalculus aciditolerans
RS_GCF_027563145	Halobacteriota	Halobacteria	Halocatena halophilum
RS_GCF_025913575	Halobacteriota	Halobacteria	Halocatena marina
RS_GCF_003862495	Halobacteriota	Halobacteria	Halocatena pleomorpha
RS_GCF_023115355	Halobacteriota	Halobacteria	Halocatena salina
GB_GCA_025041175	Halobacteriota	Halobacteria	Halocatena sp025041175
GB_GCA_025041195	Halobacteriota	Halobacteria	Halocatena sp025041195
RS_GCF_003058365	Halobacteriota	Halobacteria	Halococcoides cellulosivorans
RS_GCF_000334895	Halobacteriota	Halobacteria	Halococcus agarilyticus
RS_GCF_000336675	Halobacteriota	Halobacteria	Halococcus hamelinensis
RS_GCF_022870485	Halobacteriota	Halobacteria	Halococcus morrhuae
RS_GCF_024508235	Halobacteriota	Halobacteria	Halococcus qingdaonensis
RS_GCF_000336915	Halobacteriota	Halobacteria	Halococcus saccharolyticus
RS_GCF_028617175	Halobacteriota	Halobacteria	Halococcus salifodinae
RS_GCF_009900715	Halobacteriota	Halobacteria	Halococcus salsus
RS_GCF_000755245	Halobacteriota	Halobacteria	Halococcus sediminicola
GB_GCA_003021235	Halobacteriota	Halobacteria	Halococcus sp003021235
RS_GCF_000336715	Halobacteriota	Halobacteria	Halococcus thailandensis
RS_GCF_001886955	Halobacteriota	Halobacteria	Halodesulfurarchaeum formicicum
RS_GCF_036626455	Halobacteriota	Halobacteria	Halodesulfurarchaeum sp018334775
RS_GCF_031432215	Halobacteriota	Halobacteria	Halodesulfurarchaeum sp031432215
RS_GCF_014635105	Halobacteriota	Halobacteria	Haloferax denitrificans
RS_GCF_000336755	Halobacteriota	Halobacteria	Haloferax elongans
RS_GCF_000336775	Halobacteriota	Halobacteria	Haloferax gibbonsii
RS_GCF_000336955	Halobacteriota	Halobacteria	Haloferax larsenii
RS_GCF_008806815	Halobacteriota	Halobacteria	Haloferax litoreum
RS_GCF_008806915	Halobacteriota	Halobacteria	Haloferax marinisediminis
RS_GCF_009674625	Halobacteriota	Halobacteria	Haloferax marinum
RS_GCF_001469875	Halobacteriota	Halobacteria	Haloferax marisrubri
RS_GCF_031624535	Halobacteriota	Halobacteria	Haloferax massiliensis
RS_GCF_033843025	Halobacteriota	Halobacteria	Haloferax mediterranei
RS_GCF_000337815	Halobacteriota	Halobacteria	Haloferax mucosum
RS_GCF_003383085	Halobacteriota	Halobacteria	Haloferax prahovense
RS_GCF_001469865	Halobacteriota	Halobacteria	Haloferax profundi
RS_GCF_001482285	Halobacteriota	Halobacteria	Haloferax sp001482285
RS_GCF_003383095	Halobacteriota	Halobacteria	Haloferax sp003383095
RS_GCF_018420055	Halobacteriota	Halobacteria	Haloferax volcanii
RS_GCF_040679015	Halobacteriota	Halobacteria	Halogeometricum borinquense
RS_GCF_900115785	Halobacteriota	Halobacteria	Halogeometricum limi
RS_GCF_000337095	Halobacteriota	Halobacteria	Halogeometricum pallidum
RS_GCF_900112175	Halobacteriota	Halobacteria	Halogeometricum rufum
RS_GCF_031624495	Halobacteriota	Halobacteria	Halogeometricum sp031624495
RS_GCF_031624635	Halobacteriota	Halobacteria	Halogeometricum sp031624635
RS_GCF_007421925	Halobacteriota	Halobacteria	Haloglomus irregulare
RS_GCF_029338515	Halobacteriota	Halobacteria	Haloglomus litoreum
RS_GCF_024298825	Halobacteriota	Halobacteria	Haloglomus salinum
RS_GCF_900103715	Halobacteriota	Halobacteria	Halogranum gelatinilyticum
RS_GCF_900114455	Halobacteriota	Halobacteria	Halogranum rubrum
RS_GCF_900109065	Halobacteriota	Halobacteria	Halohasta litchfieldiae
RS_GCF_024494645	Halobacteriota	Halobacteria	Halohasta litorea
RS_GCF_024178165	Halobacteriota	Halobacteria	Halohasta salina
RS_GCF_026616205	Halobacteriota	Halobacteria	Halolamina litorea
RS_GCF_011627345	Halobacteriota	Halobacteria	Halolamina pelagica
RS_GCF_000739555	Halobacteriota	Halobacteria	Halolamina rubra
RS_GCF_017874235	Halobacteriota	Halobacteria	Halolamina salifodinae
RS_GCF_001282785	Halobacteriota	Halobacteria	Halolamina sediminis
GB_GCA_000224475	Halobacteriota	Halobacteria	Halolamina sp000224475
RS_GCF_002025255	Halobacteriota	Halobacteria	Halolamina sp002025255
RS_GCF_024227715	Halobacteriota	Halobacteria	Halomarina litorea
RS_GCF_030553305	Halobacteriota	Halobacteria	Halomarina ordinaria
RS_GCF_009791395	Halobacteriota	Halobacteria	Halomarina oriensis
RS_GCF_024228315	Halobacteriota	Halobacteria	Halomarina pelagica
RS_GCF_023699475	Halobacteriota	Halobacteria	Halomarina rubra
RS_GCF_023074835	Halobacteriota	Halobacteria	Halomarina salina
RS_GCF_000379085	Halobacteriota	Halobacteria	Halomicrobium katesii
RS_GCF_009217585	Halobacteriota	Halobacteria	Halomicrobium mukohataei
RS_GCF_020405185	Halobacteriota	Halobacteria	Halomicrobium salinisoli
RS_GCF_017612575	Halobacteriota	Halobacteria	Halomicrobium sp009617995
GB_GCA_025517465	Halobacteriota	Halobacteria	Halomicrobium sp025517465
RS_GCF_020217425	Halobacteriota	Halobacteria	Halomicrobium urmianum
RS_GCF_900114435	Halobacteriota	Halobacteria	Halomicrobium zhouii
RS_GCF_025517485	Halobacteriota	Halobacteria	Halomontanus mannanivorans
RS_GCF_017357405	Halobacteriota	Halobacteria	Halomontanus rarus
RS_GCF_003605575	Halobacteriota	Halobacteria	Halonotius aquaticus
RS_GCF_003605635	Halobacteriota	Halobacteria	Halonotius pteroides
RS_GCF_006861655	Halobacteriota	Halobacteria	Halonotius roseus
RS_GCF_006861665	Halobacteriota	Halobacteria	Halonotius terrestris
RS_GCF_001462205	Halobacteriota	Halobacteria	Haloparvum sedimenti
RS_GCF_900113245	Halobacteriota	Halobacteria	Halopelagius inordinatus
RS_GCF_900100875	Halobacteriota	Halobacteria	Halopelagius longus
RS_GCF_900108505	Halobacteriota	Halobacteria	Halopenitus malekzadehii
RS_GCF_900107205	Halobacteriota	Halobacteria	Halopenitus persicus
RS_GCF_002355635	Halobacteriota	Halobacteria	Halopenitus persicus_A
RS_GCF_041821145	Halobacteriota	Halobacteria	Halopenitus sp041821145
RS_GCF_000455345	Halobacteriota	Halobacteria	Halopiger_A goleimassiliensis
RS_GCF_003610195	Halobacteriota	Halobacteria	Halopiger aswanensis
RS_GCF_000455365	Halobacteriota	Halobacteria	Halopiger_B djelfimassiliensis
RS_GCF_000217715	Halobacteriota	Halobacteria	Halopiger xanaduensis
RS_GCF_003688715	Halobacteriota	Halobacteria	Haloplanus aerogenes
RS_GCF_000427685	Halobacteriota	Halobacteria	Haloplanus natans
RS_GCF_024494725	Halobacteriota	Halobacteria	Haloplanus ruber
RS_GCF_003342675	Halobacteriota	Halobacteria	Haloplanus rubicundus
RS_GCF_024498175	Halobacteriota	Halobacteria	Haloplanus salinarum
RS_GCF_003336245	Halobacteriota	Halobacteria	Haloplanus salinus
RS_GCF_023276355	Halobacteriota	Halobacteria	Haloplanus sp023276355
RS_GCF_023703775	Halobacteriota	Halobacteria	Haloplanus sp023703775
RS_GCF_023703795	Halobacteriota	Halobacteria	Haloplanus sp023703795
RS_GCF_037201915	Halobacteriota	Halobacteria	Haloplanus sp037201915
RS_GCF_900107665	Halobacteriota	Halobacteria	Haloplanus vescus
RS_GCF_020097835	Halobacteriota	Halobacteria	Haloprofundus halobius
RS_GCF_003439925	Halobacteriota	Halobacteria	Haloprofundus halophilus
RS_GCF_001469955	Halobacteriota	Halobacteria	Haloprofundus marisrubri
RS_GCF_020150815	Halobacteriota	Halobacteria	Haloprofundus salilacus
RS_GCF_020097815	Halobacteriota	Halobacteria	Haloprofundus salinisoli
RS_GCF_000237865	Halobacteriota	Halobacteria	Haloquadratum walsbyi
RS_GCF_000415985	Halobacteriota	Halobacteria	Haloquadratum walsbyi_B
RS_GCF_013401515	Halobacteriota	Halobacteria	Halorarum halophilum
RS_GCF_013402875	Halobacteriota	Halobacteria	Halorarum salinum
RS_GCF_032116555	Halobacteriota	Halobacteria	Halorarum sp032116555
RS_GCF_000495475	Halobacteriota	Halobacteria	Halorarum tyrrellense
RS_GCF_004944975	Halobacteriota	Halobacteria	Halorhabdus amylolytica
RS_GCF_900880625	Halobacteriota	Halobacteria	Halorhabdus rudnickae
RS_GCF_013839425	Halobacteriota	Halobacteria	Halorhabdus salina
RS_GCF_009797925	Halobacteriota	Halobacteria	Halorhabdus sp009690625
RS_GCF_029207715	Halobacteriota	Halobacteria	Halorhabdus sp029229925
RS_GCF_000470655	Halobacteriota	Halobacteria	Halorhabdus tiamatea
RS_GCF_000023945	Halobacteriota	Halobacteria	Halorhabdus utahensis
RS_GCF_023028225	Halobacteriota	Halobacteria	Halorientalis litorea
RS_GCF_004118325	Halobacteriota	Halobacteria	Halorientalis pallida
RS_GCF_900110215	Halobacteriota	Halobacteria	Halorientalis persica
RS_GCF_023698535	Halobacteriota	Halobacteria	Halorientalis regularis
RS_GCF_005049285	Halobacteriota	Halobacteria	Halorientalis salina
RS_GCF_001989615	Halobacteriota	Halobacteria	Halorientalis sp001989615
RS_GCF_028275115	Halobacteriota	Halobacteria	Halorientalis sp028275115
RS_GCF_037031225	Halobacteriota	Halobacteria	Halorientalis sp037031225
RS_GCF_037081675	Halobacteriota	Halobacteria	Halorubellus litoreus
RS_GCF_020567525	Halobacteriota	Halobacteria	Halorubellus salinus
RS_GCF_011440375	Halobacteriota	Halobacteria	Halorubellus sp011440375
RS_GCF_034808145	Halobacteriota	Halobacteria	Halorubellus sp034808145
RS_GCF_001542905	Halobacteriota	Halobacteria	Halorubrum aethiopicum
RS_GCF_000336995	Halobacteriota	Halobacteria	Halorubrum aidingense
RS_GCF_017873815	Halobacteriota	Halobacteria	Halorubrum alkaliphilum
RS_GCF_039522545	Halobacteriota	Halobacteria	Halorubrum aquaticum
RS_GCF_005435175	Halobacteriota	Halobacteria	Halorubrum californiense
RS_GCF_900182635	Halobacteriota	Halobacteria	Halorubrum cibi
RS_GCF_000337035	Halobacteriota	Halobacteria	Halorubrum coriense
RS_GCF_007671725	Halobacteriota	Halobacteria	Halorubrum depositum
RS_GCF_000337015	Halobacteriota	Halobacteria	Halorubrum distributum
RS_GCF_039522565	Halobacteriota	Halobacteria	Halorubrum ejinorense
RS_GCF_028329985	Halobacteriota	Halobacteria	Halorubrum ezzemoulense
RS_GCF_002252985	Halobacteriota	Halobacteria	Halorubrum halodurans
RS_GCF_000739595	Halobacteriota	Halobacteria	Halorubrum halophilum
RS_GCF_023702125	Halobacteriota	Halobacteria	Halorubrum hochsteinianum
RS_GCF_000337355	Halobacteriota	Halobacteria	Halorubrum kocurii
RS_GCF_021965275	Halobacteriota	Halobacteria	Halorubrum lacusprofundi
RS_GCF_000337375	Halobacteriota	Halobacteria	Halorubrum lipolyticum
RS_GCF_002727125	Halobacteriota	Halobacteria	Halorubrum persicum
RS_GCF_000296615	Halobacteriota	Halobacteria	Halorubrum ruber
RS_GCF_024494685	Halobacteriota	Halobacteria	Halorubrum rubrum
RS_GCF_000337915	Halobacteriota	Halobacteria	Halorubrum saccharovorum
RS_GCF_013267195	Halobacteriota	Halobacteria	Halorubrum salinarum
RS_GCF_024494575	Halobacteriota	Halobacteria	Halorubrum salinum
RS_GCF_002286985	Halobacteriota	Halobacteria	Halorubrum salipaludis
RS_GCF_007671685	Halobacteriota	Halobacteria	Halorubrum salsamenti
RS_GCF_005435015	Halobacteriota	Halobacteria	Halorubrum sodomense
RS_GCF_000746205	Halobacteriota	Halobacteria	Halorubrum sp000746205
RS_GCF_001261915	Halobacteriota	Halobacteria	Halorubrum sp001261915
RS_GCF_002252755	Halobacteriota	Halobacteria	Halorubrum sp002252755
RS_GCF_003287355	Halobacteriota	Halobacteria	Halorubrum sp003287355
RS_GCF_003666015	Halobacteriota	Halobacteria	Halorubrum sp003666015
RS_GCF_003697845	Halobacteriota	Halobacteria	Halorubrum sp003697845
RS_GCF_003721435	Halobacteriota	Halobacteria	Halorubrum sp003721435
RS_GCF_003781945	Halobacteriota	Halobacteria	Halorubrum sp003781945
RS_GCF_003990725	Halobacteriota	Halobacteria	Halorubrum sp003990725
RS_GCF_004114375	Halobacteriota	Halobacteria	Halorubrum sp004114375
RS_GCF_005435165	Halobacteriota	Halobacteria	Halorubrum sp005435165
RS_GCF_009806985	Halobacteriota	Halobacteria	Halorubrum sp009806985
RS_GCF_018623055	Halobacteriota	Halobacteria	Halorubrum sp018623055
RS_GCF_027257195	Halobacteriota	Halobacteria	Halorubrum sp027257195
GB_GCA_028275105	Halobacteriota	Halobacteria	Halorubrum sp028275105
RS_GCF_029889805	Halobacteriota	Halobacteria	Halorubrum sp029889805
RS_GCF_901686465	Halobacteriota	Halobacteria	Halorubrum sp901686465
RS_GCF_041379825	Halobacteriota	Halobacteria	Halorubrum sp937146585
RS_GCF_000337415	Halobacteriota	Halobacteria	Halorubrum tebenquichense
RS_GCF_017873555	Halobacteriota	Halobacteria	Halorubrum trapanicum
RS_GCF_002355655	Halobacteriota	Halobacteria	Halorubrum trapanicum_A
RS_GCF_003665955	Halobacteriota	Halobacteria	Halorubrum tropicale
RS_GCF_900188065	Halobacteriota	Halobacteria	Halorubrum vacuolatum
RS_GCF_900102375	Halobacteriota	Halobacteria	Halorubrum xinjiangense
RS_GCF_026586675	Halobacteriota	Halobacteria	Halorubrum yunnanense
RS_GCF_004143485	Halobacteriota	Halobacteria	Halorussus amylolyticus
RS_GCF_029338395	Halobacteriota	Halobacteria	Halorussus caseinilyticus
RS_GCF_023238445	Halobacteriota	Halobacteria	Halorussus gelatinilyticus
RS_GCF_008831545	Halobacteriota	Halobacteria	Halorussus halophilus
RS_GCF_023238205	Halobacteriota	Halobacteria	Halorussus limi
RS_GCF_029338375	Halobacteriota	Halobacteria	Halorussus lipolyticus
RS_GCF_003382685	Halobacteriota	Halobacteria	Halorussus litoreus
RS_GCF_004765795	Halobacteriota	Halobacteria	Halorussus marinus
RS_GCF_004087835	Halobacteriota	Halobacteria	Halorussus pelagicus
RS_GCF_003369835	Halobacteriota	Halobacteria	Halorussus rarus
RS_GCF_004765785	Halobacteriota	Halobacteria	Halorussus ruber
RS_GCF_024138125	Halobacteriota	Halobacteria	Halorussus salilacus
RS_GCF_004765815	Halobacteriota	Halobacteria	Halorussus salinus
RS_GCF_010747475	Halobacteriota	Halobacteria	Halorussus sp010747475
RS_GCF_024138165	Halobacteriota	Halobacteria	Halorussus vallis
RS_GCF_026242195	Halobacteriota	Halobacteria	Halorutilus salinus
GB_GCA_034522195	Halobacteriota	Halobacteria	Halorutilus sp034522195
RS_GCF_009663395	Halobacteriota	Halobacteria	Halosegnis longus
RS_GCF_029338355	Halobacteriota	Halobacteria	Halosegnis marinus
RS_GCF_009184545	Halobacteriota	Halobacteria	Halosegnis rubeus
GB_GCA_003021175	Halobacteriota	Halobacteria	Halosegnis sp003021175
GB_GCA_003021785	Halobacteriota	Halobacteria	Halosegnis sp003021785
RS_GCF_004698125	Halobacteriota	Halobacteria	Halosimplex halophilum
RS_GCF_016065055	Halobacteriota	Halobacteria	Halosimplex litoreum
RS_GCF_013415885	Halobacteriota	Halobacteria	Halosimplex rubrum
RS_GCF_003730195	Halobacteriota	Halobacteria	Halosimplex salinum
RS_GCF_023566055	Halobacteriota	Halobacteria	Halosolutus amylolyticus
RS_GCF_023028105	Halobacteriota	Halobacteria	Halosolutus gelatinilyticus
RS_GCF_022869805	Halobacteriota	Halobacteria	Halosolutus halophilus
RS_GCF_900116205	Halobacteriota	Halobacteria	Halostagnicola kamekurae
RS_GCF_000517625	Halobacteriota	Halobacteria	Halostagnicola larsenii
GB_GCA_025517425	Halobacteriota	Halobacteria	Halostagnicola sp025517425
RS_GCF_030068615	Halobacteriota	Halobacteria	Halostagnicola sp030068615
RS_GCF_011440285	Halobacteriota	Halobacteria	Halostella limicola
RS_GCF_004785955	Halobacteriota	Halobacteria	Halostella litorea
GB_GCA_005954745	Halobacteriota	Halobacteria	Halostella pelagica
RS_GCF_003675855	Halobacteriota	Halobacteria	Halostella salina
RS_GCF_017352155	Halobacteriota	Halobacteria	Haloterrigena alkaliphila
RS_GCF_013342135	Halobacteriota	Halobacteria	Haloterrigena gelatinilytica
RS_GCF_016906025	Halobacteriota	Halobacteria	Haloterrigena salifodinae
RS_GCF_000337495	Halobacteriota	Halobacteria	Haloterrigena salina
RS_GCF_037914945	Halobacteriota	Halobacteria	Haloterrigena sp037914945
RS_GCF_000025325	Halobacteriota	Halobacteria	Haloterrigena turkmenica
RS_GCF_900100385	Halobacteriota	Halobacteria	Halovenus aranensis
RS_GCF_009831575	Halobacteriota	Halobacteria	Halovenus carboxidivorans
RS_GCF_026586665	Halobacteriota	Halobacteria	Halovenus rubra
GB_GCA_004015825	Halobacteriota	Halobacteria	Halovenus sp004015825
RS_GCF_037080055	Halobacteriota	Halobacteria	Halovenus sp037080055
RS_GCF_000337515	Halobacteriota	Halobacteria	Halovivax asiaticus
RS_GCF_024498195	Halobacteriota	Halobacteria	Halovivax cerinus
RS_GCF_024300625	Halobacteriota	Halobacteria	Halovivax gelatinilyticus
RS_GCF_023093535	Halobacteriota	Halobacteria	Halovivax limisalsi
RS_GCF_000328525	Halobacteriota	Halobacteria	Halovivax ruber
GB_GCA_021498095	Asgardarchaeota	Lokiarchaeia	Harpocratesius repetitus
GB_GCA_002011035	Thermoproteota	Bathyarchaeia	Hecatella orcuttiae
GB_GCA_021513695	Asgardarchaeota	Heimdallarchaeia	Heimdallarchaeum aukensis
GB_GCA_021513715	Asgardarchaeota	Heimdallarchaeia	Heimdallarchaeum endolithica
GB_GCA_005191425	Asgardarchaeota	Lokiarchaeia	HEL-GB-B sp005191425
GB_GCA_024256165	Thermoproteota	Nitrososphaeria	HK02M2 sp024256165
GB_GCA_024256185	Thermoproteota	Nitrososphaeria	HK02M2 sp024256245
GB_GCA_024256285	Thermoproteota	Nitrososphaeria	HK02M2 sp024256285
GB_GCA_003144275	Asgardarchaeota	Heimdallarchaeia	Hodarchaeum sp003144275
GB_GCA_016839295	Asgardarchaeota	Heimdallarchaeia	Hodarchaeum sp011364965
GB_GCA_019057635	Asgardarchaeota	Heimdallarchaeia	Hodarchaeum sp019057635
GB_GCA_002898355	Thermoproteota	Nitrososphaeria_A	HRBIN01 sp002898355
GB_GCA_002898395	Thermoproteota	Nitrososphaeria_A	HRBIN02 sp002898395
GB_GCA_009889515	Thermoproteota	Nitrososphaeria_A	HRBIN02 sp009889515
GB_GCA_025059595	Thermoproteota	Nitrososphaeria_A	HRBIN02 sp025059595
GB_GCA_038829665	Thermoproteota	Nitrososphaeria_A	HRBIN02 sp030550155
GB_GCA_038896855	Thermoproteota	Nitrososphaeria_A	HRBIN02 sp030550235
GB_GCA_032249095	Thermoproteota	Nitrososphaeria_A	HRBIN02 sp032249095
GB_GCA_937921685	Thermoproteota	Nitrososphaeria_A	HRBIN02 sp937921685
GB_GCA_019704295	Thermoproteota	Thermoprotei_A	HS-7 sp019704295
GB_GCA_002011125	Hydrothermarchaeota	Hydrothermarchaeia	Hydrothermarchaeum profundi
RS_GCF_000015145	Thermoproteota	Thermoprotei_A	Hyperthermus butylicus
GB_GCA_013329705	Thermoproteota	Thermoprotei_A	Ignicoccus hospitalis
RS_GCF_001481685	Thermoproteota	Thermoprotei_A	Ignicoccus islandicus
GB_GCA_025340205	Thermoproteota	Thermoprotei_A	Ignicoccus pacificus
GB_GCA_027081755	Thermoproteota	Thermoprotei_A	Ignicoccus sp027081755
GB_GCA_000145985	Thermoproteota	Thermoprotei_A	Ignisphaera aggregans
RS_GCF_030186535	Thermoproteota	Thermoprotei_A	Ignisphaera cupida
GB_GCA_020832925	Thermoproteota	Thermoprotei_A	Ignisphaera sp020832925
GB_GCA_020833345	Thermoproteota	Thermoprotei_A	Ignisphaera sp020833345
GB_GCA_033581155	Thermoproteota	Thermoprotei_A	Ignisphaera sp025058535
GB_GCA_028275825	Thermoproteota	Thermoprotei_A	Ignisphaera sp028275825
GB_GCA_030550585	Thermoproteota	Thermoprotei_A	Ignisphaera sp030550585
GB_GCA_038735125	Thermoproteota	Thermoprotei_A	Ignisphaera sp038735125
GB_GCA_038841775	Thermoproteota	Thermoprotei_A	Ignisphaera sp038820005
GB_GCA_038833555	Thermoproteota	Thermoprotei_A	Ignisphaera sp038821645
GB_GCA_038831005	Thermoproteota	Thermoprotei_A	Ignisphaera sp038831005
GB_GCA_038889075	Thermoproteota	Thermoprotei_A	Ignisphaera sp038889075
GB_GCA_938074605	Thermoproteota	Thermoprotei_A	Ignisphaera sp938074605
RS_GCF_019693215	Halobacteriota	Halobacteria	IM2453 sp019693215
GB_GCA_020718025	Altiarchaeota	Altiarchaeia	IMC4 sp001742785
RS_GCF_014876775	Thermoproteota	Thermoprotei	Infirmifilum lucidum
RS_GCF_022693705	Thermoproteota	Thermoprotei	Infirmifilum sp002855745
RS_GCF_000993805	Thermoproteota	Thermoprotei	Infirmifilum uzonense
GB_GCA_003695745	Hydrothermarchaeota	Hydrothermarchaeia	J060 sp003695745
GB_GCA_003695265	Nanobdellota	Nanobdellia	J072 sp003695265
GB_GCA_038896535	Micrarchaeota	Micrarchaeia	J096 sp038896535
GB_GCA_003695435	Nanobdellota	Nanobdellia	J101 sp003695435
GB_GCA_003694495	Nanobdellota	Nanobdellia	J104 sp003694495
GB_GCA_003694805	Nanobdellota	Nanobdellia	J110 sp003694805
GB_GCA_015520735	Thermoproteota	Thermoprotei_A	JAADCY01 sp015520735
GB_GCA_027022365	Thermoproteota	Thermoprotei_A	JAADCY01 sp027022365
GB_GCA_027083045	Thermoproteota	Thermoprotei_A	JAADCY01 sp027083045
GB_GCA_013154005	Thermoplasmatota	Thermoplasmata	JAADDK01 sp013154005
GB_GCA_015521465	Thermoplasmatota	Thermoplasmata	JAADDK01 sp015521465
GB_GCA_027074975	Thermoplasmatota	Thermoplasmata	JAADDK01 sp015523125
GB_GCA_027023265	Thermoplasmatota	Thermoplasmata	JAADDK01 sp027023265
GB_GCA_027037275	Thermoproteota	Thermoprotei	JAADER01 sp027036495
GB_GCA_027021165	Hydrothermarchaeota	Hydrothermarchaeia	JAADFH01 sp015521945
GB_GCA_026989875	Hydrothermarchaeota	Hydrothermarchaeia	JAADFH01 sp026989875
GB_GCA_013152815	Nanobdellota	Nanobdellia	JAADFO01 sp013152815
GB_GCA_016932735	Aenigmatarchaeota	Aenigmatarchaeia	JAADIF01 sp016932735
GB_GCA_013415715	Thermoplasmatota	Thermoplasmata	JAAEEP01 sp013415695
GB_GCA_035529155	Thermoplasmatota	Thermoplasmata	JAAEEP01 sp035529155
GB_GCA_018263355	Nanobdellota	Nanobdellia	JAANXH01 sp018263355
GB_GCA_018220955	SpSt-1190	SpSt-1190	JAAOXV01 sp018220955
GB_GCA_018221105	Nanobdellota	Nanobdellia	JAAOYA01 sp018221105
GB_GCA_018221135	Nanobdellota	Nanobdellia	JAAOYB01 sp018221135
GB_GCA_019322435	Nanobdellota	Nanobdellia	JAAOYC01 sp019322435
GB_GCA_018221175	Nanobdellota	Nanobdellia	JAAOYE01 sp018221175
GB_GCA_018221205	Nanobdellota	Nanobdellia	JAAOYF01 sp018221205
GB_GCA_011605775	Thermoproteota	Nitrososphaeria	JAAOZN01 sp011605775
GB_GCA_038885455	Thermoproteota	Nitrososphaeria	JAAOZN01 sp029775855
GB_GCA_038730885	Thermoproteota	EX4484-205	JAAOZO01 sp017601145
GB_GCA_038862705	Thermoproteota	EX4484-205	JAAOZP01 sp011363915
GB_GCA_011605725	Thermoproteota	EX4484-205	JAAOZP01 sp011605725
GB_GCA_038884355	Thermoproteota	EX4484-205	JAAOZP01 sp017601225
GB_GCA_017601395	Thermoproteota	EX4484-205	JAAOZP01 sp017601395
GB_GCA_038850895	Thermoproteota	EX4484-205	JAAOZP01 sp038848185
GB_GCA_038845195	Thermoproteota	EX4484-205	JAAOZP01 sp038861395
GB_GCA_938045545	Thermoproteota	EX4484-205	JAAOZP01 sp938045545
GB_GCA_038874655	Nanobdellota	Nanobdellia	JAAXVZ01 sp038874655
GB_GCA_012520845	Thermoplasmatota	Thermoplasmata	JAAYNL01 sp012520845
GB_GCA_034007125	Thermoplasmatota	Thermoplasmata	JAAYZC01 sp012515075
GB_GCA_018650895	Nanobdellota	Nanobdellia	JAAZWY01 sp014240455
GB_GCA_014238095	Aenigmatarchaeota	Aenigmatarchaeia	JABABT01 sp014238095
GB_GCA_029907685	Thermoproteota	Bathyarchaeia	JABFQN01 sp019685555
GB_GCA_029907645	Thermoproteota	Bathyarchaeia	JABFQO01 sp019685575
GB_GCA_018646625	Nanobdellota	Nanobdellia	JABGUJ01 sp018646625
GB_GCA_963980945	Nanobdellota	Nanobdellia	JABGXB01 sp018675975
GB_GCA_018657865	Nanobdellota	Nanobdellia	JABHHN01 sp018671515
GB_GCA_018693515	Nanobdellota	Nanobdellia	JABHIB01 sp018671245
GB_GCA_018647545	Nanobdellota	Nanobdellia	JABHQR01 sp018696395
GB_GCA_018657475	Nanobdellota	Nanobdellia	JABHXC01 sp018657475
GB_GCA_018657385	Nanobdellota	Nanobdellia	JABHXF01 sp018657385
GB_GCA_018702475	Nanobdellota	Nanobdellia	JABHXF01 sp018661705
GB_GCA_018651505	Nanobdellota	Nanobdellia	JABHYY01 sp018653605
GB_GCA_018649855	Nanobdellota	Nanobdellia	JABHZQ01 sp018656555
GB_GCA_018675265	Nanobdellota	Nanobdellia	JABIAG01 sp018653365
GB_GCA_018652475	Nanobdellota	Nanobdellia	JABICB01 sp018652475
GB_GCA_018664565	Iainarchaeota	Iainarchaeia	JABIDZ01 sp018691995
GB_GCA_028691435	Iainarchaeota	Iainarchaeia	JABIDZ01 sp028691435
GB_GCA_016845225	Nanobdellota	Nanobdellia	JABIKK01 sp016845225
GB_GCA_018655015	Nanobdellota	Nanobdellia	JABIKK01 sp018655015
GB_GCA_018661155	Nanobdellota	Nanobdellia	JABIKK01 sp018658265
GB_GCA_018694635	Nanobdellota	Nanobdellia	JABIKK01 sp018658955
GB_GCA_018671815	Nanobdellota	Nanobdellia	JABJCP01 sp018668595
GB_GCA_963980115	Nanobdellota	Nanobdellia	JABJCP01 sp018675335
GB_GCA_018652365	Nanobdellota	Nanobdellia	JABJOX01 sp018696595
GB_GCA_018669415	Nanobdellota	Nanobdellia	JABJPM01 sp018663865
GB_GCA_030614005	Asgardarchaeota	Heimdallarchaeia	JABLTI01 sp030614005
GB_GCA_013178225	Halobacteriota	Methanosarcinia	JABLXE01 sp013178225
GB_GCA_016929255	Nanobdellota	Nanobdellia	JABMQF01 sp016929255
GB_GCA_018830225	Nanobdellota	Nanobdellia	JABMQF01 sp018830225
GB_GCA_013388895	Thermoproteota	Bathyarchaeia	JACAEI01 sp013388895
GB_GCA_013388905	Thermoproteota	Bathyarchaeia	JACAEI01 sp013388905
GB_GCA_013388925	Thermoproteota	Nitrososphaeria	JACAEJ01 sp013388925
GB_GCA_029775875	Thermoproteota	Nitrososphaeria	JACAEJ01 sp029775875
GB_GCA_038874295	Thermoproteota	Nitrososphaeria	JACAEJ01 sp029775925
GB_GCA_038871895	Thermoproteota	Nitrososphaeria	JACAEJ01 sp038883135
GB_GCA_938091495	Thermoproteota	Nitrososphaeria	JACAEJ01 sp938091495
GB_GCA_013388835	Asgardarchaeota	Thorarchaeia	JACAEL01 sp013388835
GB_GCA_011049045	Halobacteriota	Syntropharchaeia	JACGMN01 sp011049045
GB_GCA_016930255	Halobacteriota	Syntropharchaeia	JACGMN01 sp016930255
GB_GCA_030611045	Halobacteriota	Syntropharchaeia	JACGMN01 sp030611045
GB_GCA_034660575	Halobacteriota	Syntropharchaeia	JACGMN01 sp030665925
GB_GCA_014361295	Thermoplasmatota	Thermoplasmata	JACIVX01 sp014361295
GB_GCA_029907465	Thermoplasmatota	Thermoplasmata	JACIVX01 sp029907465
GB_GCA_038850735	Thermoplasmatota	Thermoplasmata	JACIVX01 sp038850735
GB_GCA_014361195	Thermoplasmatota	E2	JACIWB01 sp014361195
GB_GCA_014361245	Thermoplasmatota	E2	JACIWB01 sp014361245
GB_GCA_038818725	Thermoplasmatota	E2	JACIWB01 sp038818725
GB_GCA_014361085	Thermoproteota	Nitrososphaeria	JACIWG01 sp014361085
GB_GCA_038874315	Thermoproteota	Nitrososphaeria	JACIWG01 sp029776065
GB_GCA_038859975	Thermoproteota	Nitrososphaeria	JACIWG01 sp029776125
GB_GCA_938034445	Thermoproteota	Nitrososphaeria	JACIWG01 sp938034445
GB_GCA_020637495	Nanobdellota	Nanobdellia	JACJVV01 sp020637495
GB_GCA_016187415	Aenigmatarchaeota	Aenigmatarchaeia	JACOWB01 sp016187415
GB_GCA_038999305	Aenigmatarchaeota	Aenigmatarchaeia	JACOWB01 sp018920185
GB_GCA_018302605	Nanobdellota	Nanobdellia	JACOZP01 sp018302605
GB_GCA_016181275	Nanobdellota	Nanobdellia	JACOZQ01 sp016181275
GB_GCA_016181005	Aenigmatarchaeota	Aenigmatarchaeia	JACPAE01 sp016181005
GB_GCA_016187385	Aenigmatarchaeota	Aenigmatarchaeia	JACPAE01 sp016187385
GB_GCA_016180285	Nanobdellota	Nanobdellia	JACPBO01 sp016180285
GB_GCA_030651135	Nanobdellota	Nanobdellia	JACPBO01 sp030651135
GB_GCA_016180195	Nanobdellota	Nanobdellia	JACPBS01 sp016180195
GB_GCA_016180035	Nanobdellota	Nanobdellia	JACPCA01 sp016180035
GB_GCA_018302765	Nanobdellota	Nanobdellia	JACPCE01 sp018302765
GB_GCA_016184145	Nanobdellota	Nanobdellia	JACPDF01 sp016184145
GB_GCA_016184005	Aenigmatarchaeota	Aenigmatarchaeia	JACPDL01 sp016184005
GB_GCA_016207165	Micrarchaeota	Micrarchaeia	JACPGT01 sp016207165
GB_GCA_016188265	Nanobdellota	Nanobdellia	JACPID01 sp016188265
GB_GCA_016188215	Nanobdellota	Nanobdellia	JACPIF01 sp016188215
GB_GCA_016188115	Nanobdellota	Nanobdellia	JACPIK01 sp016188115
GB_GCA_023265685	Nanobdellota	Nanobdellia	JACPIK01 sp023265685
GB_GCA_030647325	Nanobdellota	Nanobdellia	JACPIL01 sp030647325
GB_GCA_030697505	Nanobdellota	Nanobdellia	JACPIL01 sp030697505
GB_GCA_035291085	Nanobdellota	Nanobdellia	JACPIL01 sp035291085
GB_GCA_016188045	Nanobdellota	Nanobdellia	JACPIM01 sp016188045
GB_GCA_016188065	Nanobdellota	Nanobdellia	JACPIN01 sp016188065
GB_GCA_018302705	Nanobdellota	Nanobdellia	JACPIN01 sp018302705
GB_GCA_016187745	Iainarchaeota	Iainarchaeia	JACPJC01 sp016187745
GB_GCA_019323655	Nanobdellota	Nanobdellia	JACPJP01 sp019323655
GB_GCA_030742015	Nanobdellota	Nanobdellia	JACPJP01 sp030751755
GB_GCA_016187565	Nanobdellota	Nanobdellia	JACPJR01 sp016187565
GB_GCA_016187335	Aenigmatarchaeota	Aenigmatarchaeia	JACPJW01 sp016187335
GB_GCA_016185725	Nanobdellota	Nanobdellia	JACPNA01 sp016185725
GB_GCA_023259115	Nanobdellota	Nanobdellia	JACPNA01 sp023259115
GB_GCA_016185625	Nanobdellota	Nanobdellia	JACPND01 sp016185625
GB_GCA_016185635	Nanobdellota	Nanobdellia	JACPNF01 sp016185635
GB_GCA_016185605	Nanobdellota	Nanobdellia	JACPNG01 sp016185605
GB_GCA_038046405	Nanobdellota	Nanobdellia	JACPNH01 sp038046405
GB_GCA_016185435	Aenigmatarchaeota	Aenigmatarchaeia	JACPNN01 sp016185435
GB_GCA_023379805	Thermoproteota	Nitrososphaeria	JACPRH01 sp023379805
GB_GCA_016193585	Aenigmatarchaeota	Aenigmatarchaeia	JACPRW01 sp016193585
GB_GCA_016192995	Nanobdellota	Nanobdellia	JACPTB01 sp016192995
GB_GCA_016192945	Nanobdellota	Nanobdellia	JACPTE01 sp016192945
GB_GCA_016192905	Nanobdellota	Nanobdellia	JACPTG01 sp016192905
GB_GCA_016202815	Aenigmatarchaeota	Aenigmatarchaeia	JACPZZ01 sp016202815
GB_GCA_016198705	Aenigmatarchaeota	Aenigmatarchaeia	JACQIA01 sp016198705
GB_GCA_016198725	Nanobdellota	Nanobdellia	JACQIC01 sp016198725
GB_GCA_016198685	Aenigmatarchaeota	Aenigmatarchaeia	JACQID01 sp016198685
GB_GCA_016432325	Aenigmatarchaeota	Aenigmatarchaeia	JACQIF01 sp016432325
GB_GCA_016205145	Iainarchaeota	Iainarchaeia	JACQJH01 sp016205145
GB_GCA_016203445	Nanobdellota	Nanobdellia	JACQMS01 sp016203445
GB_GCA_035289865	Nanobdellota	Nanobdellia	JACQNA01 sp035289865
GB_GCA_023246445	Nanobdellota	Nanobdellia	JACQNH01 sp023246445
GB_GCA_016203135	Nanobdellota	Nanobdellia	JACQNI01 sp016203135
GB_GCA_038046745	Hydrothermarchaeota	Hydrothermarchaeia	JACQPM01 sp038046745
GB_GCA_016207515	Thermoplasmatota	SW-10-69-26	JACQPN01 sp016207515
GB_GCA_016184315	Thermoproteota	Nitrososphaeria	JACQRY01 sp016184315
GB_GCA_018303325	Nanobdellota	Nanobdellia	JACQSP01 sp018303325
GB_GCA_035289105	Nanobdellota	Nanobdellia	JACQSR01 sp035289105
GB_GCA_016211195	Nanobdellota	Nanobdellia	JACQSS01 sp016211195
GB_GCA_023264635	Nanobdellota	Nanobdellia	JACQSS01 sp023264635
GB_GCA_016211185	Nanobdellota	Nanobdellia	JACQST01 sp016211185
GB_GCA_024860865	JACRDV01	JACRDV01	JACRDV01 sp024860865
GB_GCA_016212785	Hydrothermarchaeota	Hydrothermarchaeia	JACRDW01 sp016212785
GB_GCA_016212475	Micrarchaeota	Micrarchaeia	JACRGC01 sp016212475
GB_GCA_035288785	Micrarchaeota	Micrarchaeia	JACRGC01 sp035288785
GB_GCA_038046605	Micrarchaeota	Micrarchaeia	JACRGC01 sp038046605
GB_GCA_041305345	Micrarchaeota	Micrarchaeia	JACRGC01 sp041305345
GB_GCA_016212465	Micrarchaeota	Micrarchaeia	JACRGE01 sp016212465
GB_GCA_016219865	Nanobdellota	Nanobdellia	JACRKF01 sp016219865
GB_GCA_018303075	Nanobdellota	Nanobdellia	JACRKF01 sp018303075
GB_GCA_016215315	Nanobdellota	Nanobdellia	JACRKG01 sp016215315
GB_GCA_016219835	Nanobdellota	Nanobdellia	JACRKL01 sp016219835
GB_GCA_016214785	Thermoplasmatota	Thermoplasmata	JACRNV01 sp016214785
GB_GCA_016214025	Nanobdellota	Nanobdellia	JACRPH01 sp016214025
GB_GCA_038046445	Nanobdellota	Nanobdellia	JACRPH01 sp038046445
GB_GCA_041665465	Nanobdellota	Nanobdellia	JACRPH01 sp041665465
GB_GCA_016214075	Nanobdellota	Nanobdellia	JACRPI01 sp016214075
GB_GCA_041671005	Nanobdellota	Nanobdellia	JACRPI01 sp041671005
GB_GCA_015660865	Halobacteriota	Methanomicrobia	JACTUA01 sp015660865
GB_GCA_035310965	Halobacteriota	Methanomicrobia	JACTUA01 sp035310965
GB_GCA_035506435	Halobacteriota	Methanomicrobia	JACTUA01 sp035506435
GB_GCA_015660995	Thermoproteota	Methanomethylicia	JACTUC01 sp015660995
GB_GCA_014874365	Thermoplasmatota	Thermoplasmata	JACWAH01 sp014874365
GB_GCA_027346295	Thermoplasmatota	Thermoplasmata	JACWAH01 sp021795055
GB_GCA_027331235	Thermoplasmatota	Thermoplasmata	JACWAH01 sp021818715
GB_GCA_023484105	Thermoplasmatota	Thermoplasmata	JACWAH01 sp023484105
GB_GCA_017883615	Thermoproteota	Bathyarchaeia	JADGNF01 sp017883615
GB_GCA_026014465	Thermoproteota	Bathyarchaeia	JADGNF01 sp026014465
GB_GCA_026014485	Thermoproteota	Bathyarchaeia	JADGNF01 sp026014485
GB_GCA_026414485	Thermoproteota	Bathyarchaeia	JADGNF01 sp026414485
GB_GCA_041447175	Thermoproteota	Bathyarchaeia	JADGNF01 sp041447175
GB_GCA_937873375	Thermoproteota	Bathyarchaeia	JADGNF01 sp937873375
GB_GCA_016838825	Thermoproteota	Nitrososphaeria	JAEHKU01 sp016838825
GB_GCA_019246625	Thermoproteota	Nitrososphaeria	JAFAQB01 sp019246625
GB_GCA_035252175	Thermoproteota	Nitrososphaeria	JAFAQB01 sp035252175
GB_GCA_036518375	Thermoproteota	Nitrososphaeria	JAFAQB01 sp036518375
GB_GCA_036522495	Thermoproteota	Nitrososphaeria	JAFAQB01 sp036522495
GB_GCA_041156085	Thermoproteota	Nitrososphaeria	JAFAQB01 sp041156085
GB_GCA_017610385	Nanohalarchaeota	Nanosalinia	JAFCCC01 sp017610385
GB_GCA_017610205	Iainarchaeota	Iainarchaeia	JAFCCL01 sp017610205
GB_GCA_041645325	Iainarchaeota	Iainarchaeia	JAFCCL01 sp041645325
GB_GCA_017610175	Iainarchaeota	Iainarchaeia	JAFCCO01 sp017610175
GB_GCA_017609645	Nanobdellota	Nanobdellia	JAFCDQ01 sp017609645
GB_GCA_017609535	Nanobdellota	Nanobdellia	JAFCDU01 sp017609535
GB_GCA_023144035	Nanobdellota	Nanobdellia	JAFCEV01 sp023144035
GB_GCA_021157705	Aenigmatarchaeota	Aenigmatarchaeia	JAFCEW01 sp017608955
GB_GCA_017609345	Nanobdellota	Nanobdellia	JAFCEY01 sp017608945
GB_GCA_017608625	Nanobdellota	Nanobdellia	JAFCFN01 sp017608625
GB_GCA_017609245	Nanobdellota	Nanobdellia	JAFCFN01 sp017609245
GB_GCA_017608865	Iainarchaeota	Iainarchaeia	JAFCFP01 sp017608575
GB_GCA_017608525	Nanobdellota	Nanobdellia	JAFCFS01 sp017608525
GB_GCA_017608385	Nanobdellota	Nanobdellia	JAFCFZ01 sp017608385
GB_GCA_017608235	Nanobdellota	Nanobdellia	JAFCGI01 sp017608235
GB_GCA_017608025	Nanobdellota	Nanobdellia	JAFCGM01 sp017608025
GB_GCA_017608835	Nanobdellota	Nanobdellia	JAFCGN01 sp017608045
GB_GCA_017609105	Nanobdellota	Nanobdellia	JAFCGN01 sp017609105
GB_GCA_016932615	Aenigmatarchaeota	Aenigmatarchaeia	JAFGCN01 sp016932615
GB_GCA_016931955	Altiarchaeota	Altiarchaeia	JAFGDV01 sp016931955
GB_GCA_016931255	Aenigmatarchaeota	Aenigmatarchaeia	JAFGFG01 sp016931255
GB_GCA_021163005	Aenigmatarchaeota	Aenigmatarchaeia	JAFGFG01 sp021163005
GB_GCA_028279705	Aenigmatarchaeota	Aenigmatarchaeia	JAFGFG01 sp028279705
GB_GCA_035404685	Methanobacteriota_B	Thermococci	JAFGGT01 sp036733165
GB_GCA_016928835	Nanobdellota	Nanobdellia	JAFGJW01 sp016928835
GB_GCA_016928155	Nanobdellota	Nanobdellia	JAFGLG01 sp016928155
GB_GCA_016928115	Nanobdellota	Nanobdellia	JAFGLI01 sp016928115
GB_GCA_016928095	Thermoplasmatota	EX4484-6	JAFGLL01 sp016928095
GB_GCA_016927425	Halobacteriota	Methanosarcinia	JAFGMR01 sp016927425
GB_GCA_016926735	Asgardarchaeota	Lokiarchaeia	JAFGOA01 sp016926735
GB_GCA_019894715	Asgardarchaeota	Lokiarchaeia	JAFGOA01 sp019894715
GB_GCA_016926505	Halobacteriota	Methanomicrobia	JAFGOM01 sp016926505
GB_GCA_016935985	Nanobdellota	Nanobdellia	JAFGPW01 sp016935985
GB_GCA_016935125	Nanobdellota	Nanobdellia	JAFGRM01 sp016935125
GB_GCA_016935095	Nanobdellota	Nanobdellia	JAFGRO01 sp016935095
GB_GCA_017885655	Thermoplasmatota	Thermoplasmata	JAFNFQ01 sp017885655
GB_GCA_041489255	Thermoplasmatota	Thermoplasmata	JAFNFQ01 sp041489255
GB_GCA_017883965	Halobacteriota	Syntropharchaeia	JAFNKG01 sp017883965
GB_GCA_030602585	Halobacteriota	Syntropharchaeia	JAFNKG01 sp030602585
GB_GCA_038877255	Micrarchaeota	Micrarchaeia	JAGDXZ01 sp038877255
GB_GCA_039793645	Micrarchaeota	Micrarchaeia	JAGDYD01 sp039793645
GB_GCA_021158055	Iainarchaeota	Iainarchaeia	JAGGVJ01 sp021158055
GB_GCA_021157845	Aenigmatarchaeota	Aenigmatarchaeia	JAGGVU01 sp021157845
GB_GCA_021163365	Nanobdellota	Nanobdellia	JAGGWW01 sp021163365
GB_GCA_021163245	Thermoproteota	Thermoprotei	JAGGXB01 sp021163245
GB_GCA_021163225	Micrarchaeota	Micrarchaeia	JAGGXE01 sp021163225
GB_GCA_021163205	Aenigmatarchaeota	Aenigmatarchaeia	JAGGXF01 sp021163205
GB_GCA_021163145	Aenigmatarchaeota	Aenigmatarchaeia	JAGGXH01 sp021163145
GB_GCA_021158865	Thermoplasmatota	E2	JAGGXW01 sp021158865
GB_GCA_021162305	Thermoplasmatota	E2	JAGGXW01 sp021162305
GB_GCA_021162815	Thermoplasmatota	E2	JAGGXW01 sp021162815
GB_GCA_937877805	Thermoproteota	Thermoprotei	JAGGXX01 sp021162845
GB_GCA_021162685	B1Sed10-29	B1Sed10-29	JAGGYF01 sp021162685
GB_GCA_021162425	Aenigmatarchaeota	Aenigmatarchaeia	JAGGYQ01 sp021162425
GB_GCA_021162185	Nanobdellota	Nanobdellia	JAGGZC01 sp021162185
GB_GCA_021162065	Thermoplasmatota	E2	JAGGZK01 sp021162065
GB_GCA_021161785	Nanobdellota	Nanobdellia	JAGGZX01 sp021161785
GB_GCA_021161465	B1Sed10-29	B1Sed10-29	JAGHAM01 sp021161465
GB_GCA_021160575	Thermoproteota	Methanomethylicia	JAGHCH01 sp021160575
GB_GCA_023145185	Thermoplasmatota	EX4484-6	JAGLEG01 sp023145185
GB_GCA_030670545	Nanobdellota	Nanobdellia	JAGLGH01 sp030670545
GB_GCA_023140195	Thermoplasmatota	Thermoplasmata	JAGLME01 sp023140195
GB_GCA_030601705	Thermoplasmatota	E2	JAGLML01 sp030601705
GB_GCA_030637545	Nanobdellota	Nanobdellia	JAGLOA01 sp023139205
GB_GCA_030640145	Thermoplasmatota	Thermoplasmata	JAGLQM01 sp023136815
GB_GCA_030637625	Thermoproteota	Bathyarchaeia	JAGLRI01 sp023136395
GB_GCA_020696385	Thermoplasmatota	Thermoplasmata	JAGLSY01 sp020696385
GB_GCA_020697715	Thermoplasmatota	Thermoplasmata	JAGLSY01 sp020697715
GB_GCA_030634565	Thermoplasmatota	Thermoplasmata	JAGLSY01 sp023137005
GB_GCA_019323355	Nanobdellota	Nanobdellia	JAGLWF01 sp019323355
GB_GCA_023133595	Nanobdellota	Nanobdellia	JAGLWF01 sp023133595
GB_GCA_030631345	Aenigmatarchaeota	Aenigmatarchaeia	JAGLWW01 sp023133195
GB_GCA_030640025	Nanobdellota	Nanobdellia	JAGLXL01 sp023132895
GB_GCA_030670315	Thermoproteota	Bathyarchaeia	JAGLZJ01 sp023131555
GB_GCA_023131225	Thermoproteota	Bathyarchaeia	JAGLZW01 sp023131225
GB_GCA_026014805	Thermoproteota	Bathyarchaeia	JAGLZW01 sp026014805
GB_GCA_029882535	Thermoproteota	Bathyarchaeia	JAGLZW01 sp029882535
GB_GCA_022848865	Thermoplasmatota	Thermoplasmata	JAGMCJ01 sp022848865
GB_GCA_030615325	Thermoplasmatota	Thermoplasmata	JAGMCJ01 sp023129265
GB_GCA_030629705	Thermoplasmatota	Thermoplasmata	JAGMCJ01 sp023130895
GB_GCA_030634705	Thermoplasmatota	Thermoplasmata	JAGMCJ01 sp023136265
GB_GCA_023129075	Micrarchaeota	Micrarchaeia	JAGMCT01 sp023129075
GB_GCA_018396955	Thermoproteota	Bathyarchaeia	JAGTQI01 sp018396955
GB_GCA_038727135	Thermoproteota	Bathyarchaeia	JAGTQI01 sp038727135
GB_GCA_038880555	Thermoproteota	Bathyarchaeia	JAGTQI01 sp038880555
GB_GCA_038882975	Thermoproteota	Bathyarchaeia	JAGTQI01 sp038882975
GB_GCA_038882615	Thermoproteota	Bathyarchaeia	JAGTQI01 sp038883715
GB_GCA_038883485	Thermoproteota	Bathyarchaeia	JAGTQN01 sp038850515
GB_GCA_029907545	Thermoproteota	Bathyarchaeia	JAGTQT01 sp029907545
GB_GCA_018396695	Thermoproteota	Bathyarchaeia	JAGTQU01 sp018396695
GB_GCA_041082175	Thermoproteota	Bathyarchaeia	JAGTQX01 sp018396675
GB_GCA_038852475	Thermoproteota	Bathyarchaeia	JAGTRB01 sp018396865
GB_GCA_938048735	Thermoproteota	Bathyarchaeia	JAGTRB01 sp938048735
GB_GCA_018396415	Thermoproteota	Bathyarchaeia	JAGTRE01 sp018396415
GB_GCA_020057405	Micrarchaeota	Micrarchaeia	JAGVFW01 sp020057405
GB_GCA_020056305	Micrarchaeota	Micrarchaeia	JAGVIA01 sp020056305
GB_GCA_020053375	Nanobdellota	Nanobdellia	JAGVNG01 sp020053375
GB_GCA_028713935	Iainarchaeota	Iainarchaeia	JAGVNX01 sp028713935
GB_GCA_020051845	Nanobdellota	Nanobdellia	JAGVQG01 sp020051845
GB_GCA_018304545	Aenigmatarchaeota	Aenigmatarchaeia	JAGVVZ01 sp018304545
GB_GCA_018304505	B1Sed10-29	B1Sed10-29	JAGVWA01 sp018304505
GB_GCA_018304465	Iainarchaeota	Iainarchaeia	JAGVWC01 sp018304465
GB_GCA_038045945	Nanobdellota	Nanobdellia	JAGVWS01 sp038045945
GB_GCA_041649045	Nanobdellota	Nanobdellia	JAGVXH01 sp041649045
GB_GCA_041649755	Nanobdellota	Nanobdellia	JAGVXH01 sp041649755
GB_GCA_041654895	Nanobdellota	Nanobdellia	JAGVXH01 sp041654895
GB_GCA_018303855	Nanobdellota	Nanobdellia	JAGVXI01 sp018303855
GB_GCA_018304055	Nanobdellota	Nanobdellia	JAGVXM01 sp018304055
GB_GCA_039796495	Nanobdellota	Nanobdellia	JAGVXM01 sp039796495
GB_GCA_036721585	Nanobdellota	Nanobdellia	JAGVXV01 sp018303625
GB_GCA_018303545	Nanobdellota	Nanobdellia	JAGVXY01 sp018303545
GB_GCA_018303515	Nanobdellota	Nanobdellia	JAGVXZ01 sp018303515
GB_GCA_018303405	Nanobdellota	Nanobdellia	JAGVYD01 sp018303405
GB_GCA_018303445	Nanobdellota	Nanobdellia	JAGVYE01 sp018303445
GB_GCA_018303425	Nanobdellota	Nanobdellia	JAGVYF01 sp018303425
GB_GCA_041650315	Nanobdellota	Nanobdellia	JAGVYF01 sp041650315
GB_GCA_018303365	Nanobdellota	Nanobdellia	JAGVYI01 sp018303365
GB_GCA_018303285	Nanobdellota	Nanobdellia	JAGVYL01 sp018303285
GB_GCA_018303245	Nanobdellota	Nanobdellia	JAGVYM01 sp018303245
GB_GCA_018303185	Nanobdellota	Nanobdellia	JAGVYR01 sp018303185
GB_GCA_018303125	Nanobdellota	Nanobdellia	JAGVYS01 sp018303125
GB_GCA_018303105	Nanobdellota	Nanobdellia	JAGVYU01 sp018303105
GB_GCA_036800005	Nanobdellota	Nanobdellia	JAGVYX01 sp018303045
GB_GCA_018302815	Nanobdellota	Nanobdellia	JAGVZE01 sp018302815
GB_GCA_036799925	Nanobdellota	Nanobdellia	JAGVZJ01 sp018302465
GB_GCA_018302545	Nanobdellota	Nanobdellia	JAGVZM01 sp018302545
GB_GCA_018302335	Nanobdellota	Nanobdellia	JAGVZT01 sp018302335
GB_GCA_036807805	Nanobdellota	Nanobdellia	JAGVZW01 sp018302235
GB_GCA_018302225	Nanobdellota	Nanobdellia	JAGVZY01 sp018302225
GB_GCA_018302125	Nanobdellota	Nanobdellia	JAGWAC01 sp018302125
GB_GCA_038046265	Nanobdellota	Nanobdellia	JAGWAC01 sp038046265
GB_GCA_018302105	Nanobdellota	Nanobdellia	JAGWAD01 sp018302105
GB_GCA_018302085	Nanobdellota	Nanobdellia	JAGWAF01 sp018302085
GB_GCA_028867435	Micrarchaeota	Micrarchaeia	JAGWGI01 sp028867435
GB_GCA_028866995	Micrarchaeota	Micrarchaeia	JAGWGW01 sp028866995
GB_GCA_028867135	Micrarchaeota	Micrarchaeia	JAGWGW01 sp028867135
GB_GCA_028866905	Micrarchaeota	Micrarchaeia	JAGWHI01 sp028866905
GB_GCA_028866715	Micrarchaeota	Micrarchaeia	JAGWHO01 sp028866715
GB_GCA_030640785	Halobacteriota	Syntropharchaeia	JAGXOS01 sp023131215
GB_GCA_937146515	Halobacteriota	Halobacteria	JAHENP01 sp018609965
RS_GCF_041361345	Halobacteriota	Halobacteria	JAHENP01 sp041361345
RS_GCF_041361465	Halobacteriota	Halobacteria	JAHENP01 sp041361465
GB_GCA_937142015	Halobacteriota	Halobacteria	JAHENP01 sp937142015
GB_GCA_023247085	Micrarchaeota	Micrarchaeia	JAHFHC01 sp023247085
GB_GCA_041648255	Nanobdellota	Nanobdellia	JAHFKM01 sp041648255
GB_GCA_023266895	Nanobdellota	Nanobdellia	JAHFOI01 sp023266895
GB_GCA_023266675	Nanobdellota	Nanobdellia	JAHFPP01 sp023266675
GB_GCA_038046425	Nanobdellota	Nanobdellia	JAHFRS01 sp038046425
GB_GCA_023269235	Thermoplasmatota	E2	JAHFTW01 sp023269235
GB_GCA_034667725	Thermoplasmatota	E2	JAHFTW01 sp034667725
GB_GCA_035526765	Thermoplasmatota	E2	JAHFTW01 sp035526765
GB_GCA_038046785	Thermoplasmatota	E2	JAHFTW01 sp038046785
GB_GCA_018901755	Aenigmatarchaeota	Aenigmatarchaeia	JAHIDZ01 sp018901755
GB_GCA_018830505	Nanobdellota	Nanobdellia	JAHIMK01 sp018896675
GB_GCA_018814205	Nanobdellota	Nanobdellia	JAHIUF01 sp018817005
GB_GCA_937912225	Nanobdellota	Nanobdellia	JAHIUF01 sp937912225
GB_GCA_018816705	Nanobdellota	Nanobdellia	JAHIVG01 sp018816705
GB_GCA_041306075	Altiarchaeota	Altiarchaeia	JAHIYG01 sp041306075
GB_GCA_018824985	Iainarchaeota	Iainarchaeia	JAHJAQ01 sp018813975
GB_GCA_018825175	Nanobdellota	Nanobdellia	JAHJAV01 sp018813685
GB_GCA_018813725	Nanobdellota	Nanobdellia	JAHJBD01 sp018813725
GB_GCA_037440825	Micrarchaeota	Micrarchaeia	JAHJBR01 sp037440825
GB_GCA_040757035	Micrarchaeota	Micrarchaeia	JAHJBR01 sp040757035
GB_GCA_041650355	Micrarchaeota	Micrarchaeia	JAHJBR01 sp041650355
GB_GCA_041694885	Micrarchaeota	Micrarchaeia	JAHJBR01 sp041694885
GB_GCA_018822605	Nanobdellota	Nanobdellia	JAHJDB01 sp018812765
GB_GCA_018822045	Nanobdellota	Nanobdellia	JAHJDQ01 sp018812355
GB_GCA_018822505	Nanobdellota	Nanobdellia	JAHJGQ01 sp018824365
GB_GCA_018819225	Micrarchaeota	Micrarchaeia	JAHJQN01 sp018819225
GB_GCA_018831025	Nanobdellota	Nanobdellia	JAHJRB01 sp018831025
GB_GCA_018829185	Nanobdellota	Nanobdellia	JAHJUI01 sp018829185
GB_GCA_020854915	Methanobacteriota	Methanobacteria	JAHKLT01 sp020854915
GB_GCA_020854925	Methanobacteriota_B	Thermococci	JAHKLV01 sp020854925
GB_GCA_020854825	Micrarchaeota	Micrarchaeia	JAHKLY01 sp020854825
GB_GCA_041653315	Micrarchaeota	Micrarchaeia	JAHKLY01 sp041653315
GB_GCA_018920345	Aenigmatarchaeota	Aenigmatarchaeia	JAHLMN01 sp018920345
GB_GCA_018920365	Aenigmatarchaeota	Aenigmatarchaeia	JAHLMN01 sp018920365
GB_GCA_026414305	Aenigmatarchaeota	Aenigmatarchaeia	JAHLMN01 sp026414305
GB_GCA_018920305	Aenigmatarchaeota	Aenigmatarchaeia	JAHLMO01 sp018920305
GB_GCA_038733315	Aenigmatarchaeota	Aenigmatarchaeia	JAHLMO01 sp038733315
GB_GCA_038742305	Aenigmatarchaeota	Aenigmatarchaeia	JAHLMO01 sp038742305
GB_GCA_038997165	Aenigmatarchaeota	Aenigmatarchaeia	JAHLMO01 sp038997165
GB_GCA_038997305	Aenigmatarchaeota	Aenigmatarchaeia	JAHLMO01 sp038997305
GB_GCA_038999735	Aenigmatarchaeota	Aenigmatarchaeia	JAHLMR01 sp018920255
GB_GCA_039091605	Aenigmatarchaeota	Aenigmatarchaeia	JAHLMS01 sp018920245
GB_GCA_028817155	Thermoproteota	Nitrososphaeria	JAHRAL01 sp003724275
GB_GCA_020027325	Thermoproteota	Nitrososphaeria	JAHRAL01 sp020027325
GB_GCA_963692915	Thermoproteota	Nitrososphaeria	JAHRAL01 sp963692915
GB_GCA_963693095	Thermoproteota	Nitrososphaeria	JAHRAL01 sp963693095
GB_GCA_034722435	Nanobdellota	Nanobdellia	JAHWHD01 sp034722435
GB_GCA_019323235	Nanobdellota	Nanobdellia	JAHWHN01 sp019323235
GB_GCA_019323255	Nanobdellota	Nanobdellia	JAHWHO01 sp019323255
GB_GCA_019322475	Nanobdellota	Nanobdellia	JAHWHQ01 sp019322475
GB_GCA_019322805	Nanobdellota	Nanobdellia	JAHWIC01 sp019322805
GB_GCA_019347805	Thermoplasmatota	E2	JAHWKR01 sp019347805
GB_GCA_019429005	EX4484-52	EX4484-52	JAHYJR01 sp019429005
GB_GCA_021106765	Halobacteriota	Methanosarcinia	JAIOTO01 sp021106765
GB_GCA_034659615	Halobacteriota	Methanosarcinia	JAIOTO01 sp034659615
GB_GCA_021735165	Nanobdellota	Nanobdellia	JAIPET01 sp021735165
GB_GCA_021736975	Nanobdellota	Nanobdellia	JAIPET01 sp021736975
GB_GCA_022848835	Thermoplasmatota	Thermoplasmata	JAJISG01 sp022848835
GB_GCA_030594205	Thermoplasmatota	Thermoplasmata	JAJISK01 sp030594205
GB_GCA_029948415	Thermoproteota	Nitrososphaeria	JAJIZT01 sp029948415
GB_GCA_035639375	Thermoproteota	Nitrososphaeria	JAJNBK01 sp035639375
GB_GCA_035642715	Thermoproteota	Nitrososphaeria	JAJNBK01 sp035642715
GB_GCA_002813105	Halobacteriota	UBA148	JAJOKI01 sp002813105
GB_GCA_021325295	Thermoproteota	Nitrososphaeria	JAJPHM01 sp021325295
GB_GCA_034667685	Thermoplasmatota	SW-10-69-26	JAJPHT01 sp034667685
GB_GCA_021324115	Thermoproteota	Nitrososphaeria	JAJPJS01 sp021324115
GB_GCA_026394375	Thermoplasmatota	Thermoplasmata	JAJRAL01 sp026394375
GB_GCA_035506675	Thermoplasmatota	Thermoplasmata	JAJRAL01 sp035506675
GB_GCA_028682915	Thermoplasmatota	Thermoplasmata	JAJRAN01 sp028682915
GB_GCA_038740345	Thermoplasmatota	Thermoplasmata	JAJRAN01 sp038740345
GB_GCA_028678665	Halobacteriota	Methanomicrobia	JAJRCY01 sp028678665
GB_GCA_024276825	Asgardarchaeota	Thorarchaeia	JAJRWI01 sp024276825
GB_GCA_024275665	B1Sed10-29	B1Sed10-29	JAJRYS01 sp024275665
GB_GCA_024281315	Thermoplasmatota	Thermoplasmata	JAJSAE01 sp024281315
GB_GCA_024274695	B1Sed10-29	B1Sed10-29	JAJSAI01 sp024274695
GB_GCA_021790425	Thermoplasmatota	Thermoplasmata	JAJYEA01 sp021790425
GB_GCA_027459185	Thermoplasmatota	Thermoplasmata	JAJYEA01 sp021796385
GB_GCA_027387225	Thermoplasmatota	Thermoplasmata	JAJYEA01 sp021809545
GB_GCA_021823345	Thermoplasmatota	Thermoplasmata	JAJYEA01 sp021823345
GB_GCA_027387075	Thermoplasmatota	Thermoplasmata	JAJYEA01 sp021832495
GB_GCA_027334535	Micrarchaeota	Micrarchaeia	JAJYJW01 sp021789155
GB_GCA_028866775	Micrarchaeota	Micrarchaeia	JAJYUY01 sp028866775
GB_GCA_027343005	Micrarchaeota	Micrarchaeia	JAJYVH01 sp021792095
GB_GCA_027363995	Micrarchaeota	Micrarchaeia	JAJYVH01 sp021818925
GB_GCA_027319905	Micrarchaeota	Micrarchaeia	JAJYVH01 sp021823435
GB_GCA_028866735	Micrarchaeota	Micrarchaeia	JAJYVH01 sp021828295
GB_GCA_027320365	Micrarchaeota	Micrarchaeia	JAJYVH01 sp023476545
GB_GCA_028867025	Micrarchaeota	Micrarchaeia	JAJYVH01 sp028867025
GB_GCA_027363615	Micrarchaeota	Micrarchaeia	JAJYVZ01 sp021791725
GB_GCA_021791655	Nanobdellota	Nanobdellia	JAJYWD01 sp021791655
GB_GCA_027363285	Micrarchaeota	Micrarchaeia	JAJYWY01 sp021791245
GB_GCA_021792775	Micrarchaeota	Micrarchaeia	JAJYXL01 sp021792775
GB_GCA_027327065	Micrarchaeota	Micrarchaeia	JAJYXL01 sp021801785
GB_GCA_027321695	Micrarchaeota	Micrarchaeia	JAJYXL01 sp021816885
GB_GCA_021817565	Micrarchaeota	Micrarchaeia	JAJYXL01 sp021817565
GB_GCA_021800365	Nanobdellota	Nanobdellia	JAJYZA01 sp021800365
GB_GCA_021818905	Nanobdellota	Nanobdellia	JAJYZA01 sp021818905
GB_GCA_027370735	Nanobdellota	Nanobdellia	JAJYZA01 sp021852265
GB_GCA_027334635	Micrarchaeota	Micrarchaeia	JAJZAB01 sp021789815
GB_GCA_023473935	Micrarchaeota	Micrarchaeia	JAJZAB01 sp021791535
GB_GCA_027333445	Micrarchaeota	Micrarchaeia	JAJZAB01 sp021801905
GB_GCA_021810105	Micrarchaeota	Micrarchaeia	JAJZAB01 sp021810105
GB_GCA_027323125	Micrarchaeota	Micrarchaeia	JAJZDT01 sp021828705
GB_GCA_027338815	Micrarchaeota	Micrarchaeia	JAJZIZ01 sp021804095
GB_GCA_027351665	Micrarchaeota	Micrarchaeia	JAJZMY01 sp021800515
GB_GCA_023380775	Micrarchaeota	Micrarchaeia	JAJZMY01 sp021848125
GB_GCA_027339545	Micrarchaeota	Micrarchaeia	JAJZNA01 sp021792235
GB_GCA_027363075	Micrarchaeota	Micrarchaeia	JAJZNA01 sp021803425
GB_GCA_021803945	Micrarchaeota	Micrarchaeia	JAJZNA01 sp021803945
GB_GCA_021848065	Micrarchaeota	Micrarchaeia	JAJZNA01 sp021848065
GB_GCA_027362985	Micrarchaeota	Micrarchaeia	JAJZNA01 sp027449585
GB_GCA_021835385	Micrarchaeota	Micrarchaeia	JAJZOD01 sp021801225
GB_GCA_021848095	Micrarchaeota	Micrarchaeia	JAJZOD01 sp021848095
GB_GCA_027343605	Micrarchaeota	Micrarchaeia	JAJZOD01 sp021852055
GB_GCA_021810045	Thermoplasmatota	Thermoplasmata	JAJZOM01 sp021810045
GB_GCA_027381315	Thermoplasmatota	Thermoplasmata	JAJZOM01 sp021817455
GB_GCA_027332165	Thermoplasmatota	Thermoplasmata	JAJZOM01 sp021850545
GB_GCA_023488885	Thermoplasmatota	Thermoplasmata	JAJZOM01 sp023488885
GB_GCA_027381115	Thermoplasmatota	Thermoplasmata	JAJZOM01 sp023489435
GB_GCA_027373115	Thermoplasmatota	Thermoplasmata	JAJZOT01 sp021820245
GB_GCA_038024865	Thermoplasmatota	Thermoplasmata	JAJZOT01 sp038024865
GB_GCA_027354545	Micrarchaeota	Micrarchaeia	JAJZVQ01 sp021845575
GB_GCA_021802515	Thermoplasmatota	Thermoplasmata	JAJZXB01 sp021835025
GB_GCA_027368495	Thermoplasmatota	Thermoplasmata	JAJZXB01 sp021846395
GB_GCA_021806165	Thermoplasmatota	Thermoplasmata	JAJZXY01 sp021806165
GB_GCA_027306485	Thermoplasmatota	Thermoplasmata	JAJZXY01 sp021817225
GB_GCA_027329505	Micrarchaeota	Micrarchaeia	JAJZYD01 sp021785805
GB_GCA_027342765	Micrarchaeota	Micrarchaeia	JAJZYD01 sp021790455
GB_GCA_021799475	Micrarchaeota	Micrarchaeia	JAJZYD01 sp021799475
GB_GCA_027334935	Micrarchaeota	Micrarchaeia	JAJZYD01 sp021806095
GB_GCA_027320165	Micrarchaeota	Micrarchaeia	JAJZYD01 sp021807115
GB_GCA_027327865	Micrarchaeota	Micrarchaeia	JAJZYD01 sp021827605
GB_GCA_027310755	Micrarchaeota	Micrarchaeia	JAJZYD01 sp027310755
GB_GCA_027310085	Micrarchaeota	Micrarchaeia	JAJZYD01 sp027310825
GB_GCA_030037495	Micrarchaeota	Micrarchaeia	JAJZYD01 sp030037495
GB_GCA_030040895	Micrarchaeota	Micrarchaeia	JAJZYD01 sp030040895
GB_GCA_027378535	Thermoplasmatota	Thermoplasmata	JAJZYH01 sp021798195
GB_GCA_027356945	Thermoproteota	Nitrososphaeria	JAJZYL01 sp021792955
GB_GCA_029786515	Thermoproteota	Nitrososphaeria	JAJZYL01 sp021798095
GB_GCA_027335715	Micrarchaeota	Micrarchaeia	JAJZZD01 sp021797745
GB_GCA_027376535	Thermoplasmatota	Thermoplasmata	JAKAAX01 sp021802125
GB_GCA_028867375	Thermoplasmatota	Thermoplasmata	JAKAAX01 sp028864975
GB_GCA_027380475	Thermoplasmatota	Thermoplasmata	JAKAFX01 sp021802055
GB_GCA_027347625	Thermoplasmatota	Thermoplasmata	JAKAFX01 sp021817735
GB_GCA_027346825	Micrarchaeota	Micrarchaeia	JAKAKT01 sp021813385
GB_GCA_041305385	Micrarchaeota	Micrarchaeia	JAKAKT01 sp041305385
GB_GCA_041650395	Micrarchaeota	Micrarchaeia	JAKALW01 sp041650395
GB_GCA_038877195	Thermoproteota	Nitrososphaeria	JAKAPW01 sp029775965
GB_GCA_021806135	Thermoplasmatota	Thermoplasmata	JAKATE01 sp021806135
GB_GCA_027378805	Thermoplasmatota	Thermoplasmata	JAKATE01 sp021827405
GB_GCA_021801355	Micrarchaeota	Micrarchaeia	JAKATK01 sp021801355
GB_GCA_021811435	Micrarchaeota	Micrarchaeia	JAKATK01 sp021811435
GB_GCA_027328445	Nanobdellota	Nanobdellia	JAKATQ01 sp021818665
GB_GCA_021812105	Micrarchaeota	Micrarchaeia	JAKATY01 sp021812105
GB_GCA_021827925	Micrarchaeota	Micrarchaeia	JAKATZ01 sp021827925
GB_GCA_027342585	Micrarchaeota	Micrarchaeia	JAKAUU01 sp021817505
GB_GCA_021797995	Micrarchaeota	Micrarchaeia	JAKAVK01 sp021797995
GB_GCA_027327145	Micrarchaeota	Micrarchaeia	JAKAVK01 sp021810375
GB_GCA_027321905	Micrarchaeota	Micrarchaeia	JAKAVK01 sp021817325
GB_GCA_027364595	Micrarchaeota	Micrarchaeia	JAKAVK01 sp027334165
GB_GCA_027385845	Thermoproteota	Thermoprotei_A	JAKAWJ01 sp021800035
GB_GCA_027338005	Micrarchaeota	Micrarchaeia	JAKAWW01 sp021816895
GB_GCA_027320705	Thermoplasmatota	Thermoplasmata	JAKAYB01 sp021826925
GB_GCA_026127925	Thermoplasmatota	Thermoplasmata	JAKAYB01 sp026127925
GB_GCA_027320125	Nanobdellota	Nanobdellia	JAKBJF01 sp021807125
GB_GCA_021828665	Thermoplasmatota	Thermoplasmata	JAKIVR01 sp021828665
GB_GCA_022750455	Thermoplasmatota	Thermoplasmata	JAKIVR01 sp022750455
GB_GCA_035933635	Thermoplasmatota	Thermoplasmata	JAKIVR01 sp035933635
GB_GCA_022749815	Thermoplasmatota	Thermoplasmata	JAKIWV01 sp022749815
GB_GCA_030037875	Thermoplasmatota	Thermoplasmata	JAKIWV01 sp030037875
GB_GCA_024399155	Thermoplasmatota	Thermoplasmata	JAKSHX01 sp024399155
GB_GCA_963580425	Thermoplasmatota	Poseidoniia	JAKUTA01 sp937897085
GB_GCA_022729235	Nanohalarchaeota	Nanosalinia	JALDAJ01 sp022729235
GB_GCA_022865315	Halobacteriota	Methanosarcinia	JALHSR01 sp022865315
GB_GCA_023230065	Thermoplasmatota	Thermoplasmata	JALNYB01 sp023230065
GB_GCA_963676235	Thermoplasmatota	Thermoplasmata	JALNYB01 sp963676235
GB_GCA_027006785	Thermoplasmatota	Thermoplasmata	JALTFR01 sp027006785
GB_GCA_027051165	Hydrothermarchaeota	Hydrothermarchaeia	JALTZZ01 sp027051165
GB_GCA_027051265	Hydrothermarchaeota	Hydrothermarchaeia	JALUTC01 sp027051265
GB_GCA_027021185	Hydrothermarchaeota	Hydrothermarchaeia	JALUUU01 sp027021185
GB_GCA_027011045	Iainarchaeota	Iainarchaeia	JALVAT01 sp027011045
GB_GCA_027028545	Thermoproteota	Thermoprotei_A	JALVIT01 sp027028545
GB_GCA_027031765	Asgardarchaeota	Thorarchaeia	JALVPN01 sp027031765
GB_GCA_027024255	Micrarchaeota	Micrarchaeia	JALVSQ01 sp027024255
GB_GCA_027030065	Thermoproteota	Thermoprotei_A	JALWGO01 sp027030065
GB_GCA_027083135	Thermoproteota	Thermoprotei_A	JALWQH01 sp027083135
GB_GCA_026995555	Thermoproteota	Thermoprotei_A	JALWTO01 sp026995555
GB_GCA_027321925	Nanobdellota	Nanobdellia	JAMCRB01 sp021810345
GB_GCA_027371175	Nanobdellota	Nanobdellia	JAMCRB01 sp023380435
GB_GCA_021809925	Micrarchaeota	Micrarchaeia	JAMCSO01 sp021809925
GB_GCA_027324445	Thermoplasmatota	Thermoplasmata	JAMCUS01 sp023379385
GB_GCA_027309935	Micrarchaeota	Micrarchaeia	JAMCYB01 sp021797575
GB_GCA_027337625	Micrarchaeota	Micrarchaeia	JAMCYB01 sp021827525
GB_GCA_023473665	Micrarchaeota	Micrarchaeia	JAMCYM01 sp023473665
GB_GCA_027332925	Micrarchaeota	Micrarchaeia	JAMCYW01 sp021792395
GB_GCA_021837285	Micrarchaeota	Micrarchaeia	JAMCYW01 sp027332905
GB_GCA_027331275	Thermoplasmatota	Thermoplasmata	JAMDBT01 sp021792595
GB_GCA_021803655	Thermoplasmatota	Thermoplasmata	JAMDBT01 sp021803655
GB_GCA_027380055	Thermoplasmatota	Thermoplasmata	JAMDBT01 sp023487205
GB_GCA_028279805	Iainarchaeota	Iainarchaeia	JANQMZ01 sp028279805
GB_GCA_028279745	Nanobdellota	Nanobdellia	JANQNC01 sp028279745
GB_GCA_028279765	Nanobdellota	Nanobdellia	JANQND01 sp028279765
GB_GCA_028279685	Nanobdellota	Nanobdellia	JANQNG01 sp028279685
GB_GCA_041601615	Thermoplasmatota	E2	JANQNI01 sp041601615
GB_GCA_028279725	Nanobdellota	Nanobdellia	JANQNQ01 sp028279725
GB_GCA_028279045	Nanobdellota	Nanobdellia	JANQSZ01 sp028279045
GB_GCA_033581295	Thermoproteota	Nitrososphaeria_A	JANXDH01 sp025059745
GB_GCA_038895375	Nanobdellota	Nanobdellia	JANXDM01 sp038895375
GB_GCA_025059075	Thermoproteota	Thermoprotei_A	JANXDZ01 sp025059075
GB_GCA_038892035	Thermoproteota	Thermoprotei_A	JANXDZ01 sp038879595
GB_GCA_033581255	Thermoproteota	Bathyarchaeia	JANXEA01 sp025059045
GB_GCA_033581455	Thermoproteota	Nitrososphaeria	JANXEG01 sp025058425
GB_GCA_038844305	Thermoproteota	Nitrososphaeria	JANXEG01 sp029775915
GB_GCA_038856815	Thermoproteota	Bathyarchaeia	JANXEP01 sp038865865
GB_GCA_033582615	Thermoproteota	Methanomethylicia	JANXER01 sp025057955
GB_GCA_029887765	Thermoproteota	Methanomethylicia	JANXER01 sp029887765
GB_GCA_023269735	Thermoproteota	Thermoprotei	JANXEW01 sp023269735
GB_GCA_033581715	Thermoproteota	Thermoprotei	JANXEW01 sp025057995
GB_GCA_028275925	Thermoproteota	Thermoprotei	JANXEW01 sp028275925
GB_GCA_038854015	Thermoproteota	Thermoprotei	JANXEW01 sp038727095
GB_GCA_038833645	Thermoproteota	Thermoprotei	JANXEW01 sp038731975
GB_GCA_026014545	Thermoproteota	Bathyarchaeia	JAOAIV01 sp026014545
GB_GCA_037481775	Thermoproteota	Bathyarchaeia	JAOAIV01 sp037481775
GB_GCA_038886475	Thermoproteota	Bathyarchaeia	JAOAIV01 sp038848695
GB_GCA_038849555	Thermoproteota	Bathyarchaeia	JAOAIV01 sp038849555
GB_GCA_026414385	Nanobdellota	Nanobdellia	JAOAJC01 sp026414385
GB_GCA_038874715	Micrarchaeota	Micrarchaeia	JAOAJF01 sp038891055
GB_GCA_026413765	Micrarchaeota	Micrarchaeia	JAOAKI01 sp026413765
GB_GCA_038887295	Micrarchaeota	Micrarchaeia	JAOAKI01 sp038887295
GB_GCA_038891035	Micrarchaeota	Micrarchaeia	JAOAKI01 sp038891035
GB_GCA_026413605	Thermoproteota	Methanomethylicia	JAOAKM01 sp026413605
GB_GCA_038894875	Thermoproteota	Methanomethylicia	JAOAKM01 sp038894875
GB_GCA_029882335	Asgardarchaeota	Heimdallarchaeia	JAOUKW01 sp029882335
GB_GCA_029881805	Thermoproteota	Bathyarchaeia	JAOULW01 sp029881805
GB_GCA_029879735	Thermoproteota	Bathyarchaeia	JAOUPS01 sp029879735
GB_GCA_027491435	Korarchaeota	Korarchaeia	JAOZFG01 sp027491435
GB_GCA_027491455	Korarchaeota	JAOZGF01	JAOZFL01 sp027491455
GB_GCA_027492035	Korarchaeota	JAOZGF01	JAOZFT01 sp027492035
GB_GCA_037917685	Korarchaeota	Korarchaeia	JAOZGB01 sp037917685
GB_GCA_027491915	Korarchaeota	Korarchaeia	JAOZGC01 sp027491915
GB_GCA_026015185	Thermoproteota	Bathyarchaeia	JAOZGX01 sp026015185
GB_GCA_026014705	Thermoproteota	Bathyarchaeia	JAOZHU01 sp026014705
GB_GCA_038826755	Thermoproteota	Bathyarchaeia	JAOZHU01 sp038826755
GB_GCA_029259355	Thermoproteota	Bathyarchaeia	JAPDIZ01 sp029259355
GB_GCA_029259185	Hadarchaeota	Hadarchaeia	JAPDJF01 sp029259185
GB_GCA_029259055	Thermoplasmatota	E2	JAPDJP01 sp029259055
GB_GCA_029258925	Thermoproteota	Thermoprotei_A	JAPDJV01 sp029258925
GB_GCA_029258825	Nanobdellota	Nanobdellia	JAPDKA01 sp029258825
GB_GCA_041478535	Thermoproteota	Bathyarchaeia	JAPKYM01 sp026394315
GB_GCA_026397335	Aenigmatarchaeota	Aenigmatarchaeia	JAPLVB01 sp026397335
GB_GCA_026396995	Iainarchaeota	Iainarchaeia	JAPLVS01 sp026396995
GB_GCA_038736825	Iainarchaeota	Iainarchaeia	JAPLVS01 sp038736825
GB_GCA_041500865	Micrarchaeota	Micrarchaeia	JAPLWW01 sp041500865
GB_GCA_026396415	Micrarchaeota	Micrarchaeia	JAPLWY01 sp026396415
GB_GCA_026396285	Micrarchaeota	Micrarchaeia	JAPLXB01 sp026396285
GB_GCA_026394965	Nanobdellota	Nanobdellia	JAPLZQ01 sp026394965
GB_GCA_026712925	Thermoproteota	Nitrososphaeria	JAPOPJ01 sp026712925
GB_GCA_963662625	Thermoproteota	Nitrososphaeria	JAPOPJ01 sp963662625
GB_GCA_037389275	Thermoproteota	Thermoprotei_A	JAPYVG01 sp037389275
GB_GCA_028714235	Micrarchaeota	Micrarchaeia	JAQTMQ01 sp028714235
GB_GCA_028713535	Nanobdellota	Nanobdellia	JAQTMY01 sp028713535
GB_GCA_028714095	Nanobdellota	Nanobdellia	JAQTMY01 sp028714095
GB_GCA_028714375	Nanobdellota	Nanobdellia	JAQTMY01 sp028714375
GB_GCA_041649555	Micrarchaeota	Micrarchaeia	JAQTSF01 sp041649555
GB_GCA_041652755	Nanobdellota	Nanobdellia	JAQTTT01 sp041652755
GB_GCA_041653395	Nanobdellota	Nanobdellia	JAQTTT01 sp041653395
GB_GCA_028716945	Nanobdellota	Nanobdellia	JAQUOT01 sp028716945
GB_GCA_041651575	Nanobdellota	Nanobdellia	JAQUOT01 sp041651575
GB_GCA_028715295	Nanobdellota	Nanobdellia	JAQUSD01 sp028715295
GB_GCA_028691765	Nanobdellota	Nanobdellia	JAQUYS01 sp028691765
GB_GCA_028690255	Halobacteriota	Methanosarcinia	JAQVBP01 sp028690255
GB_GCA_029237525	Thermoproteota	Nitrososphaeria	JARBAU01 sp029237525
GB_GCA_040414675	Thermoproteota	Nitrososphaeria	JARBAU01 sp040414675
GB_GCA_029688825	Halobacteriota	Halobacteria	JARUKX01 sp029688825
GB_GCA_029762535	Thermoplasmatota	EX4484-6	JARVGK01 sp029762535
GB_GCA_029775995	Thermoproteota	Nitrososphaeria	JARVJX01 sp029775995
GB_GCA_029907705	Halobacteriota	Methanomicrobia	JARYLJ01 sp029907705
GB_GCA_029907305	Thermoplasmatota	E2	JARYMC01 sp029907305
GB_GCA_030019335	Thermoproteota	Bathyarchaeia	JASEET01 sp030019335
GB_GCA_030019155	Halobacteriota	UBA148	JASEEV01 sp030019435
GB_GCA_030017635	Halobacteriota	Methanomicrobia	JASEFH01 sp030019205
GB_GCA_034679905	Halobacteriota	Methanomicrobia	JASEFH01 sp034679905
GB_GCA_030017735	Thermoplasmatota	JASEFT01	JASEFT01 sp030018475
GB_GCA_030018135	Hadarchaeota	Hadarchaeia	JASEGJ01 sp030018135
GB_GCA_030154045	Nanobdellota	Nanobdellia	JASKKU01 sp030154045
GB_GCA_030740765	Thermoplasmatota	EX4484-6	JASLWR01 sp030740765
GB_GCA_036012225	Thermoproteota	Nitrososphaeria	JASMAB01 sp030745655
GB_GCA_030750015	SpSt-1190	SpSt-1190	JASMDC01 sp030753015
GB_GCA_030651375	Nanobdellota	Nanobdellia	JAUSFM01 sp030651375
GB_GCA_030647095	Nanobdellota	Nanobdellia	JAUSKH01 sp030647095
GB_GCA_030649345	Iainarchaeota	Iainarchaeia	JAUSKK01 sp030649345
GB_GCA_030604065	Thermoplasmatota	Thermoplasmata	JAUVWO01 sp030604065
GB_GCA_030018435	Halobacteriota	UBA148	JAUWXC01 sp030018435
GB_GCA_030616125	Aenigmatarchaeota	Aenigmatarchaeia	JAUWXZ01 sp030616125
GB_GCA_030681145	Methanobacteriota	Methanobacteria	JAUXXK01 sp030681145
GB_GCA_030700155	Nanobdellota	Nanobdellia	JAUYJU01 sp030700155
GB_GCA_030704845	Nanobdellota	Nanobdellia	JAUYKZ01 sp030704845
GB_GCA_030695685	Nanobdellota	Nanobdellia	JAUYPT01 sp030695685
GB_GCA_035289745	Nanobdellota	Nanobdellia	JAUYQE01 sp035289745
GB_GCA_031961865	Thermoplasmatota	Thermoplasmata	JAVRLB01 sp031961865
GB_GCA_038729465	Thermoplasmatota	Thermoplasmata	JAVRLB01 sp038729465
GB_GCA_031961165	Thermoplasmatota	Thermoplasmata	JAVRLS01 sp031961165
GB_GCA_038728585	Thermoproteota	Nitrososphaeria	JAVYTR01 sp038728585
GB_GCA_038878635	Micrarchaeota	Micrarchaeia	JAVYWU01 sp038877355
GB_GCA_038817485	Thermoproteota	Nitrososphaeria_A	JAVZCJ01 sp038817485
GB_GCA_038874475	Thermoproteota	Nitrososphaeria_A	JAVZCJ01 sp038874475
GB_GCA_038874355	Nanobdellota	Nanobdellia	JAVZCO01 sp038874355
GB_GCA_038874215	Micrarchaeota	Micrarchaeia	JAVZCV01 sp038874215
GB_GCA_038882915	B1Sed10-29	B1Sed10-29	JAVZDC01 sp038874115
GB_GCA_038878415	Micrarchaeota	Micrarchaeia	JAVZDR01 sp038873795
GB_GCA_038877215	Micrarchaeota	Micrarchaeia	JAVZDR01 sp038878295
GB_GCA_038999725	Aenigmatarchaeota	Aenigmatarchaeia	JAVZGQ01 sp038999725
GB_GCA_039000425	Aenigmatarchaeota	Aenigmatarchaeia	JAVZGQ01 sp039000425
GB_GCA_039091825	Aenigmatarchaeota	Aenigmatarchaeia	JAVZGQ01 sp039090665
GB_GCA_038998295	Aenigmatarchaeota	Aenigmatarchaeia	JAVZHQ01 sp038998335
GB_GCA_039000015	Aenigmatarchaeota	Aenigmatarchaeia	JAVZHQ01 sp039000165
GB_GCA_038871515	Micrarchaeota	Micrarchaeia	JAVZHX01 sp038871515
GB_GCA_037440545	Thermoproteota	Bathyarchaeia	JAVZIQ01 sp037440545
GB_GCA_038871175	Thermoproteota	Bathyarchaeia	JAVZIQ01 sp038871175
GB_GCA_037447235	Micrarchaeota	Micrarchaeia	JAVZJR01 sp037447235
GB_GCA_038890785	Micrarchaeota	Micrarchaeia	JAVZJR01 sp038851325
GB_GCA_038886115	Micrarchaeota	Micrarchaeia	JAVZJR01 sp038870635
GB_GCA_038883475	Thermoproteota	Bathyarchaeia	JAVZLH01 sp038883475
GB_GCA_038871215	Thermoproteota	Bathyarchaeia	JAVZLQ01 sp038882955
GB_GCA_038883335	Thermoproteota	Bathyarchaeia	JAVZMI01 sp038883335
GB_GCA_038883575	Thermoproteota	Bathyarchaeia	JAVZNZ01 sp038882575
GB_GCA_038881895	Thermoproteota	Thermoprotei	JAVZOV01 sp038881895
GB_GCA_038878695	Thermoproteota	Thermoprotei_A	JAVZVD01 sp038878695
GB_GCA_038886195	Nanobdellota	Nanobdellia	JAVZYK01 sp038886195
GB_GCA_037445145	Nanobdellota	Nanobdellia	JAWAAW01 sp037445145
GB_GCA_038850615	Nanobdellota	Nanobdellia	JAWAAW01 sp038850615
GB_GCA_038884915	Nanobdellota	Nanobdellia	JAWAAW01 sp038884575
GB_GCA_038884635	Nanobdellota	Nanobdellia	JAWAAW01 sp038884975
GB_GCA_041484255	Nanobdellota	Nanobdellia	JAWAAW01 sp041484255
GB_GCA_041489925	Nanobdellota	Nanobdellia	JAWAAW01 sp041489925
GB_GCA_038884815	Nanobdellota	Nanobdellia	JAWABC01 sp038884815
GB_GCA_038884615	Nanobdellota	Nanobdellia	JAWABL01 sp038884615
GB_GCA_038884455	Thermoplasmatota	E2	JAWABU01 sp038884455
GB_GCA_038998945	Aenigmatarchaeota	Aenigmatarchaeia	JAWADS01 sp038998625
GB_GCA_038890115	Nanobdellota	Nanobdellia	JAWADY01 sp038891615
GB_GCA_038850485	Altiarchaeota	Altiarchaeia	JAWAEV01 sp038891095
GB_GCA_038890875	Nanobdellota	Nanobdellia	JAWAFA01 sp038890875
GB_GCA_038870455	Micrarchaeota	Micrarchaeia	JAWAFC01 sp038870455
GB_GCA_038890815	Micrarchaeota	Micrarchaeia	JAWAFC01 sp038890815
GB_GCA_038890745	Micrarchaeota	Micrarchaeia	JAWAFD01 sp038890745
GB_GCA_038890615	Micrarchaeota	Micrarchaeia	JAWAFI01 sp038890615
GB_GCA_038894255	Thermoproteota	Bathyarchaeia	JAWAPV01 sp038894255
GB_GCA_038893995	Asgardarchaeota	Thorarchaeia	JAWAQK01 sp038893995
GB_GCA_038897155	Thermoproteota	Thermoprotei_A	JAWARQ01 sp038893355
GB_GCA_038897975	Thermoproteota	Thermoprotei_A	JAWAVV01 sp038897715
GB_GCA_038835345	Thermoproteota	Thermoprotei_A	JAWBBY01 sp038823915
GB_GCA_038888395	Nanobdellota	Nanobdellia	JAWBMQ01 sp038825875
GB_GCA_038828875	Nanobdellota	Nanobdellia	JAWBMQ01 sp038828875
GB_GCA_038826715	Thermoproteota	Bathyarchaeia	JAWBOH01 sp038826715
GB_GCA_038826015	Thermoproteota	Bathyarchaeia	JAWBOR01 sp038826015
GB_GCA_038825775	Nanobdellota	Nanobdellia	JAWBOW01 sp038825775
GB_GCA_038897095	Hadarchaeota	Hadarchaeia	JAWBSP01 sp038842485
GB_GCA_038853715	Thermoproteota	Methanomethylicia	JAWCJE01 sp038853715
GB_GCA_038852285	Thermoproteota	Bathyarchaeia	JAWCKG01 sp038852285
GB_GCA_038851215	Nanobdellota	Nanobdellia	JAWCLD01 sp038851215
GB_GCA_038851035	Thermoplasmatota	DTKX01	JAWCLH01 sp038851035
GB_GCA_037443105	Halobacteriota	JAWCLZ01	JAWCLZ01 sp037443105
GB_GCA_038850275	Halobacteriota	JAWCLZ01	JAWCLZ01 sp038850275
GB_GCA_038850285	Halobacteriota	JAWCLZ01	JAWCLZ01 sp038850285
GB_GCA_038849525	Nanobdellota	Nanobdellia	JAWCMS01 sp038849525
GB_GCA_038848005	Thermoproteota	Bathyarchaeia	JAWCNN01 sp038848005
GB_GCA_038848525	Thermoproteota	Bathyarchaeia	JAWCNN01 sp038848525
GB_GCA_038869755	Nanobdellota	Nanobdellia	JAWCQN01 sp038869755
GB_GCA_038869735	Micrarchaeota	Micrarchaeia	JAWCQO01 sp038869735
GB_GCA_038869515	Halobacteriota	Syntropharchaeia	JAWCQZ01 sp038869515
GB_GCA_038869035	Nanobdellota	Nanobdellia	JAWCRX01 sp038869035
GB_GCA_038869435	Thermoproteota	Nitrososphaeria	JAWCSA01 sp038868975
GB_GCA_034190245	Halobacteriota	Syntropharchaeia	JAXHTJ01 sp034190245
GB_GCA_034190145	Halobacteriota	Syntropharchaeia	JAXHTN01 sp034190145
GB_GCA_034659995	Methanobacteriota_B	Thermococci	JAYEIH01 sp034659995
GB_GCA_034660355	Nanobdellota	Nanobdellia	JAYEIZ01 sp034660355
GB_GCA_034660695	Thermoplasmatota	E2	JAYEJS01 sp034660695
GB_GCA_034660895	Thermoproteota	Bathyarchaeia	JAYEKF01 sp034660895
GB_GCA_034718475	Nanobdellota	Nanobdellia	JAYEMU01 sp034718475
GB_GCA_023128965	Aenigmatarchaeota	Aenigmatarchaeia	JAZGEG01 sp023128965
GB_GCA_036626215	Thermoplasmatota	E2	JAZKSG01 sp036626215
GB_GCA_039794045	Micrarchaeota	Micrarchaeia	JBAMLY01 sp039794045
GB_GCA_041665945	Micrarchaeota	Micrarchaeia	JBAYHU01 sp041665945
GB_GCA_041653515	Nanobdellota	Nanobdellia	JBAZFG01 sp041653515
GB_GCA_041648455	Nanobdellota	Nanobdellia	JBAZOZ01 sp041648455
GB_GCA_041657955	Thermoplasmatota	JASEFT01	JBBABA01 sp041657955
GB_GCA_040879765	Nanobdellota	Nanobdellia	JBBDJQ01 sp040879765
GB_GCA_040877685	Thermoproteota	Nitrososphaeria	JBBDNF01 sp040877685
GB_GCA_037444945	Micrarchaeota	Micrarchaeia	JBBILJ01 sp037444945
GB_GCA_037444485	Micrarchaeota	Micrarchaeia	JBBIMI01 sp037444485
GB_GCA_037442745	SpSt-1190	SpSt-1190	JBBIPP01 sp037442745
GB_GCA_037442405	Thermoproteota	Nitrososphaeria	JBBIQH01 sp037442405
GB_GCA_037439845	Nanobdellota	Nanobdellia	JBBIVF01 sp037439845
GB_GCA_038046545	Nanobdellota	Nanobdellia	JBBSVZ01 sp038046545
GB_GCA_035289665	Nanobdellota	Nanobdellia	JBBSWA01 sp035289665
GB_GCA_038046465	Nanobdellota	Nanobdellia	JBBSWB01 sp038046465
GB_GCA_038046345	Nanobdellota	Nanobdellia	JBBSWJ01 sp038046345
GB_GCA_038046005	Nanobdellota	Nanobdellia	JBBSXB01 sp038046005
GB_GCA_039683275	Halobacteriota	Methanomicrobia	JBDKRP01 sp039683275
GB_GCA_041287395	Thermoproteota	Thermoprotei_A	JBEULI01 sp041287395
GB_GCA_040514295	Thermoproteota	Thermoprotei_A	JBEVCE01 sp040514295
GB_GCA_041581335	Thermoplasmatota	E2	JBFGSX01 sp041581335
GB_GCA_041636435	Thermoplasmatota	E2	JBFGSX01 sp041636435
GB_GCA_041599235	Nanobdellota	Nanobdellia	JBFHWZ01 sp041599235
GB_GCA_041599855	Thermoplasmatota	SW-10-69-26	JBFILE01 sp041599855
GB_GCA_040755695	Iainarchaeota	Iainarchaeia	JBFMAK01 sp040755695
GB_GCA_040753455	Thermoplasmatota	Thermoplasmata	JBFMEL01 sp040753455
GB_GCA_040751885	Nanobdellota	Nanobdellia	JBFMFP01 sp040751885
GB_GCA_041479945	Thermoproteota	EX4484-205	JBGOYZ01 sp041479945
GB_GCA_026397315	Aenigmatarchaeota	Aenigmatarchaeia	JBGPQP01 sp026397315
GB_GCA_041478845	Thermoproteota	Bathyarchaeia	JBGQME01 sp041500425
GB_GCA_041500785	Thermoproteota	Bathyarchaeia	JBGQMW01 sp041500785
GB_GCA_002010045	Halobacteriota	Archaeoglobi	JdFR-22 sp002010045
GB_GCA_002010215	Halobacteriota	Archaeoglobi	JdFR-37 sp002010215
GB_GCA_002010285	Halobacteriota	Archaeoglobi	JdFR-41 sp002010285
GB_GCA_003935005	Halobacteriota	Archaeoglobi	JdFR-42 sp002010305
GB_GCA_024275755	Thermoplasmatota	E2	JdFR-43 sp024275755
GB_GCA_025920645	Nanobdellota	Nanobdellia	Jingweiarchaeum tengchongense
GB_GCA_018383875	Asgardarchaeota	Jordiarchaeia	Jordiarchaeum sp018383815
GB_GCA_038825615	Asgardarchaeota	Jordiarchaeia	Jordiarchaeum sp030587365
GB_GCA_038131005	Asgardarchaeota	Heimdallarchaeia	Kariarchaeum pelagium
GB_GCA_014859725	Halobacteriota	Methanosarcinia	Kmv04 sp014859725
RS_GCF_003948265	Korarchaeota	Korarchaeia	Korarchaeum cryptofilum
GB_GCA_003344655	Korarchaeota	Korarchaeia	Korarchaeum sp003344655
GB_GCA_020833055	Korarchaeota	Korarchaeia	Korarchaeum sp020833055
GB_GCA_038888615	Korarchaeota	Korarchaeia	Korarchaeum sp038888615
GB_GCA_018897155	EX4484-52	EX4484-52	LFW-46 sp018897155
GB_GCA_001412355	Halobacteriota	Methanomicrobia	LKUD01 sp001412355
GB_GCA_005223125	Asgardarchaeota	Lokiarchaeia	Loki-b32 sp005223125
GB_GCA_016839585	Asgardarchaeota	Lokiarchaeia	Loki-b32 sp016839585
GB_GCA_019058055	Asgardarchaeota	Lokiarchaeia	Loki-b32 sp019057865
GB_GCA_019058445	Asgardarchaeota	Lokiarchaeia	LW40-45 sp019058445
GB_GCA_018399355	Nanobdellota	Nanobdellia	M55A3 sp018399355
GB_GCA_027364975	Micrarchaeota	Micrarchaeia	Mancarchaeum acidiphilum
GB_GCA_027357825	Micrarchaeota	Micrarchaeia	Mancarchaeum sp021798935
GB_GCA_027353805	Micrarchaeota	Micrarchaeia	Mancarchaeum sp021821445
RS_GCF_000204925	Thermoproteota	Thermoprotei_A	Metallosphaera cuprina
RS_GCF_003201675	Thermoproteota	Thermoprotei_A	Metallosphaera hakonensis
GB_GCA_021654415	Thermoproteota	Thermoprotei_A	Metallosphaera javensis
RS_GCF_005222525	Thermoproteota	Thermoprotei_A	Metallosphaera sedula
RS_GCF_013343295	Thermoproteota	Thermoprotei_A	Metallosphaera tengchongensis
RS_GCF_000243315	Thermoproteota	Thermoprotei_A	Metallosphaera yellowstonensis
RS_GCF_001639265	Methanobacteriota	Methanobacteria	Methanacia filiformis
GB_GCA_934203295	Thermoplasmatota	Thermoplasmata	Methanarcanum hacksteinii
GB_GCA_963625795	Thermoplasmatota	Thermoplasmata	Methanarcanum sp963625795
GB_GCA_963632755	Thermoplasmatota	Thermoplasmata	Methanarcanum sp963632775
GB_GCA_963589775	Thermoplasmatota	Thermoplasmata	Methanarcanum sp963640855
GB_GCA_963642905	Thermoplasmatota	Thermoplasmata	Methanarcanum sp963643255
GB_GCA_963651945	Thermoplasmatota	Thermoplasmata	Methanarcanum sp963651945
RS_GCF_000404165	Methanobacteriota	Methanobacteria	Methanarmilla boviskoreani
RS_GCF_002208625	Methanobacteriota	Methanobacteria	Methanarmilla sp002208625
GB_GCA_902768855	Methanobacteriota	Methanobacteria	Methanarmilla sp900314605
RS_GCF_905235195	Methanobacteriota	Methanobacteria	Methanarmilla sp905235195
RS_GCF_000621965	Methanobacteriota	Methanobacteria	Methanarmilla wolinii
GB_GCA_009784005	Halobacteriota	Methanosarcinia	Methanimicrococcus labiotermitis
GB_GCA_013402945	Methanobacteriota	Methanobacteria	Methanobacterium_A sp002067325
GB_GCA_002504585	Methanobacteriota	Methanobacteria	Methanobacterium_A sp002494495
GB_GCA_002495625	Methanobacteriota	Methanobacteria	Methanobacterium_A sp002495625
GB_GCA_002502855	Methanobacteriota	Methanobacteria	Methanobacterium_A sp002502855
GB_GCA_003166335	Methanobacteriota	Methanobacteria	Methanobacterium_A sp003166335
GB_GCA_011620845	Methanobacteriota	Methanobacteria	Methanobacterium_A sp011620845
GB_GCA_015661405	Methanobacteriota	Methanobacteria	Methanobacterium_A sp015661405
GB_GCA_017883605	Methanobacteriota	Methanobacteria	Methanobacterium_A sp017883605
GB_GCA_018263005	Methanobacteriota	Methanobacteria	Methanobacterium_A sp018263005
GB_GCA_021372715	Methanobacteriota	Methanobacteria	Methanobacterium_A sp021372715
RS_GCF_000191585	Methanobacteriota	Methanobacteria	Methanobacterium_B lacus
RS_GCF_000744455	Methanobacteriota	Methanobacteria	Methanobacterium_B sp000744455
GB_GCA_003151535	Methanobacteriota	Methanobacteria	Methanobacterium_B sp003151535
GB_GCA_003158115	Methanobacteriota	Methanobacteria	Methanobacterium_B sp003158115
GB_GCA_009712615	Methanobacteriota	Methanobacteria	Methanobacterium_B sp009712615
GB_GCA_024167805	Methanobacteriota	Methanobacteria	Methanobacterium_B sp024167805
RS_GCF_019931065	Methanobacteriota	Methanobacteria	Methanobacterium_B spitsbergense
RS_GCF_017874455	Methanobacteriota	Methanobacteria	Methanobacterium_C aggregans
RS_GCF_900095295	Methanobacteriota	Methanobacteria	Methanobacterium_C congolense
RS_GCF_000214725	Methanobacteriota	Methanobacteria	Methanobacterium_C paludis
GB_GCA_036807565	Methanobacteriota	Methanobacteria	Methanobacterium_C sp002498385
RS_GCF_002287175	Methanobacteriota	Methanobacteria	Methanobacterium_D bryantii
GB_GCA_002494885	Methanobacteriota	Methanobacteria	Methanobacterium_D sp002494885
GB_GCA_002505765	Methanobacteriota	Methanobacteria	Methanobacterium_D sp002505765
GB_GCA_016222945	Methanobacteriota	Methanobacteria	Methanobacterium_D sp016222945
GB_GCA_023409695	Methanobacteriota	Methanobacteria	Methanobacterium_D sp023409695
GB_GCA_023411115	Methanobacteriota	Methanobacteria	Methanobacterium_D sp023411115
GB_GCA_023434825	Methanobacteriota	Methanobacteria	Methanobacterium_D sp023434825
GB_GCA_030017655	Methanobacteriota	Methanobacteria	Methanobacterium_D sp030017655
RS_GCF_038562635	Methanobacteriota	Methanobacteria	Methanobacterium_D sp038562635
GB_GCA_039666465	Methanobacteriota	Methanobacteria	Methanobacterium_D sp039666455
GB_GCA_039666435	Methanobacteriota	Methanobacteria	Methanobacterium_D sp039666535
GB_GCA_040373355	Methanobacteriota	Methanobacteria	Methanobacterium_D sp040373355
RS_GCF_027110435	Methanobacteriota	Methanobacteria	Methanobacterium_D veterum
RS_GCF_023227715	Methanobacteriota	Methanobacteria	Methanobacterium_E alcaliphilum
RS_GCF_018141185	Methanobacteriota	Methanobacteria	Methanobacterium_F alkalithermotolerans
RS_GCF_030296715	Methanobacteriota	Methanobacteria	Methanobacterium ferruginis
RS_GCF_041447325	Methanobacteriota	Methanobacteria	Methanobacterium formicicum
GB_GCA_041447305	Methanobacteriota	Methanobacteria	Methanobacterium formicicum_A
GB_GCA_003558085	Methanobacteriota	Methanobacteria	Methanobacterium_F sp003558085
GB_GCA_018902415	Methanobacteriota	Methanobacteria	Methanobacterium_F sp019084405
RS_GCF_017873625	Methanobacteriota	Methanobacteria	Methanobacterium petrolearium
GB_GCA_000309865	Methanobacteriota	Methanobacteria	Methanobacterium sp000309865
GB_GCA_000499765	Methanobacteriota	Methanobacteria	Methanobacterium sp000499765
GB_GCA_002067065	Methanobacteriota	Methanobacteria	Methanobacterium sp002067065
GB_GCA_036807545	Methanobacteriota	Methanobacteria	Methanobacterium sp002496805
RS_GCF_003491305	Methanobacteriota	Methanobacteria	Methanobacterium sp003491305
GB_GCA_012838205	Methanobacteriota	Methanobacteria	Methanobacterium sp012838205
GB_GCA_013403005	Methanobacteriota	Methanobacteria	Methanobacterium sp013403005
RS_GCF_016217785	Methanobacteriota	Methanobacteria	Methanobacterium sp016217785
GB_GCA_035363015	Methanobacteriota	Methanobacteria	Methanobacterium sp020855015
GB_GCA_027318585	Methanobacteriota	Methanobacteria	Methanobacterium sp027318585
GB_GCA_036787415	Methanobacteriota	Methanobacteria	Methanobacterium sp029556335
RS_GCF_030323845	Methanobacteriota	Methanobacteria	Methanobacterium sp030323845
GB_GCA_030539815	Methanobacteriota	Methanobacteria	Methanobacterium sp030539815
GB_GCA_036677945	Methanobacteriota	Methanobacteria	Methanobacterium sp030693105
GB_GCA_035319165	Methanobacteriota	Methanobacteria	Methanobacterium sp035319165
RS_GCF_963665055	Methanobacteriota	Methanobacteria	Methanobacterium sp963665055
RS_GCF_963666025	Methanobacteriota	Methanobacteria	Methanobacterium sp963666025
GB_GCA_019351055	Methanobacteriota	Methanobacteria	Methanobacterium subterraneum
RS_GCF_001639285	Methanobacteriota	Methanobacteria	Methanobaculum cuticulare
RS_GCF_002072215	Methanobacteriota	Methanobacteria	Methanobinarius arboriphilus
RS_GCF_015351715	Methanobacteriota	Methanobacteria	Methanobinarius arboriphilus_A
RS_GCF_020148105	Methanobacteriota	Methanobacteria	Methanobinarius sp020148105
RS_GCF_034928265	Methanobacteriota	Methanobacteria	Methanobinarius sp937881195
RS_GCF_001563245	Methanobacteriota	Methanobacteria	Methanobrevibacter olleyae
GB_GCA_015063035	Methanobacteriota	Methanobacteria	Methanobrevibacter olleyae_A
RS_GCF_000024185	Methanobacteriota	Methanobacteria	Methanobrevibacter ruminantium
GB_GCA_004553595	Methanobacteriota	Methanobacteria	Methanobrevibacter ruminantium_A
GB_GCA_016838945	Methanobacteriota	Methanobacteria	Methanobrevibacter sp016838945
RS_GCF_017410345	Methanobacteriota	Methanobacteria	Methanobrevibacter sp017410345
GB_GCA_024409145	Methanobacteriota	Methanobacteria	Methanobrevibacter sp024409145
GB_GCA_900314635	Methanobacteriota	Methanobacteria	Methanobrevibacter sp900314635
GB_GCA_024413795	Methanobacteriota	Methanobacteria	Methanobrevibacter sp902774685
RS_GCF_902784195	Methanobacteriota	Methanobacteria	Methanobrevibacter sp902784195
RS_GCF_937898925	Methanobacteriota	Methanobacteria	Methanobrevibacter sp937898925
RS_GCF_937906425	Methanobacteriota	Methanobacteria	Methanobrevibacter sp937906425
RS_GCF_024170505	Halobacteriota	Methanomicrobia	Methanocalculus alkaliphilus
RS_GCF_018132105	Halobacteriota	Methanomicrobia	Methanocalculus chunghsingensis
RS_GCF_038751955	Halobacteriota	Methanomicrobia	Methanocalculus natronophilus
GB_GCA_002496395	Halobacteriota	Methanomicrobia	Methanocalculus sp002496395
RS_GCF_003838065	Halobacteriota	Methanomicrobia	Methanocalculus sp003838065
RS_GCF_030655975	Halobacteriota	Methanomicrobia	Methanocalculus sp030651615
GB_GCA_011620885	Halobacteriota	Methanomicrobia	Methanocalculus sp9912u
RS_GCF_024372745	Halobacteriota	Methanomicrobia	Methanocalculus taiwanensis
RS_GCF_000739065	Methanobacteriota	Methanococci	Methanocaldococcus bathoardescens
RS_GCF_000023985	Methanobacteriota	Methanococci	Methanocaldococcus fervens
RS_GCF_000092305	Methanobacteriota	Methanococci	Methanocaldococcus infernus
RS_GCF_000091665	Methanobacteriota	Methanococci	Methanocaldococcus jannaschii
GB_GCA_902827205	Methanobacteriota	Methanococci	Methanocaldococcus lauensis
RS_GCF_000025525	Methanobacteriota	Methanococci	Methanocaldococcus sp000025525
RS_GCF_024490875	Methanobacteriota	Methanococci	Methanocaldococcus sp024490875
RS_GCF_000371805	Methanobacteriota	Methanococci	Methanocaldococcus villosus
RS_GCF_000024625	Methanobacteriota	Methanococci	Methanocaldococcus vulcanius
RS_GCF_900109595	Methanobacteriota	Methanobacteria	Methanocatella gottschalkii
RS_GCF_900103415	Methanobacteriota	Methanobacteria	Methanocatella millerae
RS_GCF_001477655	Methanobacteriota	Methanobacteria	Methanocatella millerae_A
RS_GCF_017622775	Methanobacteriota	Methanobacteria	Methanocatella millerae_B
RS_GCF_001639275	Methanobacteriota	Methanobacteria	Methanocatella oralis
RS_GCF_018379875	Methanobacteriota	Methanobacteria	Methanocatella smithii
RS_GCF_023617305	Methanobacteriota	Methanobacteria	Methanocatella smithii_A
RS_GCF_001548675	Methanobacteriota	Methanobacteria	Methanocatella sp001548675
RS_GCF_015062935	Methanobacteriota	Methanobacteria	Methanocatella sp015062935
RS_GCF_015062985	Methanobacteriota	Methanobacteria	Methanocatella sp015062985
RS_GCF_017406825	Methanobacteriota	Methanobacteria	Methanocatella sp017406825
GB_GCA_017407115	Methanobacteriota	Methanobacteria	Methanocatella sp017407115
RS_GCF_017409525	Methanobacteriota	Methanobacteria	Methanocatella sp017409525
GB_GCA_017434555	Methanobacteriota	Methanobacteria	Methanocatella sp017434555
RS_GCF_017447225	Methanobacteriota	Methanobacteria	Methanocatella sp017447225
RS_GCF_017468685	Methanobacteriota	Methanobacteria	Methanocatella sp017468685
GB_GCA_017473945	Methanobacteriota	Methanobacteria	Methanocatella sp017473945
RS_GCF_017539065	Methanobacteriota	Methanobacteria	Methanocatella sp017539065
GB_GCA_017553445	Methanobacteriota	Methanobacteria	Methanocatella sp017553445
RS_GCF_017940815	Methanobacteriota	Methanobacteria	Methanocatella sp017940815
GB_GCA_022775905	Methanobacteriota	Methanobacteria	Methanocatella sp022775905
GB_GCA_024689425	Methanobacteriota	Methanobacteria	Methanocatella sp024689425
RS_GCF_030539555	Methanobacteriota	Methanobacteria	Methanocatella sp030539555
RS_GCF_030539665	Methanobacteriota	Methanobacteria	Methanocatella sp030539665
RS_GCF_030539875	Methanobacteriota	Methanobacteria	Methanocatella sp030539875
RS_GCF_036307625	Methanobacteriota	Methanobacteria	Methanocatella sp036307625
RS_GCF_900314615	Methanobacteriota	Methanobacteria	Methanocatella sp900314615
RS_GCF_902763115	Methanobacteriota	Methanobacteria	Methanocatella sp900314695
RS_GCF_902800515	Methanobacteriota	Methanobacteria	Methanocatella sp900316895
RS_GCF_902800455	Methanobacteriota	Methanobacteria	Methanocatella sp900317865
RS_GCF_902771225	Methanobacteriota	Methanobacteria	Methanocatella sp900319535
RS_GCF_902800615	Methanobacteriota	Methanobacteria	Methanocatella sp900319985
RS_GCF_902762245	Methanobacteriota	Methanobacteria	Methanocatella sp900320515
GB_GCA_937975995	Methanobacteriota	Methanobacteria	Methanocatella sp900766745
RS_GCF_945645595	Methanobacteriota	Methanobacteria	Methanocatella sp900769095
RS_GCF_902764455	Methanobacteriota	Methanobacteria	Methanocatella sp902764455
RS_GCF_017519255	Methanobacteriota	Methanobacteria	Methanocatella sp902770715
RS_GCF_902774605	Methanobacteriota	Methanobacteria	Methanocatella sp902774605
RS_GCF_902785855	Methanobacteriota	Methanobacteria	Methanocatella sp902785855
RS_GCF_902788255	Methanobacteriota	Methanobacteria	Methanocatella sp902788255
RS_GCF_902801725	Methanobacteriota	Methanobacteria	Methanocatella sp902801725
RS_GCF_934746965	Methanobacteriota	Methanobacteria	Methanocatella sp934746965
RS_GCF_946184425	Methanobacteriota	Methanobacteria	Methanocatella sp946184425
RS_GCF_036307705	Methanobacteriota	Methanobacteria	Methanocatella sp946404245
RS_GCF_947166415	Methanobacteriota	Methanobacteria	Methanocatella sp947166415
RS_GCF_947169325	Methanobacteriota	Methanobacteria	Methanocatella sp947169325
RS_GCF_963082495	Methanobacteriota	Methanobacteria	Methanocatella sp963082495
GB_GCA_963606955	Methanobacteriota	Methanobacteria	Methanocatella sp963606955
RS_GCF_003111625	Methanobacteriota	Methanobacteria	Methanocatella thaueri
RS_GCF_015062915	Methanobacteriota	Methanobacteria	Methanocatella thaueri_B
RS_GCF_902406285	Methanobacteriota	Methanobacteria	Methanocatella woesei
RS_GCF_000063445	Halobacteriota	Methanocellia	Methanocella_A arvoryzae
GB_GCA_002067315	Halobacteriota	Methanocellia	Methanocella_A sp002067315
RS_GCF_000251105	Halobacteriota	Methanocellia	Methanocella conradii
RS_GCF_000011005	Halobacteriota	Methanocellia	Methanocella paludicola
RS_GCF_035506375	Halobacteriota	Methanocellia	Methanocella sp035506375
RS_GCF_031454185	Halobacteriota	Methanosarcinia	Methanococcoides alaskense
RS_GCF_000013725	Halobacteriota	Methanosarcinia	Methanococcoides burtonii
RS_GCF_900773915	Halobacteriota	Methanosarcinia	Methanococcoides methylutens
RS_GCF_000970325	Halobacteriota	Methanosarcinia	Methanococcoides methylutens_A
RS_GCF_021184045	Halobacteriota	Methanosarcinia	Methanococcoides orientis
RS_GCF_023684405	Halobacteriota	Methanosarcinia	Methanococcoides seepicolus
GB_GCA_021108185	Halobacteriota	Methanosarcinia	Methanococcoides sp021108185
GB_GCA_021108275	Halobacteriota	Methanosarcinia	Methanococcoides sp021108275
RS_GCF_038432375	Halobacteriota	Methanosarcinia	Methanococcoides sp038432375
RS_GCF_900774055	Halobacteriota	Methanosarcinia	Methanococcoides sp900774055
GB_GCA_963676195	Halobacteriota	Methanosarcinia	Methanococcoides sp963676195
RS_GCF_900773955	Halobacteriota	Methanosarcinia	Methanococcoides vulcani
RS_GCF_040362185	Methanobacteriota	Methanococci	Methanococcus maripaludis
RS_GCF_013760955	Methanobacteriota	Methanococci	Methanococcus maripaludis_A
RS_GCF_000016125	Methanobacteriota	Methanococci	Methanococcus maripaludis_D
RS_GCF_000017165	Methanobacteriota	Methanococci	Methanococcus vannielii
RS_GCF_024807035	Methanobacteriota	Methanococci	Methanococcus voltae
RS_GCF_017875395	Methanobacteriota	Methanococci	Methanococcus voltae_C
RS_GCF_024807655	Methanobacteriota	Methanococci	Methanococcus voltae_D
GB_GCA_014237495	Halobacteriota	Methanosarcinia	Methanocomedens sp014237145
GB_GCA_030610815	Halobacteriota	Methanosarcinia	Methanocomedens sp030610815
GB_GCA_944322135	Halobacteriota	Methanomicrobia	Methanocorpusculum faecipullorum
RS_GCF_032714615	Halobacteriota	Methanomicrobia	Methanocorpusculum furvi
RS_GCF_000015765	Halobacteriota	Methanomicrobia	Methanocorpusculum labreanum
RS_GCF_034933645	Halobacteriota	Methanomicrobia	Methanocorpusculum parvum
RS_GCF_026891975	Halobacteriota	Methanomicrobia	Methanocorpusculum petauri
RS_GCF_032714495	Halobacteriota	Methanomicrobia	Methanocorpusculum rubei
GB_GCA_002498375	Halobacteriota	Methanomicrobia	Methanocorpusculum sp002498375
GB_GCA_002506085	Halobacteriota	Methanomicrobia	Methanocorpusculum sp002506085
GB_GCA_017399555	Halobacteriota	Methanomicrobia	Methanocorpusculum sp017399555
GB_GCA_017408885	Halobacteriota	Methanomicrobia	Methanocorpusculum sp017408885
GB_GCA_023396065	Halobacteriota	Methanomicrobia	Methanocorpusculum sp023396065
RS_GCF_030655665	Halobacteriota	Methanomicrobia	Methanocorpusculum sp030655665
RS_GCF_963667985	Halobacteriota	Methanomicrobia	Methanocorpusculum sp963667985
GB_GCA_963676575	Halobacteriota	Methanomicrobia	Methanocorpusculum sp963676575
GB_GCA_963677995	Halobacteriota	Methanomicrobia	Methanocorpusculum sp963677995
RS_GCF_026891935	Halobacteriota	Methanomicrobia	Methanocorpusculum vombati
RS_GCF_029167205	Halobacteriota	Methanosarcinia	Methanocrinis alkalitolerans
GB_GCA_002503085	Halobacteriota	Methanosarcinia	Methanocrinis harundinacea_A
GB_GCA_002506535	Halobacteriota	Methanosarcinia	Methanocrinis harundinacea_B
GB_GCA_018434005	Halobacteriota	Methanosarcinia	Methanocrinis harundinacea_D
RS_GCF_000235565	Halobacteriota	Methanosarcinia	Methanocrinis harundinaceus
RS_GCF_029167045	Halobacteriota	Methanosarcinia	Methanocrinis natronophilus
GB_GCA_022840035	Halobacteriota	Methanosarcinia	Methanocrinis sp001602645
GB_GCA_035380685	Halobacteriota	Methanosarcinia	Methanocrinis sp035380685
GB_GCA_040770465	Halobacteriota	Methanosarcinia	Methanocrinis sp040770465
RS_GCF_030464345	Halobacteriota	Methanomicrobia	Methanoculleus_A frigidifontis
RS_GCF_004102725	Halobacteriota	Methanomicrobia	Methanoculleus_A taiwanensis
RS_GCF_018495055	Halobacteriota	Methanomicrobia	Methanoculleus bourgensis
RS_GCF_032842345	Halobacteriota	Methanomicrobia	Methanoculleus caldifontis
RS_GCF_019669965	Halobacteriota	Methanomicrobia	Methanoculleus chikugoensis
RS_GCF_900095385	Halobacteriota	Methanomicrobia	Methanoculleus chikugoensis_A
RS_GCF_025384765	Halobacteriota	Methanomicrobia	Methanoculleus formosensis
RS_GCF_001602375	Halobacteriota	Methanomicrobia	Methanoculleus horonobensis
RS_GCF_025914035	Halobacteriota	Methanomicrobia	Methanoculleus marisnigri
GB_GCA_002503885	Halobacteriota	Methanomicrobia	Methanoculleus marisnigri_B
RS_GCF_030464365	Halobacteriota	Methanomicrobia	Methanoculleus methanifontis
RS_GCF_032944295	Halobacteriota	Methanomicrobia	Methanoculleus nereidis
RS_GCF_023702065	Halobacteriota	Methanomicrobia	Methanoculleus oceani
RS_GCF_033472595	Halobacteriota	Methanomicrobia	Methanoculleus receptaculi
RS_GCF_001017125	Halobacteriota	Methanomicrobia	Methanoculleus sediminis
RS_GCF_000691865	Halobacteriota	Methanomicrobia	Methanoculleus sp000691865
RS_GCF_035417485	Halobacteriota	Methanomicrobia	Methanoculleus sp001896715
RS_GCF_030627555	Halobacteriota	Methanomicrobia	Methanoculleus sp002498065
GB_GCA_021371835	Halobacteriota	Methanomicrobia	Methanoculleus sp002501655
RS_GCF_028705395	Halobacteriota	Methanomicrobia	Methanoculleus sp002506585
RS_GCF_002499755	Halobacteriota	Methanomicrobia	Methanoculleus sp002508705
GB_GCA_002839645	Halobacteriota	Methanomicrobia	Methanoculleus sp002839645
GB_GCA_041655575	Halobacteriota	Methanomicrobia	Methanoculleus sp012510295
GB_GCA_033808455	Halobacteriota	Methanomicrobia	Methanoculleus sp012797575
GB_GCA_016841385	Halobacteriota	Methanomicrobia	Methanoculleus sp016841385
GB_GCA_016841295	Halobacteriota	Methanomicrobia	Methanoculleus sp016841955
RS_GCF_018433835	Halobacteriota	Methanomicrobia	Methanoculleus sp018433835
RS_GCF_913757945	Halobacteriota	Methanomicrobia	Methanoculleus sp019136335
RS_GCF_020696995	Halobacteriota	Methanomicrobia	Methanoculleus sp020696975
GB_GCA_022837745	Halobacteriota	Methanomicrobia	Methanoculleus sp022837745
RS_GCF_023195915	Halobacteriota	Methanomicrobia	Methanoculleus sp023195915
GB_GCA_023393455	Halobacteriota	Methanomicrobia	Methanoculleus sp023393455
GB_GCA_023436625	Halobacteriota	Methanomicrobia	Methanoculleus sp023436625
GB_GCA_023457135	Halobacteriota	Methanomicrobia	Methanoculleus sp023457135
RS_GCF_030019085	Halobacteriota	Methanomicrobia	Methanoculleus sp030019085
GB_GCA_030156165	Halobacteriota	Methanomicrobia	Methanoculleus sp030156625
GB_GCA_030446015	Halobacteriota	Methanomicrobia	Methanoculleus sp030446015
RS_GCF_036677455	Halobacteriota	Methanomicrobia	Methanoculleus sp036677455
GB_GCA_036794525	Halobacteriota	Methanomicrobia	Methanoculleus sp036794525
GB_GCA_029778815	Halobacteriota	Methanomicrobia	Methanoculleus thermohydrogenotrophicum
RS_GCF_900101055	Halobacteriota	Methanomicrobia	Methanoculleus thermophilus
GB_GCA_004347975	Korarchaeota	Korarchaeia	Methanodesulfokores washburnensis
GB_GCA_001587575	Methanobacteriota_B	Thermococci	Methanofastidiosum sp001587575
GB_GCA_035373565	Methanobacteriota_B	Thermococci	Methanofastidiosum sp001587595
GB_GCA_012797645	Methanobacteriota_B	Thermococci	Methanofastidiosum sp001587675
GB_GCA_001587715	Methanobacteriota_B	Thermococci	Methanofastidiosum sp001587715
GB_GCA_003558335	Methanobacteriota_B	Thermococci	Methanofastidiosum sp003558335
GB_GCA_040771805	Methanobacteriota_B	Thermococci	Methanofastidiosum sp012799835
GB_GCA_013178285	Methanobacteriota_B	Thermococci	Methanofastidiosum sp013178285
GB_GCA_020854815	Methanobacteriota_B	Thermococci	Methanofastidiosum sp020854815
GB_GCA_035358455	Methanobacteriota_B	Thermococci	Methanofastidiosum sp023622545
GB_GCA_035362715	Methanobacteriota_B	Thermococci	Methanofastidiosum sp035362715
GB_GCA_039679445	Methanobacteriota_B	Thermococci	Methanofastidiosum sp039679445
GB_GCA_034066125	Methanobacteriota_B	Thermococci	Methanofastidiosum sp041678455
RS_GCF_004310395	Methanobacteriota	Methanococci	Methanofervidicoccus abyssi
RS_GCF_000017185	Methanobacteriota	Methanococci	Methanofervidicoccus aeolicus
RS_GCF_000179575	Methanobacteriota	Methanococci	Methanofervidicoccus okinawensis
GB_GCA_015662355	Methanobacteriota	Methanococci	Methanofervidicoccus okinawensis_A
GB_GCA_015661555	Methanobacteriota	Methanococci	Methanofervidicoccus okinawensis_B
RS_GCF_003351865	Methanobacteriota	Methanococci	Methanofervidicoccus sp003351865
GB_GCA_027074775	Methanobacteriota	Methanococci	Methanofervidicoccus sp015523155
RS_GCF_001639295	Methanobacteriota	Methanobacteria	Methanoflexus curvatus
RS_GCF_017357525	Halobacteriota	Methanomicrobia	Methanofollis aquaemaris
RS_GCF_001571385	Halobacteriota	Methanomicrobia	Methanofollis ethanolicus
RS_GCF_004297185	Halobacteriota	Methanomicrobia	Methanofollis fontis
RS_GCF_019633745	Halobacteriota	Methanomicrobia	Methanofollis formosanus
RS_GCF_000275865	Halobacteriota	Methanomicrobia	Methanofollis liminatans
RS_GCF_002498315	Halobacteriota	Methanomicrobia	Methanofollis sp002498315
RS_GCF_017875325	Halobacteriota	Methanomicrobia	Methanofollis sp017875325
RS_GCF_028702905	Halobacteriota	Methanomicrobia	Methanofollis sp028702905
RS_GCF_937919355	Halobacteriota	Methanomicrobia	Methanofollis sp937919355
RS_GCF_013377755	Halobacteriota	Methanomicrobia	Methanofollis tationis
GB_GCA_003194445	Halobacteriota	Methanosarcinia	Methanogaster_A sp003194445
GB_GCA_030604085	Halobacteriota	Methanosarcinia	Methanogaster_A sp030604085
GB_GCA_028571765	Halobacteriota	Methanosarcinia	Methanogaster_A sp030606635
GB_GCA_029934375	Halobacteriota	Methanosarcinia	Methanogaster_B sp003601535
GB_GCA_030605805	Halobacteriota	Methanosarcinia	Methanogaster_D sp030605805
RS_GCF_026684035	Halobacteriota	Methanomicrobia	Methanogenium organophilum
RS_GCF_009914725	Halobacteriota	Methanomicrobia	Methanogenium sp009914725
RS_GCF_029633965	Halobacteriota	Methanomicrobia	Methanogenium sp029633965
GB_GCA_030595665	Halobacteriota	Methanomicrobia	Methanogenium sp030595665
GB_GCA_019262145	Thermoplasmatota	Thermoplasmata	Methanogranum gryphiswaldense
GB_GCA_036838305	Thermoplasmatota	Thermoplasmata	Methanogranum sp002506905
GB_GCA_963665795	Thermoplasmatota	Thermoplasmata	Methanogranum sp963676045
GB_GCA_001914405	Halobacteriota	Methanonatronarchaeia	Methanohalarchaeum thermophilum
RS_GCF_000196655	Halobacteriota	Methanosarcinia	Methanohalobium evestigatum
RS_GCF_018609725	Halobacteriota	Methanosarcinia	Methanohalobium sp018609725
RS_GCF_004104135	Halobacteriota	Methanosarcinia	Methanohalophilus euhalobius
RS_GCF_001889405	Halobacteriota	Methanosarcinia	Methanohalophilus halophilus
RS_GCF_017874375	Halobacteriota	Methanosarcinia	Methanohalophilus levihalophilus
RS_GCF_000025865	Halobacteriota	Methanosarcinia	Methanohalophilus mahii
RS_GCF_002761295	Halobacteriota	Methanosarcinia	Methanohalophilus portucalensis
RS_GCF_003722075	Halobacteriota	Methanosarcinia	Methanohalophilus sp003722075
RS_GCF_030156785	Halobacteriota	Methanosarcinia	Methanohalophilus sp030156785
RS_GCF_000784355	Halobacteriota	Methanomicrobia	Methanolacinia paynteri
RS_GCF_000147875	Halobacteriota	Methanomicrobia	Methanolacinia petrolearia
GB_GCA_002067095	Halobacteriota	Methanomicrobia	Methanolinea_A sp002067095
GB_GCA_018263335	Halobacteriota	Methanomicrobia	Methanolinea_A sp002067155
GB_GCA_002499825	Halobacteriota	Methanomicrobia	Methanolinea_A sp002506105
GB_GCA_034679845	Halobacteriota	Methanomicrobia	Methanolinea_A sp018262855
GB_GCA_024518585	Halobacteriota	Methanomicrobia	Methanolinea_A sp024518585
GB_GCA_025453675	Halobacteriota	Methanomicrobia	Methanolinea_A sp025453675
GB_GCA_029547605	Halobacteriota	Methanomicrobia	Methanolinea_A sp029547605
GB_GCA_035374185	Halobacteriota	Methanomicrobia	Methanolinea_A sp030019395
GB_GCA_030055515	Halobacteriota	Methanomicrobia	Methanolinea_A sp030055515
GB_GCA_033813295	Halobacteriota	Methanomicrobia	Methanolinea_A sp033813295
GB_GCA_002067115	Halobacteriota	Methanomicrobia	Methanolinea_A sp11423u
RS_GCF_017873855	Halobacteriota	Methanomicrobia	Methanolinea_B mesophila
GB_GCA_004212085	Halobacteriota	Methanoliparia	Methanolliviera hydrocarbonicum
GB_GCA_902158745	Halobacteriota	Methanoliparia	Methanolliviera sp902158745
RS_GCF_017873415	Halobacteriota	Methanosarcinia	Methanolobus bombayensis
RS_GCF_024500045	Halobacteriota	Methanosarcinia	Methanolobus chelungpuianus
RS_GCF_004745425	Halobacteriota	Methanosarcinia	Methanolobus halotolerans
RS_GCF_031312535	Halobacteriota	Methanosarcinia	Methanolobus mangrovi
RS_GCF_900114835	Halobacteriota	Methanosarcinia	Methanolobus profundi
GB_GCA_000306725	Halobacteriota	Methanosarcinia	Methanolobus psychrophilus
RS_GCF_002243045	Halobacteriota	Methanosarcinia	Methanolobus psychrotolerans
RS_GCF_031312595	Halobacteriota	Methanosarcinia	Methanolobus sediminis
GB_GCA_002501695	Halobacteriota	Methanosarcinia	Methanolobus sp002501695
GB_GCA_002507205	Halobacteriota	Methanosarcinia	Methanolobus sp002507205
GB_GCA_003559435	Halobacteriota	Methanosarcinia	Methanolobus sp003565715
RS_GCF_016278365	Halobacteriota	Methanosarcinia	Methanolobus sp016278365
RS_GCF_016278385	Halobacteriota	Methanosarcinia	Methanolobus sp016278385
GB_GCA_016932675	Halobacteriota	Methanosarcinia	Methanolobus sp016932675
GB_GCA_020055655	Halobacteriota	Methanosarcinia	Methanolobus sp020055655
GB_GCA_021767785	Halobacteriota	Methanosarcinia	Methanolobus sp021767785
GB_GCA_029762595	Halobacteriota	Methanosarcinia	Methanolobus sp029762595
GB_GCA_030446185	Halobacteriota	Methanosarcinia	Methanolobus sp030154025
RS_GCF_030682845	Halobacteriota	Methanosarcinia	Methanolobus sp030682845
GB_GCA_033549165	Halobacteriota	Methanosarcinia	Methanolobus sp033549165
GB_GCA_034008115	Halobacteriota	Methanosarcinia	Methanolobus sp034008115
RS_GCF_038022665	Halobacteriota	Methanosarcinia	Methanolobus sp038022665
RS_GCF_038446525	Halobacteriota	Methanosarcinia	Methanolobus sp038446525
RS_GCF_963665675	Halobacteriota	Methanosarcinia	Methanolobus sp963665675
RS_GCF_963667555	Halobacteriota	Methanosarcinia	Methanolobus sp963667555
GB_GCA_963675495	Halobacteriota	Methanosarcinia	Methanolobus sp963675495
RS_GCF_000504205	Halobacteriota	Methanosarcinia	Methanolobus tindarius
RS_GCF_900100715	Halobacteriota	Methanosarcinia	Methanolobus vulcani
RS_GCF_006546655	Halobacteriota	Methanosarcinia	Methanolobus vulcani_A
RS_GCF_013388255	Halobacteriota	Methanosarcinia	Methanolobus zinderi
GB_GCA_028571965	Halobacteriota	Methanosarcinia	Methanomarinus sp002926195
GB_GCA_021108405	Halobacteriota	Methanosarcinia	Methanomarinus sp021108405
RS_GCF_000404225	Thermoplasmatota	Thermoplasmata	Methanomassiliicoccus_A intestinalis
GB_GCA_937965765	Thermoplasmatota	Thermoplasmata	Methanomassiliicoccus_A sp905202485
GB_GCA_938048195	Thermoplasmatota	Thermoplasmata	Methanomassiliicoccus_A sp905203995
GB_GCA_944319735	Thermoplasmatota	Thermoplasmata	Methanomassiliicoccus_A sp944319735
RS_GCF_000308215	Thermoplasmatota	Thermoplasmata	Methanomassiliicoccus luminyensis
GB_GCA_001717035	Thermoproteota	Methanomethylicia	Methanomethylicus mesodigestus
GB_GCA_001717025	Thermoproteota	Methanomethylicia	Methanomethylicus oleisabuli
RS_GCF_000300255	Thermoplasmatota	Thermoplasmata	Methanomethylophilus alvi
GB_GCA_000350305	Thermoplasmatota	Thermoplasmata	Methanomethylophilus sp000350305
GB_GCA_030168595	Thermoplasmatota	Thermoplasmata	Methanomethylophilus sp001481295
GB_GCA_001560915	Thermoplasmatota	Thermoplasmata	Methanomethylophilus sp001560915
GB_GCA_937916545	Thermoplasmatota	Thermoplasmata	Methanomethylophilus sp002495325
GB_GCA_015063225	Thermoplasmatota	Thermoplasmata	Methanomethylophilus sp015063225
GB_GCA_902763685	Thermoplasmatota	Thermoplasmata	Methanomethylophilus sp902763685
GB_GCA_963627635	Thermoplasmatota	Thermoplasmata	Methanomethylophilus sp963591575
GB_GCA_963634695	Thermoplasmatota	Thermoplasmata	Methanomethylophilus sp963631655
GB_GCA_963635855	Thermoplasmatota	Thermoplasmata	Methanomethylophilus sp963635855
GB_GCA_963643445	Thermoplasmatota	Thermoplasmata	Methanomethylophilus sp963643445
GB_GCA_963646785	Thermoplasmatota	Thermoplasmata	Methanomethylophilus sp963646785
RS_GCF_000328665	Halobacteriota	Methanosarcinia	Methanomethylovorans hollandica
RS_GCF_018434035	Halobacteriota	Methanosarcinia	Methanomethylovorans sp001896725
RS_GCF_937930185	Halobacteriota	Methanosarcinia	Methanomethylovorans sp002067275
GB_GCA_002508425	Halobacteriota	Methanosarcinia	Methanomethylovorans sp002508425
GB_GCA_014361205	Halobacteriota	Methanosarcinia	Methanomethylovorans sp014361205
RS_GCF_041305605	Halobacteriota	Methanosarcinia	Methanomethylovorans sp041305605
RS_GCF_041447285	Halobacteriota	Methanosarcinia	Methanomethylovorans sp041447285
RS_GCF_036802725	Halobacteriota	Methanosarcinia	Methanomethylovorans sp937968035
RS_GCF_963678545	Halobacteriota	Methanosarcinia	Methanomethylovorans sp963678545
RS_GCF_029633915	Halobacteriota	Methanomicrobia	Methanomicrobium antiquum
GB_GCA_016291305	Halobacteriota	Methanomicrobia	Methanomicrobium mobile
GB_GCA_016937345	Halobacteriota	Methanomicrobia	Methanomicrobium sp016937345
RS_GCF_017875315	Halobacteriota	Methanomicrobia	Methanomicrobium sp017875315
GB_GCA_023396365	Halobacteriota	Methanomicrobia	Methanomicrobium sp023396365
RS_GCF_032878975	Halobacteriota	Methanomicrobia	Methanomicrobium sp032878975
GB_GCA_009780575	Thermoplasmatota	Thermoplasmata	Methanomicula labiotermitis
GB_GCA_009776695	Thermoplasmatota	Thermoplasmata	Methanomicula sp009776695
RS_GCF_023016325	Halobacteriota	Methanonatronarchaeia	Methanonatronarchaeum sp004212035
RS_GCF_029854155	Halobacteriota	Methanonatronarchaeia	Methanonatronarchaeum sp029854155
RS_GCF_002153915	Halobacteriota	Methanonatronarchaeia	Methanonatronarchaeum thermophilum
RS_GCF_021023085	Halobacteriota	Methanocellia	Methanooceanicella nereidis
GB_GCA_002839545	Halobacteriota	Methanosarcinia	Methanoperedens_A sp002839545
GB_GCA_033549205	Halobacteriota	Methanosarcinia	Methanoperedens_A sp014859785
GB_GCA_030069165	Halobacteriota	Methanosarcinia	Methanoperedens nitroreducens
GB_GCA_019912155	Halobacteriota	Methanosarcinia	Methanoperedens sp002487355
GB_GCA_003104905	Halobacteriota	Methanosarcinia	Methanoperedens sp003104905
GB_GCA_012026795	Halobacteriota	Methanosarcinia	Methanoperedens sp012026795
GB_GCA_012026835	Halobacteriota	Methanosarcinia	Methanoperedens sp012026835
GB_GCA_021409285	Halobacteriota	Methanosarcinia	Methanoperedens sp021409285
GB_GCA_023249105	Halobacteriota	Methanosarcinia	Methanoperedens sp023249105
GB_GCA_023249275	Halobacteriota	Methanosarcinia	Methanoperedens sp023249275
GB_GCA_026552955	Halobacteriota	Methanosarcinia	Methanoperedens sp026552955
GB_GCA_026552975	Halobacteriota	Methanosarcinia	Methanoperedens sp026552975
GB_GCA_027460465	Halobacteriota	Methanosarcinia	Methanoperedens sp027460465
GB_GCA_027460525	Halobacteriota	Methanosarcinia	Methanoperedens sp027460525
GB_GCA_027460495	Halobacteriota	Methanosarcinia	Methanoperedens sp027460535
GB_GCA_028715885	Halobacteriota	Methanosarcinia	Methanoperedens sp028715885
GB_GCA_028717345	Halobacteriota	Methanosarcinia	Methanoperedens sp028717345
GB_GCA_030650845	Halobacteriota	Methanosarcinia	Methanoperedens sp030650845
GB_GCA_036567605	Halobacteriota	Methanosarcinia	Methanoperedens sp036567605
GB_GCA_041491305	Halobacteriota	Methanosarcinia	Methanoperedens sp041491305
GB_GCA_041494705	Halobacteriota	Methanosarcinia	Methanoperedens sp041494705
GB_GCA_041648475	Halobacteriota	Methanosarcinia	Methanoperedens sp041648475
GB_GCA_902384525	Halobacteriota	Methanosarcinia	Methanoperedens sp902384525
GB_GCA_902386135	Halobacteriota	Methanosarcinia	Methanoperedens sp902386135
GB_GCA_902386205	Halobacteriota	Methanosarcinia	Methanoperedens sp902386205
GB_GCA_902386255	Halobacteriota	Methanosarcinia	Methanoperedens sp902386255
RS_GCF_024662215	Halobacteriota	Methanomicrobia	Methanoplanus endosymbiosus
RS_GCF_000243255	Halobacteriota	Methanomicrobia	Methanoplanus limicola
GB_GCA_009777615	Thermoplasmatota	Thermoplasmata	Methanoplasma cognatum
GB_GCA_031267895	Thermoplasmatota	Thermoplasmata	Methanoplasma glyptotermitis
GB_GCA_031290095	Thermoplasmatota	Thermoplasmata	Methanoplasma porotermitis
GB_GCA_009778575	Thermoplasmatota	Thermoplasmata	Methanoplasma sp009778575
GB_GCA_023402275	Thermoplasmatota	Thermoplasmata	Methanoplasma sp023402275
RS_GCF_000800805	Thermoplasmatota	Thermoplasmata	Methanoplasma termitum
GB_GCA_934155295	Thermoplasmatota	Thermoplasmata	Methanoprimaticola hominis
GB_GCA_001563305	Thermoplasmatota	Thermoplasmata	Methanoprimaticola sp001563305
GB_GCA_002504405	Thermoplasmatota	Thermoplasmata	Methanoprimaticola sp002504405
GB_GCA_934140855	Thermoplasmatota	Thermoplasmata	Methanoprimaticola sp002504495
GB_GCA_002494805	Thermoplasmatota	Thermoplasmata	Methanoprimaticola sp002506425
GB_GCA_944320375	Thermoplasmatota	Thermoplasmata	Methanoprimaticola sp006954425
GB_GCA_015063125	Thermoplasmatota	Thermoplasmata	Methanoprimaticola sp015063125
GB_GCA_015063165	Thermoplasmatota	Thermoplasmata	Methanoprimaticola sp015063165
GB_GCA_015063245	Thermoplasmatota	Thermoplasmata	Methanoprimaticola sp015063245
GB_GCA_015063285	Thermoplasmatota	Thermoplasmata	Methanoprimaticola sp015063285
GB_GCA_016284295	Thermoplasmatota	Thermoplasmata	Methanoprimaticola sp016284295
GB_GCA_017461225	Thermoplasmatota	Thermoplasmata	Methanoprimaticola sp017461225
GB_GCA_017468935	Thermoplasmatota	Thermoplasmata	Methanoprimaticola sp017468935
GB_GCA_017519045	Thermoplasmatota	Thermoplasmata	Methanoprimaticola sp017519045
GB_GCA_017524805	Thermoplasmatota	Thermoplasmata	Methanoprimaticola sp017524805
GB_GCA_017540825	Thermoplasmatota	Thermoplasmata	Methanoprimaticola sp017540825
GB_GCA_017935945	Thermoplasmatota	Thermoplasmata	Methanoprimaticola sp017935945
GB_GCA_944320205	Thermoplasmatota	Thermoplasmata	Methanoprimaticola sp905187815
GB_GCA_934234005	Thermoplasmatota	Thermoplasmata	Methanoprimaticola sp934234005
GB_GCA_934702355	Thermoplasmatota	Thermoplasmata	Methanoprimaticola sp934702355
GB_GCA_949291795	Thermoplasmatota	Thermoplasmata	Methanoprimaticola sp944320485
GB_GCA_944320495	Thermoplasmatota	Thermoplasmata	Methanoprimaticola sp944320495
GB_GCA_944322255	Thermoplasmatota	Thermoplasmata	Methanoprimaticola sp944322255
GB_GCA_959607685	Thermoplasmatota	Thermoplasmata	Methanoprimaticola sp945492685
GB_GCA_949295765	Thermoplasmatota	Thermoplasmata	Methanoprimaticola sp949295765
GB_GCA_959597175	Thermoplasmatota	Thermoplasmata	Methanoprimaticola sp959597175
GB_GCA_963586845	Thermoplasmatota	Thermoplasmata	Methanoprimaticola sp963586845
GB_GCA_963617815	Thermoplasmatota	Thermoplasmata	Methanoprimaticola sp963605395
GB_GCA_963637895	Thermoplasmatota	Thermoplasmata	Methanoprimaticola sp963637895
GB_GCA_963607185	Thermoplasmatota	Thermoplasmata	Methanoprimaticola sp963640995
GB_GCA_963645865	Thermoplasmatota	Thermoplasmata	Methanoprimaticola sp963645865
GB_GCA_963650175	Thermoplasmatota	Thermoplasmata	Methanoprimaticola sp963650175
GB_GCA_963656905	Thermoplasmatota	Thermoplasmata	Methanoprimaticola sp963656905
RS_GCF_000007185	Methanobacteriota	Methanopyri	Methanopyrus kandleri
RS_GCF_002201895	Methanobacteriota	Methanopyri	Methanopyrus sp002201895
GB_GCA_027067375	Methanobacteriota	Methanopyri	Methanopyrus sp013154335
GB_GCA_027064425	Methanobacteriota	Methanopyri	Methanopyrus sp027064425
RS_GCF_000017625	Halobacteriota	Methanomicrobia	Methanoregula boonei
RS_GCF_000327485	Halobacteriota	Methanomicrobia	Methanoregula formicica
RS_GCF_002067035	Halobacteriota	Methanomicrobia	Methanoregula sp002067035
GB_GCA_002495055	Halobacteriota	Methanomicrobia	Methanoregula sp002495055
GB_GCA_002506785	Halobacteriota	Methanomicrobia	Methanoregula sp002502245
RS_GCF_002502735	Halobacteriota	Methanomicrobia	Methanoregula sp002502735
RS_GCF_002835825	Halobacteriota	Methanomicrobia	Methanoregula sp002835825
GB_GCA_002839605	Halobacteriota	Methanomicrobia	Methanoregula sp002839605
GB_GCA_002839675	Halobacteriota	Methanomicrobia	Methanoregula sp002839675
GB_GCA_003141335	Halobacteriota	Methanomicrobia	Methanoregula sp003141335
RS_GCF_003170075	Halobacteriota	Methanomicrobia	Methanoregula sp003170075
GB_GCA_015660885	Halobacteriota	Methanomicrobia	Methanoregula sp015660885
RS_GCF_023227875	Halobacteriota	Methanomicrobia	Methanoregula sp023227875
GB_GCA_023228295	Halobacteriota	Methanomicrobia	Methanoregula sp023228295
GB_GCA_025350045	Halobacteriota	Methanomicrobia	Methanoregula sp025350045
GB_GCA_028679075	Halobacteriota	Methanomicrobia	Methanoregula sp028679075
RS_GCF_028679125	Halobacteriota	Methanomicrobia	Methanoregula sp028679125
GB_GCA_028679185	Halobacteriota	Methanomicrobia	Methanoregula sp028679185
RS_GCF_028712425	Halobacteriota	Methanomicrobia	Methanoregula sp028712425
GB_GCA_030651815	Halobacteriota	Methanomicrobia	Methanoregula sp030651815
GB_GCA_030653335	Halobacteriota	Methanomicrobia	Methanoregula sp030653335
GB_GCA_030694985	Halobacteriota	Methanomicrobia	Methanoregula sp030694985
GB_GCA_030919125	Halobacteriota	Methanomicrobia	Methanoregula sp030919125
GB_GCA_035527915	Halobacteriota	Methanomicrobia	Methanoregula sp035527915
RS_GCF_035543475	Halobacteriota	Methanomicrobia	Methanoregula sp035543475
GB_GCA_039698055	Halobacteriota	Methanomicrobia	Methanoregula sp039698055
GB_GCA_041645055	Halobacteriota	Methanomicrobia	Methanoregula sp041645055
GB_GCA_041645435	Halobacteriota	Methanomicrobia	Methanoregula sp041645435
RS_GCF_041645475	Halobacteriota	Methanomicrobia	Methanoregula sp041645475
GB_GCA_041662685	Halobacteriota	Methanomicrobia	Methanoregula sp041662685
RS_GCF_041663825	Halobacteriota	Methanomicrobia	Methanoregula sp041663825
GB_GCA_903851935	Halobacteriota	Methanomicrobia	Methanoregula sp903832665
RS_GCF_963662735	Halobacteriota	Methanomicrobia	Methanoregula sp963662735
RS_GCF_963667735	Halobacteriota	Methanomicrobia	Methanoregula sp963667735
GB_GCA_963676675	Halobacteriota	Methanomicrobia	Methanoregula sp963676675
RS_GCF_963677065	Halobacteriota	Methanomicrobia	Methanoregula sp963677065
RS_GCF_963678795	Halobacteriota	Methanomicrobia	Methanoregula sp963678795
GB_GCA_031286225	Methanobacteriota	Methanobacteria	Methanorudis spinitermitis
RS_GCF_024808815	Halobacteriota	Methanosarcinia	Methanosalsum natronophilum
RS_GCF_000217995	Halobacteriota	Methanosarcinia	Methanosalsum zhilinae
RS_GCF_000007345	Halobacteriota	Methanosarcinia	Methanosarcina acetivorans
RS_GCF_000970065	Halobacteriota	Methanosarcinia	Methanosarcina barkeri
RS_GCF_000970305	Halobacteriota	Methanosarcinia	Methanosarcina barkeri_A
RS_GCF_000969985	Halobacteriota	Methanosarcinia	Methanosarcina barkeri_B
RS_GCF_031461075	Halobacteriota	Methanosarcinia	Methanosarcina barkeri_C
RS_GCF_001304615	Halobacteriota	Methanosarcinia	Methanosarcina flavescens
RS_GCF_000970285	Halobacteriota	Methanosarcinia	Methanosarcina horonobensis
RS_GCF_000970265	Halobacteriota	Methanosarcinia	Methanosarcina lacustris
GB_GCA_038562655	Halobacteriota	Methanosarcinia	Methanosarcina mazei
RS_GCF_000970085	Halobacteriota	Methanosarcinia	Methanosarcina siciliae
RS_GCF_000969965	Halobacteriota	Methanosarcinia	Methanosarcina sp000969965
RS_GCF_000979475	Halobacteriota	Methanosarcinia	Methanosarcina sp000979455
GB_GCA_001714685	Halobacteriota	Methanosarcinia	Methanosarcina sp001714685
GB_GCA_036755105	Halobacteriota	Methanosarcinia	Methanosarcina sp002496565
GB_GCA_002508475	Halobacteriota	Methanosarcinia	Methanosarcina sp002499445
RS_GCF_002505485	Halobacteriota	Methanosarcinia	Methanosarcina sp002505485
GB_GCA_012839505	Halobacteriota	Methanosarcinia	Methanosarcina sp002509325
GB_GCA_003164755	Halobacteriota	Methanosarcinia	Methanosarcina sp003164755
RS_GCF_004099695	Halobacteriota	Methanosarcinia	Methanosarcina sp004099695
RS_GCF_034331585	Halobacteriota	Methanosarcinia	Methanosarcina sp020804225
GB_GCA_023399215	Halobacteriota	Methanosarcinia	Methanosarcina sp023399215
RS_GCF_024372725	Halobacteriota	Methanosarcinia	Methanosarcina sp024372725
RS_GCF_028693135	Halobacteriota	Methanosarcinia	Methanosarcina sp028693135
GB_GCA_030054735	Halobacteriota	Methanosarcinia	Methanosarcina sp030054735
RS_GCF_035390745	Halobacteriota	Methanosarcinia	Methanosarcina sp035390745
GB_GCA_035560835	Halobacteriota	Methanosarcinia	Methanosarcina sp035560835
GB_GCA_036504475	Halobacteriota	Methanosarcinia	Methanosarcina sp036504475
GB_GCA_036838325	Halobacteriota	Methanosarcinia	Methanosarcina sp11020u
RS_GCF_033485125	Halobacteriota	Methanosarcinia	Methanosarcina spelaei
GB_GCA_036679345	Halobacteriota	Methanosarcinia	Methanosarcina thermophila
RS_GCF_000969945	Halobacteriota	Methanosarcinia	Methanosarcina vacuolata
RS_GCF_002287195	Methanobacteriota	Methanobacteria	Methanosphaera cuniculi
RS_GCF_028890305	Methanobacteriota	Methanobacteria	Methanosphaera massiliense
RS_GCF_001729965	Methanobacteriota	Methanobacteria	Methanosphaera sp001729965
RS_GCF_003268005	Methanobacteriota	Methanobacteria	Methanosphaera sp003268005
RS_GCF_016282985	Methanobacteriota	Methanobacteria	Methanosphaera sp016282985
RS_GCF_034480035	Methanobacteriota	Methanobacteria	Methanosphaera sp017431845
RS_GCF_029226445	Methanobacteriota	Methanobacteria	Methanosphaera sp022768985
GB_GCA_030539615	Methanobacteriota	Methanobacteria	Methanosphaera sp030539615
GB_GCA_946542835	Methanobacteriota	Methanobacteria	Methanosphaera sp11921u
RS_GCF_000012545	Methanobacteriota	Methanobacteria	Methanosphaera stadtmanae
GB_GCA_015062825	Methanobacteriota	Methanobacteria	Methanosphaera stadtmanae_A
GB_GCA_015062805	Methanobacteriota	Methanobacteria	Methanosphaera stadtmanae_C
RS_GCF_000021965	Halobacteriota	Methanomicrobia	Methanosphaerula palustris
RS_GCF_000013445	Halobacteriota	Methanomicrobia	Methanospirillum hungatei
RS_GCF_020216685	Halobacteriota	Methanomicrobia	Methanospirillum hungatei_B
RS_GCF_003173355	Halobacteriota	Methanomicrobia	Methanospirillum lacunae
RS_GCF_018435085	Halobacteriota	Methanomicrobia	Methanospirillum sp012520015
GB_GCA_012729535	Halobacteriota	Methanomicrobia	Methanospirillum sp012729535
RS_GCF_018502485	Halobacteriota	Methanomicrobia	Methanospirillum sp012729995
RS_GCF_041859935	Halobacteriota	Methanomicrobia	Methanospirillum sp028695895
RS_GCF_035560735	Halobacteriota	Methanomicrobia	Methanospirillum sp035560735
GB_GCA_035561295	Halobacteriota	Methanomicrobia	Methanospirillum sp035561295
RS_GCF_963668475	Halobacteriota	Methanomicrobia	Methanospirillum sp963668475
RS_GCF_003173335	Halobacteriota	Methanomicrobia	Methanospirillum stamsii
GB_GCA_039630675	Thermoproteota	Methanomethylicia	Methanosuratincola petrocarbonis
GB_GCA_014361455	Thermoproteota	Methanomethylicia	Methanosuratincola sp014361455
GB_GCA_029907755	Thermoproteota	Methanomethylicia	Methanosuratincola sp029907755
GB_GCA_037478935	Thermoproteota	Methanomethylicia	Methanosuratincola sp037478935
GB_GCA_004028775	Thermoproteota	Methanomethylicia	Methanosuratincola subterraneus
GB_GCA_001507955	Methanobacteriota	Methanobacteria	Methanothermobacter_A sp001507955
GB_GCA_003584625	Methanobacteriota	Methanobacteria	Methanothermobacter_A sp003584625
GB_GCA_030055615	Methanobacteriota	Methanobacteria	Methanothermobacter_A sp030055615
GB_GCA_030019295	Methanobacteriota	Methanobacteria	Methanothermobacter_A tenebrarum
GB_GCA_013178175	Methanobacteriota	Methanobacteria	Methanothermobacter_A tenebrarum_A
RS_GCF_026692625	Methanobacteriota	Methanobacteria	Methanothermobacter marburgensis
RS_GCF_000828575	Methanobacteriota	Methanobacteria	Methanothermobacter sp000828575
RS_GCF_022014235	Methanobacteriota	Methanobacteria	Methanothermobacter sp022014235
RS_GCF_030055425	Methanobacteriota	Methanobacteria	Methanothermobacter sp030055425
RS_GCF_030055435	Methanobacteriota	Methanobacteria	Methanothermobacter sp030055435
RS_GCF_027554905	Methanobacteriota	Methanobacteria	Methanothermobacter thermautotrophicus
RS_GCF_014889545	Methanobacteriota	Methanobacteria	Methanothermobacter thermautotrophicus_A
GB_GCA_900095815	Methanobacteriota	Methanobacteria	Methanothermobacter wolfei
RS_GCF_000376965	Methanobacteriota	Methanococci	Methanothermococcus thermolithotrophicus
GB_GCA_000166095	Methanobacteriota	Methanobacteria	Methanothermus fervidus
RS_GCF_024518575	Halobacteriota	Methanosarcinia	Methanothrix_B sp024518575
GB_GCA_026419855	Halobacteriota	Methanosarcinia	Methanothrix_B sp026419855
GB_GCA_035360335	Halobacteriota	Methanosarcinia	Methanothrix_B sp029553285
GB_GCA_029907715	Halobacteriota	Methanosarcinia	Methanothrix_B sp029907715
RS_GCF_030055635	Halobacteriota	Methanosarcinia	Methanothrix_B sp030055635
RS_GCF_000014945	Halobacteriota	Methanosarcinia	Methanothrix_B thermoacetophila
GB_GCA_029549045	Halobacteriota	Methanosarcinia	Methanothrix soehngenii
GB_GCA_002067365	Halobacteriota	Methanosarcinia	Methanothrix sp002067365
GB_GCA_002067705	Halobacteriota	Methanosarcinia	Methanothrix sp002067705
GB_GCA_002067755	Halobacteriota	Methanosarcinia	Methanothrix sp002067755
RS_GCF_023229265	Halobacteriota	Methanosarcinia	Methanothrix sp002498745
GB_GCA_003857025	Halobacteriota	Methanosarcinia	Methanothrix sp003857025
RS_GCF_011620785	Halobacteriota	Methanosarcinia	Methanothrix sp011620785
GB_GCA_035382285	Halobacteriota	Methanosarcinia	Methanothrix sp016706325
GB_GCA_016927055	Halobacteriota	Methanosarcinia	Methanothrix sp016927055
GB_GCA_033812415	Halobacteriota	Methanosarcinia	Methanothrix sp017994055
GB_GCA_035369905	Halobacteriota	Methanosarcinia	Methanothrix sp018052825
GB_GCA_041664085	Halobacteriota	Methanosarcinia	Methanothrix sp023229165
GB_GCA_025361645	Halobacteriota	Methanosarcinia	Methanothrix sp025361645
GB_GCA_026394555	Halobacteriota	Methanosarcinia	Methanothrix sp026394555
GB_GCA_963677865	Halobacteriota	Methanosarcinia	Methanothrix sp028682845
GB_GCA_030372945	Halobacteriota	Methanosarcinia	Methanothrix sp030372945
GB_GCA_035527135	Halobacteriota	Methanosarcinia	Methanothrix sp035527135
GB_GCA_037128175	Halobacteriota	Methanosarcinia	Methanothrix sp037128175
GB_GCA_903883005	Halobacteriota	Methanosarcinia	Methanothrix sp903871465
GB_GCA_937864385	Halobacteriota	Methanosarcinia	Methanothrix sp937864385
GB_GCA_963678495	Halobacteriota	Methanosarcinia	Methanothrix sp963682135
RS_GCF_000243455	Methanobacteriota	Methanococci	Methanotorris formicicus
RS_GCF_000214415	Methanobacteriota	Methanococci	Methanotorris igneus
GB_GCA_031272765	Methanobacteriota	Methanobacteria	Methanovirga australis
GB_GCA_031289325	Methanobacteriota	Methanobacteria	Methanovirga meridionalis
GB_GCA_016841485	Halobacteriota	Methanomicrobia	Methanovulcanius sp016841485
RS_GCF_018687785	Halobacteriota	Methanomicrobia	Methanovulcanius yangii
RS_GCF_000711905	Halobacteriota	Methanosarcinia	Methermicoccus shengliensis
GB_GCA_029637525	Thermoproteota	Thermoprotei_A	MEX13ELK6-19 sp029637525
GB_GCA_964007955	Thermoplasmatota	Poseidoniia	MGIIa-K1 sp002710015
GB_GCA_003602535	Thermoplasmatota	Poseidoniia	MGIIa-K1 sp003602535
GB_GCA_012959485	Thermoplasmatota	Poseidoniia	MGIIa-K1 sp004195515
GB_GCA_018659815	Thermoplasmatota	Poseidoniia	MGIIa-K1 sp018650165
GB_GCA_000246735	Thermoplasmatota	Poseidoniia	MGIIa-L1 sp000246735
GB_GCA_016777175	Thermoplasmatota	Poseidoniia	MGIIa-L1 sp002172355
GB_GCA_964013535	Thermoplasmatota	Poseidoniia	MGIIa-L1 sp002495945
GB_GCA_027619555	Thermoplasmatota	Poseidoniia	MGIIa-L1 sp002499015
GB_GCA_943842745	Thermoplasmatota	Poseidoniia	MGIIa-L1 sp002502605
GB_GCA_943844695	Thermoplasmatota	Poseidoniia	MGIIa-L1 sp002506275
GB_GCA_002687075	Thermoplasmatota	Poseidoniia	MGIIa-L1 sp002687075
GB_GCA_964005665	Thermoplasmatota	Poseidoniia	MGIIa-L1 sp002726395
GB_GCA_943788655	Thermoplasmatota	Poseidoniia	MGIIa-L1 sp009887095
GB_GCA_937896455	Thermoplasmatota	Poseidoniia	MGIIa-L1 sp009887195
GB_GCA_963980575	Thermoplasmatota	Poseidoniia	MGIIa-L1 sp018659375
GB_GCA_018694985	Thermoplasmatota	Poseidoniia	MGIIa-L1 sp018662825
GB_GCA_963979395	Thermoplasmatota	Poseidoniia	MGIIa-L1 sp018667575
GB_GCA_028822845	Thermoplasmatota	Poseidoniia	MGIIa-L1 sp028822845
GB_GCA_963968125	Thermoplasmatota	Poseidoniia	MGIIa-L1 sp028822955
GB_GCA_029250325	Thermoplasmatota	Poseidoniia	MGIIa-L1 sp029250305
GB_GCA_963997415	Thermoplasmatota	Poseidoniia	MGIIa-L1 sp8160u
GB_GCA_963932705	Thermoplasmatota	Poseidoniia	MGIIa-L1 sp905181785
GB_GCA_037622285	Thermoplasmatota	Poseidoniia	MGIIa-L1 sp905182125
GB_GCA_963932565	Thermoplasmatota	Poseidoniia	MGIIa-L1 sp905182185
GB_GCA_949372615	Thermoplasmatota	Poseidoniia	MGIIa-L1 sp905182715
GB_GCA_937892945	Thermoplasmatota	Poseidoniia	MGIIa-L1 sp937892945
GB_GCA_938075675	Thermoplasmatota	Poseidoniia	MGIIa-L1 sp938075675
GB_GCA_036821685	Thermoplasmatota	Poseidoniia	MGIIa-L1 sp938084455
GB_GCA_949372875	Thermoplasmatota	Poseidoniia	MGIIa-L1 sp949372875
GB_GCA_937915175	Thermoplasmatota	Poseidoniia	MGIIa-L1 sp9513u
GB_GCA_964001615	Thermoplasmatota	Poseidoniia	MGIIa-L1 sp9596u
GB_GCA_964001175	Thermoplasmatota	Poseidoniia	MGIIa-L1 sp964001175
GB_GCA_964015875	Thermoplasmatota	Poseidoniia	MGIIa-L1 sp964015875
GB_GCA_963990755	Thermoplasmatota	Poseidoniia	MGIIa-L2 sp002171315
GB_GCA_964002215	Thermoplasmatota	Poseidoniia	MGIIa-L2 sp002499195
GB_GCA_937894155	Thermoplasmatota	Poseidoniia	MGIIa-L2 sp002502215
GB_GCA_964012785	Thermoplasmatota	Poseidoniia	MGIIa-L2 sp002698145
GB_GCA_964014005	Thermoplasmatota	Poseidoniia	MGIIa-L2 sp002722615
GB_GCA_963934235	Thermoplasmatota	Poseidoniia	MGIIa-L2 sp009887135
GB_GCA_963991325	Thermoplasmatota	Poseidoniia	MGIIa-L2 sp016777125
GB_GCA_937894115	Thermoplasmatota	Poseidoniia	MGIIa-L2 sp937894115
GB_GCA_963968405	Thermoplasmatota	Poseidoniia	MGIIa-L2 sp937911445
GB_GCA_002712495	Thermoplasmatota	Poseidoniia	MGIIa-L3 sp002496845
GB_GCA_964015155	Thermoplasmatota	Poseidoniia	MGIIa-L3 sp002694585
GB_GCA_963998175	Thermoplasmatota	Poseidoniia	MGIIa-L3 sp002722135
GB_GCA_937907075	Thermoplasmatota	Poseidoniia	MGIIa-L3 sp002723635
GB_GCA_023254445	Thermoplasmatota	Poseidoniia	MGIIa-L3 sp023254445
GB_GCA_038105625	Thermoplasmatota	Poseidoniia	MGIIa-L3 sp030830875
GB_GCA_964013155	Thermoplasmatota	Poseidoniia	MGIIa-L3 sp11892u
GB_GCA_002718195	Thermoplasmatota	Poseidoniia	MGIIa-L4 sp002718195
GB_GCA_963999185	Thermoplasmatota	Poseidoniia	MGIIb-N1 sp002499585
GB_GCA_011523055	Thermoplasmatota	Poseidoniia	MGIIb-N1 sp011523055
GB_GCA_964000085	Thermoplasmatota	Poseidoniia	MGIIb-N2 sp002502625
GB_GCA_036145775	Thermoplasmatota	Poseidoniia	MGIIb-N2 sp002697105
GB_GCA_002708015	Thermoplasmatota	Poseidoniia	MGIIb-N2 sp002708015
GB_GCA_963968505	Thermoplasmatota	Poseidoniia	MGIIb-O1 sp002497025
GB_GCA_963991825	Thermoplasmatota	Poseidoniia	MGIIb-O1 sp002497895
GB_GCA_963934175	Thermoplasmatota	Poseidoniia	MGIIb-O1 sp002498525
GB_GCA_002504415	Thermoplasmatota	Poseidoniia	MGIIb-O1 sp002498725
GB_GCA_964004455	Thermoplasmatota	Poseidoniia	MGIIb-O1 sp002502175
GB_GCA_008080995	Thermoplasmatota	Poseidoniia	MGIIb-O1 sp002685415
GB_GCA_022449345	Thermoplasmatota	Poseidoniia	MGIIb-O1 sp022449345
GB_GCA_029250665	Thermoplasmatota	Poseidoniia	MGIIb-O1 sp029250665
GB_GCA_030740835	Thermoplasmatota	Poseidoniia	MGIIb-O1 sp12570u
GB_GCA_963934565	Thermoplasmatota	Poseidoniia	MGIIb-O1 sp8684u
GB_GCA_937876055	Thermoplasmatota	Poseidoniia	MGIIb-O1 sp937876055
GB_GCA_937890935	Thermoplasmatota	Poseidoniia	MGIIb-O2 sp002494975
GB_GCA_963990265	Thermoplasmatota	Poseidoniia	MGIIb-O2 sp002498985
GB_GCA_963998875	Thermoplasmatota	Poseidoniia	MGIIb-O2 sp002504905
GB_GCA_964003245	Thermoplasmatota	Poseidoniia	MGIIb-O2 sp964003245
GB_GCA_938049375	Thermoplasmatota	Poseidoniia	MGIIb-O3 sp002172375
GB_GCA_002171445	Thermoplasmatota	Poseidoniia	MGIIb-O3 sp002457145
GB_GCA_949372745	Thermoplasmatota	Poseidoniia	MGIIb-O3 sp002503285
GB_GCA_964004435	Thermoplasmatota	Poseidoniia	MGIIb-O5 sp002498925
GB_GCA_963998425	Thermoplasmatota	Poseidoniia	MGIIb-O5 sp002499865
GB_GCA_963992115	Thermoplasmatota	Poseidoniia	MGIIb-O5 sp002501805
GB_GCA_963989695	Thermoplasmatota	Poseidoniia	MGIIb-O5 sp028283505
GB_GCA_036154155	Thermoplasmatota	Poseidoniia	MGIIb-O5 sp036154155
GB_GCA_963999015	Thermoplasmatota	Poseidoniia	MGIIb-P sp002724815
GB_GCA_028821675	Thermoplasmatota	Poseidoniia	MGIIb-P sp028821675
GB_GCA_028821815	Thermoplasmatota	Poseidoniia	MGIIb-P sp028821815
GB_GCA_001896515	Micrarchaeota	Micrarchaeia	Micrarchaeum_A acidiphilum_A
GB_GCA_026127865	Micrarchaeota	Micrarchaeia	Micrarchaeum acidiphilum
GB_GCA_027343445	Micrarchaeota	Micrarchaeia	Micrarchaeum_A sp021797495
GB_GCA_027318105	Micrarchaeota	Micrarchaeia	Micrarchaeum_A sp021827665
GB_GCA_023485295	Micrarchaeota	Micrarchaeia	Micrarchaeum_A sp023485295
GB_GCA_002011155	Halobacteriota	Archaeoglobi	Mnemosynella biddleae
GB_GCA_001872185	Nanobdellota	Nanobdellia	MNVX01 sp001872185
GB_GCA_024275415	Asgardarchaeota	Thorarchaeia	MP5-2226 sp024275415
GB_GCA_030612005	Asgardarchaeota	Thorarchaeia	MP8T-1 sp030612005
RS_GCF_000970045	Halobacteriota	Methanosarcinia	MTP4 sp000970045
GB_GCA_016841265	Halobacteriota	Methanosarcinia	MTP4 sp016841265
GB_GCA_016841625	Halobacteriota	Methanosarcinia	MTP4 sp016841625
GB_GCA_030627005	Halobacteriota	Methanosarcinia	MTP4 sp9310u
GB_GCA_035420185	Halobacteriota	Methanosarcinia	MVQI01 sp002067795
GB_GCA_002067865	Thermoplasmatota	Thermoplasmata	MVRC01 sp002067865
GB_GCA_013415865	Thermoplasmatota	Thermoplasmata	MVRC01 sp013415865
GB_GCA_021372315	Thermoplasmatota	Thermoplasmata	MVRC01 sp021372315
GB_GCA_002067895	Halobacteriota	Methanomicrobia	MVRE01 sp002067895
GB_GCA_015660965	Halobacteriota	Methanomicrobia	MVRE01 sp015660965
GB_GCA_035389685	Halobacteriota	Methanomicrobia	MVRE01 sp022711635
GB_GCA_026394605	Halobacteriota	Methanomicrobia	MVRE01 sp026394605
GB_GCA_026625165	Halobacteriota	Methanomicrobia	MVRE01 sp026625165
GB_GCA_903900025	Halobacteriota	Methanomicrobia	MVRE01 sp903900025
GB_GCA_035351515	Nanobdellota	Nanobdellia	MWBV01 sp002069705
GB_GCA_014189685	Undinarchaeota	Undinarchaeia	Naiadarchaeum limnaeum
GB_GCA_022729335	Nanohalarchaeota	Nanosalinia	Nanoanaerosalina halalkaliphila
GB_GCA_022729255	Nanohalarchaeota	Nanosalinia	Nanoanaerosalina sp022729255
GB_GCA_000008085	Nanobdellota	Nanobdellia	Nanoarchaeum equitans
GB_GCA_001552015	Nanobdellota	Nanobdellia	Nanobdella acidilobi
RS_GCF_023169545	Nanobdellota	Nanobdellia	Nanobdella aerobiophila
GB_GCA_000387965	Nanobdellota	Nanobdellia	Nanobdella stetteri
GB_GCA_028276855	Nanobdellota	Nanobdellia	Nanobdella stetteri_A
RS_GCF_009617975	Nanohalarchaeota	Nanosalinia	Nanohalobium constans
GB_GCA_001761425	Nanohalarchaeota	Nanosalinia	Nanohalobium sp001761425
RS_GCF_029207735	Nanohalarchaeota	Nanosalinia	Nanohalococcus occultus
RS_GCF_029232205	Nanohalarchaeota	Nanosalinia	Nanohalovita haloferacivicina
GB_GCA_013343275	Nanohalarchaeota	Nanosalinia	Nanohalovita sp013343275
RS_GCF_023638055	Halobacteriota	Halobacteria	Natranaeroarchaeum aerophilum
RS_GCF_017094485	Halobacteriota	Halobacteria	Natranaeroarchaeum sulfidigenes
RS_GCF_002156705	Halobacteriota	Halobacteria	Natrarchaeobaculum aegyptiacum
RS_GCF_003430825	Halobacteriota	Halobacteria	Natrarchaeobaculum sulfurireducens
RS_GCF_003841505	Halobacteriota	Halobacteria	Natrarchaeobius chitinivorans
RS_GCF_003841465	Halobacteriota	Halobacteria	Natrarchaeobius chitinivorans_A
RS_GCF_003841485	Halobacteriota	Halobacteria	Natrarchaeobius halalkaliphilus
RS_GCF_041205745	Halobacteriota	Halobacteria	Natrarchaeobius sp041205745
RS_GCF_008245225	Halobacteriota	Halobacteria	Natrarchaeobius swarupiae
RS_GCF_034808065	Halobacteriota	Halobacteria	Natrialba aegyptia
RS_GCF_000337555	Halobacteriota	Halobacteria	Natrialba asiatica
RS_GCF_000337135	Halobacteriota	Halobacteria	Natrialba chahannaoensis
RS_GCF_000337575	Halobacteriota	Halobacteria	Natrialba hulunbeirensis
RS_GCF_000025625	Halobacteriota	Halobacteria	Natrialba magadii
RS_GCF_001861355	Halobacteriota	Halobacteria	Natrialba sp001861355
RS_GCF_000337595	Halobacteriota	Halobacteria	Natrialba taiwanensis
GB_GCA_023008585	Halobacteriota	Halobacteria	Natribaculum breve
RS_GCF_023008545	Halobacteriota	Halobacteria	Natribaculum luteum
RS_GCF_000731985	Halobacteriota	Halobacteria	Natrinema altunense
RS_GCF_020515625	Halobacteriota	Halobacteria	Natrinema amylolyticum
RS_GCF_024227435	Halobacteriota	Halobacteria	Natrinema caseinilyticum
RS_GCF_000337175	Halobacteriota	Halobacteria	Natrinema gari
RS_GCF_013402815	Halobacteriota	Halobacteria	Natrinema halophilum
RS_GCF_900101245	Halobacteriota	Halobacteria	Natrinema hispanicum_A
RS_GCF_000337475	Halobacteriota	Halobacteria	Natrinema limicola
RS_GCF_002494345	Halobacteriota	Halobacteria	Natrinema longum
GB_GCA_000690595	Halobacteriota	Halobacteria	Natrinema mahii
RS_GCF_024296685	Halobacteriota	Halobacteria	Natrinema marinum
RS_GCF_005890195	Halobacteriota	Halobacteria	Natrinema pallidum
RS_GCF_000230735	Halobacteriota	Halobacteria	Natrinema pellirubrum
RS_GCF_001953745	Halobacteriota	Halobacteria	Natrinema saccharevitans
RS_GCF_900110865	Halobacteriota	Halobacteria	Natrinema salaciae
RS_GCF_900110455	Halobacteriota	Halobacteria	Natrinema salifodinae
RS_GCF_020405205	Halobacteriota	Halobacteria	Natrinema salinisoli
RS_GCF_029502005	Halobacteriota	Halobacteria	Natrinema salsiterrestre
RS_GCF_002572525	Halobacteriota	Halobacteria	Natrinema sp002572525
RS_GCF_019879105	Halobacteriota	Halobacteria	Natrinema sp019879105
RS_GCF_020405225	Halobacteriota	Halobacteria	Natrinema sp020405225
RS_GCF_041821085	Halobacteriota	Halobacteria	Natrinema sp041821085
RS_GCF_000710605	Halobacteriota	Halobacteria	Natrinema thermotolerans
RS_GCF_000337195	Halobacteriota	Halobacteria	Natrinema versiforme
RS_GCF_005576615	Halobacteriota	Halobacteria	Natrinema versiforme_A
RS_GCF_039522665	Halobacteriota	Halobacteria	Natronoarchaeum mannanilyticum
RS_GCF_900215575	Halobacteriota	Halobacteria	Natronoarchaeum philippinense
RS_GCF_900114025	Halobacteriota	Halobacteria	Natronobacterium gregoryi
RS_GCF_900104065	Halobacteriota	Halobacteria	Natronobacterium texcoconense
RS_GCF_024362485	Halobacteriota	Halobacteria	Natronobeatus ordinarius
RS_GCF_025629245	Halobacteriota	Halobacteria	Natronobiforma cellulositropha
RS_GCF_023638035	Halobacteriota	Halobacteria	Natronocalculus amylovorans
RS_GCF_000337675	Halobacteriota	Halobacteria	Natronococcus amylolyticus
RS_GCF_012163165	Halobacteriota	Halobacteria	Natronococcus jeotgali
RS_GCF_000328685	Halobacteriota	Halobacteria	Natronococcus occultus
RS_GCF_008122205	Halobacteriota	Halobacteria	Natronococcus pandeyae
RS_GCF_023913515	Halobacteriota	Halobacteria	Natronococcus sp023913515
RS_GCF_029688845	Halobacteriota	Halobacteria	Natronococcus sp029688845
RS_GCF_029688865	Halobacteriota	Halobacteria	Natronococcus sp029688865
RS_GCF_030734285	Halobacteriota	Halobacteria	Natronococcus sp030734285
RS_GCF_002177135	Halobacteriota	Halobacteria	Natronolimnobius baerhuensis
RS_GCF_011043775	Halobacteriota	Halobacteria	Natronolimnobius sp011043775
RS_GCF_000337215	Halobacteriota	Halobacteria	Natronolimnohabitans innermongolicus
RS_GCF_030848565	Halobacteriota	Halobacteria	Natronolimnohabitans sp030848565
RS_GCF_024449025	Halobacteriota	Halobacteria	Natronomonas aquatica
RS_GCF_024300825	Halobacteriota	Halobacteria	Natronomonas gomsonensis
RS_GCF_013391085	Halobacteriota	Halobacteria	Natronomonas halophila
RS_GCF_024298905	Halobacteriota	Halobacteria	Natronomonas marina
RS_GCF_000591055	Halobacteriota	Halobacteria	Natronomonas moolapensis
RS_GCF_000026045	Halobacteriota	Halobacteria	Natronomonas pharaonis
RS_GCF_013391105	Halobacteriota	Halobacteria	Natronomonas salina
RS_GCF_005239135	Halobacteriota	Halobacteria	Natronomonas salsuginis
RS_GCF_009741925	Halobacteriota	Halobacteria	Natronomonas sp009741925
RS_GCF_013839515	Halobacteriota	Halobacteria	Natronomonas sp013839515
RS_GCF_028274965	Halobacteriota	Halobacteria	Natronomonas sp028274965
RS_GCF_036628595	Halobacteriota	Halobacteria	Natronomonas sp036625485
RS_GCF_037031205	Halobacteriota	Halobacteria	Natronomonas sp037031205
GB_GCA_040409725	Halobacteriota	Halobacteria	Natronomonas sp040409725
RS_GCF_024362525	Halobacteriota	Halobacteria	Natrononativus amylolyticus
GB_GCA_003553425	Thermoplasmatota	Thermoplasmata	Natronoplasma halalkaliphilum
GB_GCA_003554965	Thermoplasmatota	Thermoplasmata	Natronoplasma sp003554965
GB_GCA_003555395	Thermoplasmatota	Thermoplasmata	Natronoplasma sp003555395
GB_GCA_018334755	Thermoplasmatota	Thermoplasmata	Natronoplasma sp018334755
GB_GCA_036626195	Thermoplasmatota	Thermoplasmata	Natronoplasma sp036626195
RS_GCF_009392895	Halobacteriota	Halobacteria	Natronorubrum aibiense
RS_GCF_041821125	Halobacteriota	Halobacteria	Natronorubrum bangense
RS_GCF_001971705	Halobacteriota	Halobacteria	Natronorubrum daqingense
RS_GCF_009834785	Halobacteriota	Halobacteria	Natronorubrum halalkaliphilum
RS_GCF_005239425	Halobacteriota	Halobacteria	Natronorubrum halophilum
RS_GCF_900108095	Halobacteriota	Halobacteria	Natronorubrum sediminis
RS_GCF_000337735	Halobacteriota	Halobacteria	Natronorubrum sulfidifaciens
RS_GCF_900100335	Halobacteriota	Halobacteria	Natronorubrum texcoconense
RS_GCF_900156475	Halobacteriota	Halobacteria	Natronorubrum thiooxidans
RS_GCF_000383975	Halobacteriota	Halobacteria	Natronorubrum tibetense
RS_GCF_024298845	Halobacteriota	Halobacteria	Natronosalvus amylolyticus
RS_GCF_017357105	Halobacteriota	Halobacteria	Natronosalvus caseinilyticus
RS_GCF_024138145	Halobacteriota	Halobacteria	Natronosalvus halobius
RS_GCF_025517525	Halobacteriota	Halobacteria	Natronosalvus hydrolyticus
RS_GCF_024204665	Halobacteriota	Halobacteria	Natronosalvus rutilus
GB_GCA_003554885	Halobacteriota	Halobacteria	Natronosalvus sp001564275
RS_GCF_023973145	Halobacteriota	Halobacteria	Natronosalvus vescus
RS_GCF_018128925	Thermoproteota	Nitrososphaeria	Nitrosarchaeum_A sp018128925
GB_GCA_020431985	Thermoproteota	Nitrososphaeria	Nitrosarchaeum_A sp020431985
GB_GCA_025699025	Thermoproteota	Nitrososphaeria	Nitrosarchaeum_A sp025699025
GB_GCA_029864235	Thermoproteota	Nitrososphaeria	Nitrosarchaeum_A sp029864235
RS_GCF_000220175	Thermoproteota	Nitrososphaeria	Nitrosarchaeum koreense
GB_GCA_000204585	Thermoproteota	Nitrososphaeria	Nitrosarchaeum limnae
GB_GCA_013521055	Thermoproteota	Nitrososphaeria	Nitrosarchaeum sp002737445
GB_GCA_014193235	Thermoproteota	Nitrososphaeria	Nitrosarchaeum sp003569705
GB_GCA_005798405	Thermoproteota	Nitrososphaeria	Nitrosarchaeum sp005798405
GB_GCA_018334095	Thermoproteota	Nitrososphaeria	Nitrosarchaeum sp018334095
GB_GCA_021414105	Thermoproteota	Nitrososphaeria	Nitrosarchaeum sp021414105
GB_GCA_021414365	Thermoproteota	Nitrososphaeria	Nitrosarchaeum sp021414365
GB_GCA_040902315	Thermoproteota	Nitrososphaeria	Nitrosarchaeum sp023264875
GB_GCA_023265135	Thermoproteota	Nitrososphaeria	Nitrosarchaeum sp023265135
RS_GCF_025699065	Thermoproteota	Nitrososphaeria	Nitrosarchaeum sp025699065
GB_GCA_025930495	Thermoproteota	Nitrososphaeria	Nitrosarchaeum sp025930495
GB_GCA_035455105	Thermoproteota	Nitrososphaeria	Nitrosarchaeum sp035455105
GB_GCA_035703205	Thermoproteota	Nitrososphaeria	Nitrosarchaeum sp035703205
RS_GCF_035968265	Thermoproteota	Nitrososphaeria	Nitrosarchaeum sp035968265
GB_GCA_938049695	Thermoproteota	Nitrososphaeria	Nitrosarchaeum sp938049695
GB_GCA_033471095	Thermoproteota	Nitrososphaeria	Nitrosoabyssus spongiisocia
RS_GCF_002906215	Thermoproteota	Nitrososphaeria	Nitrosocaldus cavascurensis
GB_GCA_038896835	Thermoproteota	Nitrososphaeria	Nitrosocaldus schleperae
GB_GCA_025054855	Thermoproteota	Nitrososphaeria	Nitrosocaldus sp025054855
GB_GCA_938030895	Thermoproteota	Nitrososphaeria	Nitrosocaldus sp938030895
GB_GCA_038880195	Thermoproteota	Nitrososphaeria	Nitrosocaldus tengchongensis
RS_GCF_007826885	Thermoproteota	Nitrososphaeria	Nitrosocosmicus arcticus
RS_GCF_900696045	Thermoproteota	Nitrososphaeria	Nitrosocosmicus franklandus_A
RS_GCF_001870125	Thermoproteota	Nitrososphaeria	Nitrosocosmicus hydrocola
RS_GCF_000802205	Thermoproteota	Nitrososphaeria	Nitrosocosmicus oleophilus
RS_GCF_008389435	Thermoproteota	Nitrososphaeria	Nitrosocosmicus sp008389435
GB_GCA_009379865	Thermoproteota	Nitrososphaeria	Nitrosocosmicus sp009379865
GB_GCA_937896355	Thermoproteota	Nitrososphaeria	Nitrosocosmicus sp013114705
GB_GCA_013694585	Thermoproteota	Nitrososphaeria	Nitrosocosmicus sp013694585
GB_GCA_013821245	Thermoproteota	Nitrososphaeria	Nitrosocosmicus sp013821245
GB_GCA_016782225	Thermoproteota	Nitrososphaeria	Nitrosocosmicus sp016782225
GB_GCA_016782315	Thermoproteota	Nitrososphaeria	Nitrosocosmicus sp016782315
GB_GCA_025934495	Thermoproteota	Nitrososphaeria	Nitrosocosmicus sp025934495
GB_GCA_030452275	Thermoproteota	Nitrososphaeria	Nitrosocosmicus sp030452275
GB_GCA_031177355	Thermoproteota	Nitrososphaeria	Nitrosocosmicus sp031177355
GB_GCA_035276505	Thermoproteota	Nitrososphaeria	Nitrosocosmicus sp035276505
GB_GCA_035279165	Thermoproteota	Nitrososphaeria	Nitrosocosmicus sp035279165
GB_GCA_036521355	Thermoproteota	Nitrososphaeria	Nitrosocosmicus sp036521355
GB_GCA_037720485	Thermoproteota	Nitrososphaeria	Nitrosocosmicus sp037720485
GB_GCA_040297625	Thermoproteota	Nitrososphaeria	Nitrosocosmicus sp040297625
GB_GCA_041747305	Thermoproteota	Nitrososphaeria	Nitrosocosmicus sp041747305
GB_GCA_013867335	Thermoproteota	Nitrososphaeria	Nitrosomaritimum aestuarii
GB_GCA_022562615	Thermoproteota	Nitrososphaeria	Nitrosomaritimum sp022562615
GB_GCA_024644385	Thermoproteota	Nitrososphaeria	Nitrosomaritimum sp024644385
GB_GCA_028279545	Thermoproteota	Nitrososphaeria	Nitrosomaritimum sp028279545
GB_GCA_029863275	Thermoproteota	Nitrososphaeria	Nitrosomaritimum sp029863275
GB_GCA_035527875	Thermoproteota	Nitrososphaeria	Nitrosomaritimum sp035527875
GB_GCA_035528495	Thermoproteota	Nitrososphaeria	Nitrosomaritimum sp035528495
GB_GCA_963992265	Thermoproteota	Nitrososphaeria	Nitrosopelagicus brevis
GB_GCA_000402075	Thermoproteota	Nitrososphaeria	Nitrosopelagicus sp000402075
GB_GCA_013390375	Thermoproteota	Nitrososphaeria	Nitrosopelagicus sp000484935
GB_GCA_027619455	Thermoproteota	Nitrososphaeria	Nitrosopelagicus sp001510295
GB_GCA_937141695	Thermoproteota	Nitrososphaeria	Nitrosopelagicus sp001627235
GB_GCA_018657705	Thermoproteota	Nitrososphaeria	Nitrosopelagicus sp018647405
GB_GCA_022450565	Thermoproteota	Nitrososphaeria	Nitrosopelagicus sp022450565
GB_GCA_028345295	Thermoproteota	Nitrososphaeria	Nitrosopelagicus sp028345295
GB_GCA_964005235	Thermoproteota	Nitrososphaeria	Nitrosopelagicus sp902552015
GB_GCA_963997685	Thermoproteota	Nitrososphaeria	Nitrosopelagicus sp937896695
GB_GCA_036720895	Thermoproteota	Nitrososphaeria	Nitrosopolaris nunavutensis
GB_GCA_009665115	Thermoproteota	Nitrososphaeria	Nitrosopolaris sp009665115
GB_GCA_035691865	Thermoproteota	Nitrososphaeria	Nitrosopolaris sp035691865
RS_GCF_041431065	Thermoproteota	Nitrososphaeria	Nitrosopumilus adriaticus
GB_GCA_038152885	Thermoproteota	Nitrososphaeria	Nitrosopumilus brisbanensis
RS_GCF_002156965	Thermoproteota	Nitrososphaeria	Nitrosopumilus catalinensis
RS_GCF_013407145	Thermoproteota	Nitrososphaeria	Nitrosopumilus cobalaminigenes
RS_GCF_000328945	Thermoproteota	Nitrososphaeria	Nitrosopumilus koreensis
GB_GCA_938049435	Thermoproteota	Nitrososphaeria	Nitrosopumilus limneticus
RS_GCF_000018465	Thermoproteota	Nitrososphaeria	Nitrosopumilus maritimus
RS_GCF_013407165	Thermoproteota	Nitrososphaeria	Nitrosopumilus oxyclinae
RS_GCF_014078535	Thermoproteota	Nitrososphaeria	Nitrosopumilus piranensis
RS_GCF_000299395	Thermoproteota	Nitrososphaeria	Nitrosopumilus sediminis
GB_GCA_041440035	Thermoproteota	Nitrososphaeria	Nitrosopumilus sp001437625
GB_GCA_027623535	Thermoproteota	Nitrososphaeria	Nitrosopumilus sp001510275
RS_GCF_001541925	Thermoproteota	Nitrososphaeria	Nitrosopumilus sp001541925
GB_GCA_001543015	Thermoproteota	Nitrososphaeria	Nitrosopumilus sp001543015
GB_GCA_002317795	Thermoproteota	Nitrososphaeria	Nitrosopumilus sp002317795
GB_GCA_937886485	Thermoproteota	Nitrososphaeria	Nitrosopumilus sp002690535
GB_GCA_963996915	Thermoproteota	Nitrososphaeria	Nitrosopumilus sp002730325
GB_GCA_038147435	Thermoproteota	Nitrososphaeria	Nitrosopumilus sp003702465
GB_GCA_008080855	Thermoproteota	Nitrososphaeria	Nitrosopumilus sp003702495
GB_GCA_003702545	Thermoproteota	Nitrososphaeria	Nitrosopumilus sp003702545
GB_GCA_003724255	Thermoproteota	Nitrososphaeria	Nitrosopumilus sp003724325
RS_GCF_006740685	Thermoproteota	Nitrososphaeria	Nitrosopumilus sp006740685
GB_GCA_007571135	Thermoproteota	Nitrososphaeria	Nitrosopumilus sp007571135
GB_GCA_013203245	Thermoproteota	Nitrososphaeria	Nitrosopumilus sp013203245
GB_GCA_022969015	Thermoproteota	Nitrososphaeria	Nitrosopumilus sp013215285
GB_GCA_013390395	Thermoproteota	Nitrososphaeria	Nitrosopumilus sp013390905
GB_GCA_013911135	Thermoproteota	Nitrososphaeria	Nitrosopumilus sp013911135
GB_GCA_014075315	Thermoproteota	Nitrososphaeria	Nitrosopumilus sp014075315
RS_GCF_014078525	Thermoproteota	Nitrososphaeria	Nitrosopumilus sp014078525
GB_GCA_014384555	Thermoproteota	Nitrososphaeria	Nitrosopumilus sp014384555
GB_GCA_021296145	Thermoproteota	Nitrososphaeria	Nitrosopumilus sp016125975
GB_GCA_018263505	Thermoproteota	Nitrososphaeria	Nitrosopumilus sp018263505
GB_GCA_020431995	Thermoproteota	Nitrososphaeria	Nitrosopumilus sp020431995
GB_GCA_021268355	Thermoproteota	Nitrososphaeria	Nitrosopumilus sp021268355
GB_GCA_021296175	Thermoproteota	Nitrososphaeria	Nitrosopumilus sp021296175
GB_GCA_022564385	Thermoproteota	Nitrososphaeria	Nitrosopumilus sp022564385
GB_GCA_022573895	Thermoproteota	Nitrososphaeria	Nitrosopumilus sp022573895
GB_GCA_024276695	Thermoproteota	Nitrososphaeria	Nitrosopumilus sp024276695
GB_GCA_024644105	Thermoproteota	Nitrososphaeria	Nitrosopumilus sp024644105
RS_GCF_025698945	Thermoproteota	Nitrososphaeria	Nitrosopumilus sp025698945
RS_GCF_025699125	Thermoproteota	Nitrososphaeria	Nitrosopumilus sp025699125
RS_GCF_025699255	Thermoproteota	Nitrososphaeria	Nitrosopumilus sp025699255
RS_GCF_028278985	Thermoproteota	Nitrososphaeria	Nitrosopumilus sp028278985
GB_GCA_028279625	Thermoproteota	Nitrososphaeria	Nitrosopumilus sp028279625
GB_GCA_028343855	Thermoproteota	Nitrososphaeria	Nitrosopumilus sp028343855
GB_GCA_028819115	Thermoproteota	Nitrososphaeria	Nitrosopumilus sp028820595
GB_GCA_029250275	Thermoproteota	Nitrososphaeria	Nitrosopumilus sp029250275
GB_GCA_029782475	Thermoproteota	Nitrososphaeria	Nitrosopumilus sp029782475
GB_GCA_029861345	Thermoproteota	Nitrososphaeria	Nitrosopumilus sp029861345
GB_GCA_029881505	Thermoproteota	Nitrososphaeria	Nitrosopumilus sp029862745
GB_GCA_029864335	Thermoproteota	Nitrososphaeria	Nitrosopumilus sp029864335
GB_GCA_029881195	Thermoproteota	Nitrososphaeria	Nitrosopumilus sp029881195
RS_GCF_029882185	Thermoproteota	Nitrososphaeria	Nitrosopumilus sp029882185
GB_GCA_937920125	Thermoproteota	Nitrososphaeria	Nitrosopumilus sp032127635
GB_GCA_041600815	Thermoproteota	Nitrososphaeria	Nitrosopumilus sp035458995
GB_GCA_036525555	Thermoproteota	Nitrososphaeria	Nitrosopumilus sp036525555
RS_GCF_040878665	Thermoproteota	Nitrososphaeria	Nitrosopumilus sp040878665
GB_GCA_041603475	Thermoproteota	Nitrososphaeria	Nitrosopumilus sp041603475
GB_GCA_028066025	Thermoproteota	Nitrososphaeria	Nitrosopumilus sp900620265
GB_GCA_905479565	Thermoproteota	Nitrososphaeria	Nitrosopumilus sp905479565
GB_GCA_937896495	Thermoproteota	Nitrososphaeria	Nitrosopumilus sp937896495
GB_GCA_937897875	Thermoproteota	Nitrososphaeria	Nitrosopumilus sp937897875
GB_GCA_938017545	Thermoproteota	Nitrososphaeria	Nitrosopumilus sp938073915
GB_GCA_951812655	Thermoproteota	Nitrososphaeria	Nitrosopumilus sp951812655
GB_GCA_963422575	Thermoproteota	Nitrososphaeria	Nitrosopumilus sp963422575
RS_GCF_963457545	Thermoproteota	Nitrososphaeria	Nitrosopumilus sp963457545
GB_GCA_963667665	Thermoproteota	Nitrososphaeria	Nitrosopumilus sp963667665
RS_GCF_013407185	Thermoproteota	Nitrososphaeria	Nitrosopumilus ureiphilus
RS_GCF_025698845	Thermoproteota	Nitrososphaeria	Nitrosopumilus zosterae
RS_GCF_000730285	Thermoproteota	Nitrososphaeria	Nitrososphaera evergladensis
RS_GCF_000303155	Thermoproteota	Nitrososphaeria	Nitrososphaera gargensis
GB_GCA_037443975	Thermoproteota	Nitrososphaeria	Nitrososphaera sp013114715
RS_GCF_013388945	Thermoproteota	Nitrososphaeria	Nitrososphaera sp013388945
GB_GCA_023250885	Thermoproteota	Nitrososphaeria	Nitrososphaera sp023250885
GB_GCA_029263715	Thermoproteota	Nitrososphaeria	Nitrososphaera sp029263715
GB_GCA_035253045	Thermoproteota	Nitrososphaeria	Nitrososphaera sp035253045
GB_GCA_035562555	Thermoproteota	Nitrososphaeria	Nitrososphaera sp035562555
GB_GCA_035620415	Thermoproteota	Nitrososphaeria	Nitrososphaera sp035620415
GB_GCA_036003785	Thermoproteota	Nitrososphaeria	Nitrososphaera sp036003785
GB_GCA_036004585	Thermoproteota	Nitrososphaeria	Nitrososphaera sp036004585
GB_GCA_036381375	Thermoproteota	Nitrososphaeria	Nitrososphaera sp036381375
RS_GCF_036397675	Thermoproteota	Nitrososphaeria	Nitrososphaera sp036397675
GB_GCA_036519825	Thermoproteota	Nitrososphaeria	Nitrososphaera sp036519825
GB_GCA_036844865	Thermoproteota	Nitrososphaeria	Nitrososphaera sp036844865
GB_GCA_037441265	Thermoproteota	Nitrososphaeria	Nitrososphaera sp037441265
RS_GCF_037447015	Thermoproteota	Nitrososphaeria	Nitrososphaera sp037447015
GB_GCA_039938515	Thermoproteota	Nitrososphaeria	Nitrososphaera sp039938515
GB_GCA_039938615	Thermoproteota	Nitrososphaeria	Nitrososphaera sp039938615
GB_GCA_040757615	Thermoproteota	Nitrososphaeria	Nitrososphaera sp040757615
RS_GCF_946478925	Thermoproteota	Nitrososphaeria	Nitrososphaera sp946478925
GB_GCA_946480575	Thermoproteota	Nitrososphaeria	Nitrososphaera sp946480575
RS_GCF_000698785	Thermoproteota	Nitrososphaeria	Nitrososphaera viennensis
RS_GCF_900167955	Thermoproteota	Nitrososphaeria	Nitrosotalea bavarica
GB_GCA_900065925	Thermoproteota	Nitrososphaeria	Nitrosotalea devanaterra
RS_GCF_900177045	Thermoproteota	Nitrososphaeria	Nitrosotalea okcheonensis
GB_GCA_039938555	Thermoproteota	Nitrososphaeria	Nitrosotalea sinensis
GB_GCA_005877475	Thermoproteota	Nitrososphaeria	Nitrosotalea sp001917995
GB_GCA_036749235	Thermoproteota	Nitrososphaeria	Nitrosotalea sp001920395
GB_GCA_005877205	Thermoproteota	Nitrososphaeria	Nitrosotalea sp005877205
GB_GCA_021323705	Thermoproteota	Nitrososphaeria	Nitrosotalea sp021323705
GB_GCA_021325595	Thermoproteota	Nitrososphaeria	Nitrosotalea sp021325595
GB_GCA_021325615	Thermoproteota	Nitrososphaeria	Nitrosotalea sp021325615
GB_GCA_023252335	Thermoproteota	Nitrososphaeria	Nitrosotalea sp023252335
GB_GCA_027315065	Thermoproteota	Nitrososphaeria	Nitrosotalea sp027315065
GB_GCA_028866655	Thermoproteota	Nitrososphaeria	Nitrosotalea sp028866655
GB_GCA_028866895	Thermoproteota	Nitrososphaeria	Nitrosotalea sp028866895
GB_GCA_028867275	Thermoproteota	Nitrososphaeria	Nitrosotalea sp028867275
GB_GCA_028867595	Thermoproteota	Nitrososphaeria	Nitrosotalea sp028867595
GB_GCA_028867675	Thermoproteota	Nitrososphaeria	Nitrosotalea sp028867675
GB_GCA_028867755	Thermoproteota	Nitrososphaeria	Nitrosotalea sp028867755
GB_GCA_028867785	Thermoproteota	Nitrososphaeria	Nitrosotalea sp028867785
GB_GCA_029850515	Thermoproteota	Nitrososphaeria	Nitrosotalea sp029850515
GB_GCA_030041535	Thermoproteota	Nitrososphaeria	Nitrosotalea sp030041535
GB_GCA_035252645	Thermoproteota	Nitrososphaeria	Nitrosotalea sp035252645
RS_GCF_002787055	Thermoproteota	Nitrososphaeria	Nitrosotenuis aquarius
RS_GCF_000685395	Thermoproteota	Nitrososphaeria	Nitrosotenuis chungbukensis
RS_GCF_000955905	Thermoproteota	Nitrososphaeria	Nitrosotenuis cloacae
RS_GCF_026768455	Thermoproteota	Nitrososphaeria	Nitrosotenuis cloacae_A
GB_GCA_963977645	Thermoproteota	Nitrososphaeria	Nitrosotenuis sp002499525
GB_GCA_004322465	Thermoproteota	Nitrososphaeria	Nitrosotenuis sp004322465
GB_GCA_010028385	Thermoproteota	Nitrososphaeria	Nitrosotenuis sp010028495
RS_GCF_013407275	Thermoproteota	Nitrososphaeria	Nitrosotenuis sp013407275
GB_GCA_016215465	Thermoproteota	Nitrososphaeria	Nitrosotenuis sp016215465
GB_GCA_016872015	Thermoproteota	Nitrososphaeria	Nitrosotenuis sp016872015
GB_GCA_016872055	Thermoproteota	Nitrososphaeria	Nitrosotenuis sp016872055
GB_GCA_035575435	Thermoproteota	Nitrososphaeria	Nitrosotenuis sp035575435
GB_GCA_036396715	Thermoproteota	Nitrososphaeria	Nitrosotenuis sp036396715
GB_GCA_036560565	Thermoproteota	Nitrososphaeria	Nitrosotenuis sp036560565
GB_GCA_038869975	Thermoproteota	Nitrososphaeria	Nitrosotenuis sp038869975
GB_GCA_038869955	Thermoproteota	Nitrososphaeria	Nitrosotenuis sp038890395
GB_GCA_039938575	Thermoproteota	Nitrososphaeria	Nitrosotenuis sp039938575
GB_GCA_040757675	Thermoproteota	Nitrososphaeria	Nitrosotenuis sp040757675
RS_GCF_905220655	Thermoproteota	Nitrososphaeria	Nitrosotenuis uzonensis
GB_GCA_013538795	Thermoproteota	Nitrososphaeria	Nitrosothermus koennekei
GB_GCA_030603445	Methanobacteriota_B	Thermococci	NM3 sp030603445
GB_GCA_902384935	Micrarchaeota	Micrarchaeia	Norongarragalina meridionalis
GB_GCA_963997625	Nanobdellota	Nanobdellia	NP1466 sp002731115
GB_GCA_016839265	Asgardarchaeota	Odinarchaeia	Odinarchaeum sp016839265
GB_GCA_029856525	Asgardarchaeota	Odinarchaeia	Odinarchaeum sp029856525
GB_GCA_038826135	Asgardarchaeota	Odinarchaeia	Odinarchaeum sp038826135
GB_GCA_001940665	Asgardarchaeota	Odinarchaeia	Odinarchaeum yellowstonii
GB_GCA_003345555	Asgardarchaeota	Thorarchaeia	OWC5 sp003345555
RS_GCF_000966265	Methanobacteriota_B	Thermococci	Palaeococcus ferrophilus
RS_GCF_000725425	Methanobacteriota_B	Thermococci	Palaeococcus pacificus
RS_GCF_021162525	Methanobacteriota_B	Thermococci	Palaeococcus sp003663695
GB_GCA_002503305	Nanobdellota	Nanobdellia	Parvarchaeum acidiphilum
GB_GCA_027369475	Nanobdellota	Nanobdellia	Parvarchaeum acidophilus
GB_GCA_027338625	Nanobdellota	Nanobdellia	Parvarchaeum sp021794235
GB_GCA_027370075	Nanobdellota	Nanobdellia	Parvarchaeum sp021799085
GB_GCA_027312765	Nanobdellota	Nanobdellia	Parvarchaeum sp021802505
GB_GCA_021807085	Nanobdellota	Nanobdellia	Parvarchaeum sp021807085
GB_GCA_027374645	Nanobdellota	Nanobdellia	Parvarchaeum sp021817165
GB_GCA_021846665	Nanobdellota	Nanobdellia	Parvarchaeum sp021846665
GB_GCA_027339405	Nanobdellota	Nanobdellia	Parvarchaeum sp023378805
GB_GCA_023378865	Nanobdellota	Nanobdellia	Parvarchaeum sp023378865
GB_GCA_025920205	Nanobdellota	Nanobdellia	Parvarchaeum tengchongense
GB_GCA_002762785	Nanobdellota	Nanobdellia	PCXY01 sp002762785
GB_GCA_018659235	Nanobdellota	Nanobdellia	PCYB01 sp018676855
GB_GCA_030059675	Thermoproteota	Nitrososphaeria_A	Pelearchaeum maunauluense
GB_GCA_015520425	Thermoproteota	Nitrososphaeria_A	Pelearchaeum sp015520425
GB_GCA_002763265	Nanobdellota	Nanobdellia	PEZQ01 sp002763265
RS_GCF_900176435	Thermoplasmatota	Thermoplasmata	Picrophilus oshimae
GB_GCA_021161385	Thermoproteota	Bathyarchaeia	PIYA01 sp003601785
GB_GCA_038852565	Thermoproteota	Bathyarchaeia	PIYB01 sp018397065
GB_GCA_021161205	Thermoproteota	Bathyarchaeia	PIYF01 sp003601875
GB_GCA_003601775	Thermoproteota	Bathyarchaeia	PIYN01 sp003601775
GB_GCA_014297435	Nanohalarchaeota	Nanosalinia	PL-Br10-U2g16 sp014297435
GB_GCA_013824915	Nanobdellota	Nanobdellia	PNOQ01 sp013824915
GB_GCA_036777785	Nanobdellota	Nanobdellia	PNOQ01 sp018302135
GB_GCA_943843275	Thermoplasmatota	Poseidoniia	Poseidonia alphae
GB_GCA_937900195	Thermoplasmatota	Poseidoniia	Poseidonia sp002502295
GB_GCA_963969045	Thermoplasmatota	Poseidoniia	Poseidonia sp002689105
GB_GCA_030752315	Thermoplasmatota	Poseidoniia	Poseidonia sp002694525
GB_GCA_016778305	Thermoplasmatota	Poseidoniia	Poseidonia sp016778305
GB_GCA_963980615	Thermoplasmatota	Poseidoniia	Poseidonia sp018662715
RS_GCF_029250625	Thermoplasmatota	Poseidoniia	Poseidonia sp029250625
GB_GCA_040261535	Thermoplasmatota	Poseidoniia	Poseidonia sp030828165
GB_GCA_038106355	Thermoplasmatota	Poseidoniia	Poseidonia sp038106355
GB_GCA_963978345	Thermoplasmatota	Poseidoniia	Poseidonia sp038124565
GB_GCA_038146705	Thermoplasmatota	Poseidoniia	Poseidonia sp038146705
GB_GCA_038148515	Thermoplasmatota	Poseidoniia	Poseidonia sp038148515
GB_GCA_938030705	Thermoplasmatota	Poseidoniia	Poseidonia sp938030705
GB_GCA_938084675	Thermoplasmatota	Poseidoniia	Poseidonia sp938084675
GB_GCA_963934815	Thermoplasmatota	Poseidoniia	Poseidonia sp949373095
GB_GCA_963979365	Thermoplasmatota	Poseidoniia	PSPT01 sp018649825
GB_GCA_003552585	Thermoplasmatota	Thermoplasmata	PUNK01 sp003552585
GB_GCA_003554845	Aenigmatarchaeota	Aenigmatarchaeia	PWEA01 sp003554845
GB_GCA_003555465	Aenigmatarchaeota	Aenigmatarchaeia	PWEA01 sp003555465
GB_GCA_003555025	Thermoplasmatota	Thermoplasmata	PWHV01 sp003555025
GB_GCA_007131205	Nanobdellota	Nanobdellia	PWWA01 sp007131205
GB_GCA_003352295	Thermoproteota	Nitrososphaeria	PXYB01 sp003352285
RS_GCF_036754085	Thermoproteota	Thermoprotei	Pyrobaculum aerophilum
RS_GCF_013414235	Thermoproteota	Thermoprotei	Pyrobaculum arsenaticum
RS_GCF_000015805	Thermoproteota	Thermoprotei	Pyrobaculum calidifontis
RS_GCF_000234805	Thermoproteota	Thermoprotei	Pyrobaculum ferrireducens
RS_GCF_000015205	Thermoproteota	Thermoprotei	Pyrobaculum islandicum
RS_GCF_000019805	Thermoproteota	Thermoprotei	Pyrobaculum neutrophilum
GB_GCA_000247545	Thermoproteota	Thermoprotei	Pyrobaculum oguniense
GB_GCA_001189275	Thermoproteota	Thermoprotei	Pyrobaculum sp001189275
GB_GCA_020833025	Thermoproteota	Thermoprotei	Pyrobaculum sp020833025
RS_GCF_025641885	Thermoproteota	Thermoprotei	Pyrobaculum sp025641885
GB_GCA_038895415	Thermoproteota	Thermoprotei	Pyrobaculum sp032249215
GB_GCA_036833835	Thermoproteota	Thermoprotei	Pyrobaculum sp036833835
GB_GCA_038735555	Thermoproteota	Thermoprotei	Pyrobaculum sp038832545
GB_GCA_038879095	Thermoproteota	Thermoprotei	Pyrobaculum sp038879095
GB_GCA_041287325	Thermoproteota	Thermoprotei	Pyrobaculum sp041287325
GB_GCA_938027595	Thermoproteota	Thermoprotei	Pyrobaculum sp938027595
RS_GCF_000195935	Methanobacteriota_B	Thermococci	Pyrococcus abyssi
RS_GCF_900012635	Methanobacteriota_B	Thermococci	Pyrococcus chitonophagus
RS_GCF_008245085	Methanobacteriota_B	Thermococci	Pyrococcus furiosus
RS_GCF_000011105	Methanobacteriota_B	Thermococci	Pyrococcus horikoshii
RS_GCF_041647945	Methanobacteriota_B	Thermococci	Pyrococcus kukulkanii
RS_GCF_000211475	Methanobacteriota_B	Thermococci	Pyrococcus sp000211475
RS_GCF_000263735	Methanobacteriota_B	Thermococci	Pyrococcus sp000263735
RS_GCF_041647995	Methanobacteriota_B	Thermococci	Pyrococcus sp003660485
RS_GCF_000215995	Methanobacteriota_B	Thermococci	Pyrococcus yayanosii
RS_GCF_036323395	Thermoproteota	Thermoprotei_A	Pyrodictium abyssi
RS_GCF_001412615	Thermoproteota	Thermoprotei_A	Pyrodictium delaneyi
RS_GCF_001462395	Thermoproteota	Thermoprotei_A	Pyrodictium occultum
RS_GCF_033097485	Thermoproteota	Thermoprotei_A	Pyrofollis japonicus
GB_GCA_027036135	Thermoproteota	Thermoprotei_A	Pyrofollis sp027036135
GB_GCA_002010065	Hydrothermarchaeota	Hydrothermarchaeia	Pyrohabitans jungbluthii
GB_GCA_013152685	Hydrothermarchaeota	Hydrothermarchaeia	Pyrohabitans sp013152685
GB_GCA_027020205	Hydrothermarchaeota	Hydrothermarchaeia	Pyrohabitans sp015521565
GB_GCA_027051235	Hydrothermarchaeota	Hydrothermarchaeia	Pyrohabitans sp015521615
RS_GCF_000223395	Thermoproteota	Thermoprotei_A	Pyrolobus fumarii
GB_GCA_003034855	Halobacteriota	Methanonatronarchaeia	PZKD01 sp003034855
GB_GCA_033549145	Halobacteriota	Methanosarcinia	QBUR01 sp019429385
GB_GCA_023544605	Halobacteriota	Methanosarcinia	QBUR01 sp023544605
GB_GCA_013114725	Thermoproteota	Nitrososphaeria	QCWD01 sp013114725
RS_GCF_029338215	Halobacteriota	Halobacteria	QDMS2 sp029338295
RS_GCF_037081775	Halobacteriota	Halobacteria	QDMS2 sp037081775
RS_GCF_037198285	Halobacteriota	Halobacteria	QDMS2 sp037198285
GB_GCA_003336485	Halobacteriota	Syntropharchaeia	QENH01 sp003336485
GB_GCA_034660415	Halobacteriota	Syntropharchaeia	QENH01 sp034660415
GB_GCA_029241965	Halobacteriota	Syntropharchaeia	QENJ01 sp029241965
GB_GCA_003661125	Halobacteriota	Syntropharchaeia	QMVO01 sp003661125
GB_GCA_025966525	Halobacteriota	Syntropharchaeia	QMVO01 sp025966525
GB_GCA_024281195	Korarchaeota	Korarchaeia	QMVU01 sp003661365
GB_GCA_040514375	Thermoproteota	Thermoprotei_A	QMWW01 sp040514375
GB_GCA_937896335	Aenigmatarchaeota	Aenigmatarchaeia	QMZY01 sp003663415
GB_GCA_027046265	Thermoproteota	Thermoprotei_A	QNYQ01 sp027046265
GB_GCA_040514325	Thermoproteota	Thermoprotei_A	QNYQ01 sp040514325
GB_GCA_028714745	Nanobdellota	Nanobdellia	RBG-13-33-26 sp028711165
GB_GCA_036480815	Thermoproteota	Bathyarchaeia	RBG-13-38-9 sp023144075
GB_GCA_035256105	Thermoproteota	Bathyarchaeia	RBG-16-48-13 sp001775995
GB_GCA_026014515	Thermoproteota	Bathyarchaeia	RBG-16-57-9 sp026014515
GB_GCA_026014815	Thermoproteota	Bathyarchaeia	RBG-16-57-9 sp026014815
GB_GCA_030669135	Thermoproteota	Bathyarchaeia	RBG-16-57-9 sp030669135
GB_GCA_035529515	Thermoproteota	Bathyarchaeia	RBG-16-57-9 sp035529515
GB_GCA_005878985	Thermoplasmatota	Thermoplasmata	RBG-16-68-12 sp005878985
GB_GCA_035557795	Thermoplasmatota	Thermoplasmata	RBG-16-68-12 sp035557795
GB_GCA_035632695	Thermoplasmatota	Thermoplasmata	RBG-16-68-12 sp035632695
GB_GCA_035636315	Thermoplasmatota	Thermoplasmata	RBG-16-68-12 sp035636315
GB_GCA_035636595	Thermoplasmatota	Thermoplasmata	RBG-16-68-12 sp035636595
GB_GCA_036395115	Thermoplasmatota	Thermoplasmata	RBG-16-68-12 sp036395115
GB_GCA_002503785	Thermoplasmatota	Thermoplasmata	RumEn-M2 sp001421175
GB_GCA_036837155	Thermoplasmatota	Thermoplasmata	RumEn-M2 sp002502965
GB_GCA_019136715	Thermoplasmatota	Thermoplasmata	RumEn-M2 sp012522645
GB_GCA_027046645	Thermoproteota	Thermoprotei_A	S012-22 sp015523445
GB_GCA_027014125	Thermoproteota	Thermoprotei_A	S012-22 sp027014125
GB_GCA_021163705	Thermoplasmatota	Thermoplasmata	S014-41 sp021163705
GB_GCA_026993785	Thermoplasmatota	Thermoplasmata	S014-41 sp026993785
GB_GCA_015521115	Thermoproteota	Thermoprotei_A	S143-63 sp015521115
GB_GCA_027043265	Thermoproteota	Thermoprotei_A	S143-63 sp015521185
GB_GCA_026986415	Thermoproteota	Thermoprotei_A	S143-63 sp026986415
GB_GCA_027037535	Thermoproteota	Thermoprotei_A	S143-63 sp027037535
GB_GCA_035615835	Thermoproteota	Thermoprotei_A	S143-63 sp027081695
RS_GCF_020886315	Thermoproteota	Thermoprotei_A	Saccharolobus caldissimus
RS_GCF_000022445	Thermoproteota	Thermoprotei_A	Saccharolobus islandicus
RS_GCF_038727355	Thermoproteota	Thermoprotei_A	Saccharolobus shibatae
GB_GCA_000175555	Thermoproteota	Thermoprotei_A	Saccharolobus solfataricus
RS_GCF_001719125	Thermoproteota	Thermoprotei_A	Saccharolobus sp001719125
RS_GCF_009601705	Thermoproteota	Thermoprotei_A	Saccharolobus sp009601705
GB_GCA_038878355	Thermoproteota	Thermoprotei_A	Saccharolobus sp038734615
RS_GCF_036967215	Thermoproteota	Thermoprotei_A	Saccharolobus tengchongensis_A
RS_GCF_020614395	Halobacteriota	Halobacteria	Salarchaeum japonicum
RS_GCF_007833275	Halobacteriota	Halobacteria	Salarchaeum sp007833275
RS_GCF_036418315	Halobacteriota	Halobacteria	Salarchaeum sp036418315
RS_GCF_006543045	Halobacteriota	Halobacteria	Salinadaptatus halalkaliphilus
RS_GCF_023204835	Halobacteriota	Halobacteria	Salinarchaeum laminariae
RS_GCF_000403645	Halobacteriota	Halobacteria	Salinarchaeum sp000403645
GB_GCA_009789175	Halobacteriota	Halobacteria	Salinibaculum litoreum
GB_GCA_036625595	Halobacteriota	Halobacteria	Salinibaculum sp036625595
RS_GCF_037338445	Halobacteriota	Halobacteria	Salinibaculum sp037338445
RS_GCF_037645885	Halobacteriota	Halobacteria	Salinibaculum sp037645885
RS_GCF_004916935	Halobacteriota	Halobacteria	Salinigranum halophilum
RS_GCF_024228675	Halobacteriota	Halobacteria	Salinigranum marinum
RS_GCF_002906575	Halobacteriota	Halobacteria	Salinigranum rubrum
RS_GCF_041641895	Halobacteriota	Halobacteria	Salinigranum sp041641895
RS_GCF_024296665	Halobacteriota	Halobacteria	Salinilacihabitans rarus
RS_GCF_025231485	Halobacteriota	Halobacteria	Salinirubellus salinus
GB_GCA_036628555	Halobacteriota	Halobacteria	Salinirubellus sp036625905
RS_GCF_020567425	Halobacteriota	Halobacteria	Salinirubrum litoreum
RS_GCF_009831455	Halobacteriota	Halobacteria	Salinirussus salinus
RS_GCF_003344565	Halobacteriota	Halobacteria	Saliphagus infecundisoli
GB_GCA_000494105	Nanobdellota	Nanobdellia	SCGC-AAA011-G17 sp000402515
GB_GCA_032249315	Thermoproteota	Thermoprotei	SCGC-AAA471-B05 sp032249315
GB_GCA_040776445	Halobacteriota	Methanomicrobia	SD8 sp018432765
GB_GCA_035528475	Halobacteriota	Methanomicrobia	SD8 sp035528475
GB_GCA_004524535	Asgardarchaeota	Lokiarchaeia	SDNM01 sp004524535
GB_GCA_016927895	Thermoproteota	Bathyarchaeia	SG8-32-3 sp016927895
GB_GCA_008080745	Asgardarchaeota	Thorarchaeia	SHMX01 sp008080745
GB_GCA_038045445	Nanobdellota	Nanobdellia	SICU01 sp038045445
GB_GCA_038045705	Nanobdellota	Nanobdellia	SICU01 sp038045705
GB_GCA_937888385	Thermoplasmatota	Thermoplasmata	SIG5 sp015063195
GB_GCA_034177025	Thermoplasmatota	Thermoplasmata	SIG5 sp016297775
GB_GCA_017395275	Thermoplasmatota	Thermoplasmata	SIG5 sp017395275
GB_GCA_017508065	Thermoplasmatota	Thermoplasmata	SIG5 sp017508065
GB_GCA_949291775	Thermoplasmatota	Thermoplasmata	SIG5 sp944321505
GB_GCA_949292635	Thermoplasmatota	Thermoplasmata	SIG5 sp949292635
GB_GCA_030587545	Asgardarchaeota	Lokiarchaeia	Sigynarchaeum springense
GB_GCA_007117735	Nanobdellota	Nanobdellia	SKGA01 sp007117735
GB_GCA_020430425	Nanobdellota	Nanobdellia	SKGA01 sp020430425
GB_GCA_021734105	Nanobdellota	Nanobdellia	SKGA01 sp021734105
GB_GCA_007116645	Nanobdellota	Nanobdellia	SKIA01 sp007116645
GB_GCA_007117065	Nanobdellota	Nanobdellia	SKIA01 sp007117065
GB_GCA_007128245	Nanobdellota	Nanobdellia	SKIA01 sp007128245
GB_GCA_007117755	Nanobdellota	Nanobdellia	SKIS01 sp007117755
GB_GCA_026414265	Micrarchaeota	Micrarchaeia	SKW190 sp026414265
GB_GCA_026414225	Thermoplasmatota	Thermoplasmata	SKW197 sp026414225
GB_GCA_038891235	Thermoplasmatota	Thermoplasmata	SKW197 sp038874435
GB_GCA_026413805	Micrarchaeota	Micrarchaeia	SKW311 sp026413805
RS_GCF_036429475	Halobacteriota	Halobacteria	SKXI01 sp036429475
GB_GCA_001595945	Thermoplasmatota	E2	SM1-50 sp001595945
GB_GCA_014894715	Thermoplasmatota	E2	SM1-50 sp014894395
GB_GCA_017885605	Thermoplasmatota	E2	SM1-50 sp017885605
GB_GCA_025457885	Thermoplasmatota	E2	SM1-50 sp025457885
GB_GCA_035543435	Thermoplasmatota	E2	SM1-50 sp035543435
GB_GCA_035562195	Thermoplasmatota	E2	SM1-50 sp035562195
GB_GCA_001595785	Nanobdellota	Nanobdellia	SM23-78 sp001595785
GB_GCA_016930415	Nanobdellota	Nanobdellia	SM23-78 sp016930415
GB_GCA_016932315	Nanobdellota	Nanobdellia	SM23-78 sp016932315
GB_GCA_016935175	Nanobdellota	Nanobdellia	SM23-78 sp016935175
GB_GCA_019322375	Nanobdellota	Nanobdellia	SM23-78 sp019322375
GB_GCA_041479965	Nanobdellota	Nanobdellia	SM23-78 sp041479965
GB_GCA_019894665	Asgardarchaeota	Thorarchaeia	SMTZ1-45 sp019894665
GB_GCA_030589315	Thermoplasmatota	Thermoplasmata	SOIM01 sp004377185
GB_GCA_004376645	Thermoproteota	Bathyarchaeia	SOJC01 sp004376645
GB_GCA_004376295	Thermoproteota	Bathyarchaeia	SOJZ01 sp004376295
GB_GCA_020348865	Thermoproteota	Bathyarchaeia	SOJZ01 sp020348865
GB_GCA_030608565	Thermoproteota	Bathyarchaeia	SOJZ01 sp030608565
GB_GCA_019057955	Asgardarchaeota	Lokiarchaeia	SOKP01 sp005222975
GB_GCA_011364925	Asgardarchaeota	Lokiarchaeia	SOKP01 sp011364925
GB_GCA_016839765	Asgardarchaeota	Lokiarchaeia	SOKP01 sp016839765
GB_GCA_016840545	Asgardarchaeota	Lokiarchaeia	SOKP01 sp016840545
GB_GCA_018238345	Asgardarchaeota	Lokiarchaeia	SOKP01 sp018238625
accession	phylum	class	species
GB_GCA_039001005	Aenigmatarchaeota	Aenigmatarchaeia	SpSt-28 sp039000725
RS_GCF_000092465	Thermoproteota	Thermoprotei_A	Staphylothermus hellenicus
RS_GCF_000015945	Thermoproteota	Thermoprotei_A	Staphylothermus marinus
RS_GCF_009729035	Thermoproteota	Thermoprotei_A	Stygiolobus azoricus
RS_GCF_019704315	Thermoproteota	Thermoprotei_A	Stygiolobus caldivivus
RS_GCF_037389975	Thermoproteota	Thermoprotei_A	Stygiolobus sp037389425
RS_GCF_014648235	Thermoproteota	Thermoprotei_A	Sulfodiicoccus acidiphilus
RS_GCF_002215565	Thermoproteota	Thermoprotei_A	Sulfolobus acidocaldarius
GB_GCA_000508305	Thermoproteota	Thermoprotei_A	Sulfolobus acidocaldarius_A
RS_GCF_009729515	Thermoproteota	Thermoprotei_A	Sulfuracidifex metallicus
RS_GCF_008326425	Thermoproteota	Thermoprotei_A	Sulfuracidifex tepidarius
RS_GCF_041154675	Thermoproteota	Thermoprotei_A	Sulfurisphaera javensis
RS_GCF_014202105	Thermoproteota	Thermoprotei_A	Sulfurisphaera ohwakuensis
RS_GCF_012222305	Thermoproteota	Thermoprotei_A	Sulfurisphaera sp012222305
RS_GCF_000011205	Thermoproteota	Thermoprotei_A	Sulfurisphaera tokodaii
GB_GCA_003599145	Nanobdellota	Nanobdellia	SURF-58 sp003599145
GB_GCA_041305085	Nanobdellota	Nanobdellia	SURF-58 sp041305085
GB_GCA_016203305	Nanobdellota	Nanobdellia	SURF-65 sp016203305
GB_GCA_003009755	Thermoplasmatota	SW-10-69-26	SW-10-69-26 sp003009755
GB_GCA_003009795	Nanohalarchaeota	Nanosalinia	SW-4-43-9 sp003009795
GB_GCA_036626435	Halobacteriota	Halobacteria	SW-9-67-25 sp036626435
GB_GCA_003601555	Halobacteriota	Syntropharchaeia	Syntropharchaeum butanivorans
GB_GCA_001766815	Halobacteriota	Syntropharchaeia	Syntropharchaeum caldarium
GB_GCA_026134025	Halobacteriota	Syntropharchaeia	Syntropharchaeum sp026134025
GB_GCA_027374155	Thermoplasmatota	Thermoplasmata	Sysuiplasma acidicola
GB_GCA_027319645	Thermoplasmatota	Thermoplasmata	Sysuiplasma jiujiangense
GB_GCA_027331205	Thermoplasmatota	Thermoplasmata	Sysuiplasma superficiale
GB_GCA_018992705	Methanobacteriota_B	Thermococci	SZ-28-30 sp018992565
GB_GCA_018992685	Methanobacteriota_B	Thermococci	SZ-28-30 sp018992685
GB_GCA_015661855	Thermoproteota	Thermoprotei_A	SZUA-1508 sp015661855
GB_GCA_027049195	Thermoproteota	Nitrososphaeria	SZUA-1514 sp015523605
GB_GCA_027078545	Thermoproteota	Nitrososphaeria	SZUA-1514 sp027078545
GB_GCA_027051615	Aenigmatarchaeota	Aenigmatarchaeia	SZUA-1535 sp015521535
GB_GCA_015661515	Aenigmatarchaeota	Aenigmatarchaeia	SZUA-1535 sp015661515
GB_GCA_937897055	Hydrothermarchaeota	Hydrothermarchaeia	SZUA-236 sp002923215
GB_GCA_007280335	Thermoproteota	Nitrososphaeria	TA-20 sp007280335
GB_GCA_035631875	Thermoproteota	Nitrososphaeria	TA-20 sp035631875
GB_GCA_035685565	Thermoproteota	Nitrososphaeria	TA-20 sp035685565
GB_GCA_035935115	Thermoproteota	Nitrososphaeria	TA-20 sp035935115
GB_GCA_005877385	Thermoproteota	Nitrososphaeria	TA-21 sp005877075
GB_GCA_030773015	Thermoproteota	Nitrososphaeria	TA-21 sp014381105
GB_GCA_020028255	Thermoproteota	Nitrososphaeria	TA-21 sp014523495
GB_GCA_033271505	Thermoproteota	Nitrososphaeria	TA-21 sp014523595
GB_GCA_022545895	Thermoproteota	Nitrososphaeria	TA-21 sp022545895
GB_GCA_023251115	Thermoproteota	Nitrososphaeria	TA-21 sp023251115
GB_GCA_025923715	Thermoproteota	Nitrososphaeria	TA-21 sp025923455
GB_GCA_025937415	Thermoproteota	Nitrososphaeria	TA-21 sp025937665
GB_GCA_036555525	Thermoproteota	Nitrososphaeria	TA-21 sp029237505
GB_GCA_030913755	Thermoproteota	Nitrososphaeria	TA-21 sp030913755
GB_GCA_033272225	Thermoproteota	Nitrososphaeria	TA-21 sp033272285
GB_GCA_035250685	Thermoproteota	Nitrososphaeria	TA-21 sp035250685
GB_GCA_035253865	Thermoproteota	Nitrososphaeria	TA-21 sp035253865
GB_GCA_035454925	Thermoproteota	Nitrososphaeria	TA-21 sp035454925
GB_GCA_035620895	Thermoproteota	Nitrososphaeria	TA-21 sp035620895
GB_GCA_036280615	Thermoproteota	Nitrososphaeria	TA-21 sp036280615
GB_GCA_036395315	Thermoproteota	Nitrososphaeria	TA-21 sp036395315
GB_GCA_036557405	Thermoproteota	Nitrososphaeria	TA-21 sp036557405
GB_GCA_036558405	Thermoproteota	Nitrososphaeria	TA-21 sp036558405
GB_GCA_041690945	Thermoproteota	Nitrososphaeria	TA-21 sp038201105
RS_GCF_030273315	Halobacteriota	Halobacteria	Tc-Br11-E2g1 sp030273315
GB_GCA_014730165	Asgardarchaeota	Lokiarchaeia	TEKIR-8 sp014730165
GB_GCA_038870235	Thermoproteota	Nitrososphaeria_A	Terraquivivens ruidianensis
GB_GCA_025059205	Thermoproteota	Nitrososphaeria_A	Terraquivivens sp025059205
GB_GCA_938083505	Thermoproteota	Nitrososphaeria_A	Terraquivivens sp938083505
GB_GCA_038821125	Thermoproteota	Nitrososphaeria_A	Terraquivivens tengchongensis
GB_GCA_003056285	Thermoproteota	Nitrososphaeria_A	Terraquivivens tikiterensis
GB_GCA_023539525	Thermoproteota	Nitrososphaeria_A	Terraquivivens yellowstonensis
GB_GCA_025451315	Thermoproteota	Nitrososphaeria	TH1177 sp025451315
GB_GCA_025930575	Thermoproteota	Nitrososphaeria	TH1177 sp025922715
GB_GCA_031316115	Thermoproteota	Nitrososphaeria	TH1177 sp031316115
GB_GCA_032155045	Thermoproteota	Nitrososphaeria	TH1177 sp032155045
GB_GCA_035250975	Thermoproteota	Nitrososphaeria	TH1177 sp035250975
GB_GCA_035253345	Thermoproteota	Nitrososphaeria	TH1177 sp035253345
GB_GCA_035297365	Thermoproteota	Nitrososphaeria	TH1177 sp035297365
GB_GCA_035630235	Thermoproteota	Nitrososphaeria	TH1177 sp035630235
GB_GCA_035706205	Thermoproteota	Nitrososphaeria	TH1177 sp035706205
GB_GCA_036380115	Thermoproteota	Nitrososphaeria	TH1177 sp036380115
GB_GCA_036380415	Thermoproteota	Nitrososphaeria	TH1177 sp036380415
GB_GCA_036520175	Thermoproteota	Nitrososphaeria	TH1177 sp036520175
GB_GCA_009377575	Thermoproteota	Nitrososphaeria	TH5896 sp009377575
GB_GCA_014523625	Thermoproteota	Nitrososphaeria	TH5896 sp014523625
GB_GCA_014523695	Thermoproteota	Nitrososphaeria	TH5896 sp014523695
GB_GCA_032154965	Thermoproteota	Nitrososphaeria	TH5896 sp029237515
GB_GCA_035643435	Thermoproteota	Nitrososphaeria	TH5896 sp035643435
GB_GCA_950062565	Thermoplasmatota	Poseidoniia	Thalassarchaeum betae
GB_GCA_022447095	Thermoplasmatota	Poseidoniia	Thalassarchaeum betae_B
GB_GCA_937911265	Thermoplasmatota	Poseidoniia	Thalassarchaeum sp002495735
GB_GCA_964004875	Thermoplasmatota	Poseidoniia	Thalassarchaeum sp002501885
GB_GCA_002718575	Thermoplasmatota	Poseidoniia	Thalassarchaeum sp002503055
GB_GCA_964009715	Thermoplasmatota	Poseidoniia	Thalassarchaeum sp002507125
GB_GCA_964001055	Thermoplasmatota	Poseidoniia	Thalassarchaeum sp002714745
GB_GCA_012960685	Thermoplasmatota	Poseidoniia	Thalassarchaeum sp004195715
GB_GCA_963935135	Thermoplasmatota	Poseidoniia	Thalassarchaeum sp019654055
RS_GCF_014646535	Thermoproteota	Thermoprotei	Thermocladium modestius
GB_GCA_001516585	Thermoproteota	Thermoprotei	Thermocladium sp001516585
RS_GCF_024022995	Methanobacteriota_B	Thermococci	Thermococcus_A aggregans
RS_GCF_024054535	Methanobacteriota_B	Thermococci	Thermococcus_A alcaliphilus
RS_GCF_023746595	Methanobacteriota_B	Thermococci	Thermococcus_A argininiproducens
RS_GCF_009372125	Methanobacteriota_B	Thermococci	Thermococcus_A bergensis
RS_GCF_000246985	Methanobacteriota_B	Thermococci	Thermococcus_A litoralis
RS_GCF_014361105	Methanobacteriota_B	Thermococci	Thermococcus_A sibiricus
RS_GCF_001317345	Methanobacteriota_B	Thermococci	Thermococcus_A sp001317345
RS_GCF_902813195	Methanobacteriota_B	Thermococci	Thermococcus_A sp001484685
GB_GCA_029259245	Methanobacteriota_B	Thermococci	Thermococcus_A sp003663525
RS_GCF_012027425	Methanobacteriota_B	Thermococci	Thermococcus_A sp012027425
RS_GCF_002214465	Methanobacteriota_B	Thermococci	Thermococcus barossii
RS_GCF_001433455	Methanobacteriota_B	Thermococci	Thermococcus_B barophilus
RS_GCF_000517445	Methanobacteriota_B	Thermococci	Thermococcus_B paralvinellae
RS_GCF_012027375	Methanobacteriota_B	Thermococci	Thermococcus_B sp012027325
RS_GCF_017656495	Methanobacteriota_B	Thermococci	Thermococcus_B sp017656495
RS_GCF_035621495	Methanobacteriota_B	Thermococci	Thermococcus_B sp035621495
RS_GCF_904067545	Methanobacteriota_B	Thermococci	Thermococcus camini
RS_GCF_002214365	Methanobacteriota_B	Thermococci	Thermococcus celer
RS_GCF_008152015	Methanobacteriota_B	Thermococci	Thermococcus celericrescens
RS_GCF_012027285	Methanobacteriota_B	Thermococci	Thermococcus cleftensis
GB_GCA_002009975	Methanobacteriota_B	Thermococci	Thermococcus_C sp002009975
RS_GCF_000769655	Methanobacteriota_B	Thermococci	Thermococcus eurythermalis
RS_GCF_000022365	Methanobacteriota_B	Thermococci	Thermococcus gammatolerans
RS_GCF_002214385	Methanobacteriota_B	Thermococci	Thermococcus gorgonarius
RS_GCF_000816105	Methanobacteriota_B	Thermococci	Thermococcus guaymasensis
RS_GCF_900198835	Methanobacteriota_B	Thermococci	Thermococcus henrietii
RS_GCF_006274605	Methanobacteriota_B	Thermococci	Thermococcus indicus
RS_GCF_000009965	Methanobacteriota_B	Thermococci	Thermococcus kodakarensis
RS_GCF_946300405	Methanobacteriota_B	Thermococci	Thermococcus nautili
RS_GCF_012027455	Methanobacteriota_B	Thermococci	Thermococcus onnurineus
RS_GCF_002214485	Methanobacteriota_B	Thermococci	Thermococcus pacificus
RS_GCF_001592435	Methanobacteriota_B	Thermococci	Thermococcus peptonophilus
RS_GCF_001647085	Methanobacteriota_B	Thermococci	Thermococcus piezophilus
RS_GCF_002214585	Methanobacteriota_B	Thermococci	Thermococcus profundus
RS_GCF_002214565	Methanobacteriota_B	Thermococci	Thermococcus radiotolerans
RS_GCF_002214505	Methanobacteriota_B	Thermococci	Thermococcus siculi
RS_GCF_000151205	Methanobacteriota_B	Thermococci	Thermococcus sp000151205
RS_GCF_000221185	Methanobacteriota_B	Thermococci	Thermococcus sp000221185
RS_GCF_002214525	Methanobacteriota_B	Thermococci	Thermococcus sp002214525
RS_GCF_012027305	Methanobacteriota_B	Thermococci	Thermococcus sp012027305
RS_GCF_012027355	Methanobacteriota_B	Thermococci	Thermococcus sp012027355
RS_GCF_012027395	Methanobacteriota_B	Thermococci	Thermococcus sp012027395
RS_GCF_012027495	Methanobacteriota_B	Thermococci	Thermococcus sp012027495
RS_GCF_012027555	Methanobacteriota_B	Thermococci	Thermococcus sp012027555
RS_GCF_012027595	Methanobacteriota_B	Thermococci	Thermococcus sp012027595
RS_GCF_012027615	Methanobacteriota_B	Thermococci	Thermococcus sp012027615
RS_GCF_012027635	Methanobacteriota_B	Thermococci	Thermococcus sp012027635
RS_GCF_012027645	Methanobacteriota_B	Thermococci	Thermococcus sp012027645
GB_GCA_027081535	Methanobacteriota_B	Thermococci	Thermococcus sp015520705
RS_GCF_015521605	Methanobacteriota_B	Thermococci	Thermococcus sp015521605
GB_GCA_027023745	Methanobacteriota_B	Thermococci	Thermococcus sp015522395
RS_GCF_027059365	Methanobacteriota_B	Thermococci	Thermococcus sp015523185
RS_GCF_026988555	Methanobacteriota_B	Thermococci	Thermococcus sp026988555
RS_GCF_027038865	Methanobacteriota_B	Thermococci	Thermococcus sp026991495
RS_GCF_027008145	Methanobacteriota_B	Thermococci	Thermococcus sp027008145
RS_GCF_027024105	Methanobacteriota_B	Thermococci	Thermococcus sp027011145
RS_GCF_027012695	Methanobacteriota_B	Thermococci	Thermococcus sp027012695
RS_GCF_027023865	Methanobacteriota_B	Thermococci	Thermococcus sp027023865
RS_GCF_027052235	Methanobacteriota_B	Thermococci	Thermococcus sp027052235
RS_GCF_027063845	Methanobacteriota_B	Thermococci	Thermococcus sp027063845
RS_GCF_027066465	Methanobacteriota_B	Thermococci	Thermococcus sp027066465
GB_GCA_030156945	Methanobacteriota_B	Thermococci	Thermococcus sp030156945
RS_GCF_017873335	Methanobacteriota_B	Thermococci	Thermococcus stetteri
RS_GCF_024707485	Methanobacteriota_B	Thermococci	Thermococcus thermotolerans
RS_GCF_002214545	Methanobacteriota_B	Thermococci	Thermococcus thioreducens
RS_GCF_032304395	Methanobacteriota_B	Thermococci	Thermococcus zilligii
GB_GCA_015521085	Thermoproteota	Thermoprotei_A	Thermodiscus eudorianus
GB_GCA_027072335	Thermoproteota	Thermoprotei_A	Thermodiscus sp015523485
RS_GCF_038872975	Thermoproteota	Thermoprotei	Thermofilum adornatum
GB_GCA_028275765	Thermoproteota	Thermoprotei	Thermofilum_C sp020833575
GB_GCA_038816225	Thermoproteota	Thermoprotei	Thermofilum_C sp038741495
RS_GCF_000015225	Thermoproteota	Thermoprotei	Thermofilum pendens
RS_GCF_000264495	Thermoproteota	Thermoprotei_A	Thermogladius calderae
GB_GCA_028275985	Thermoproteota	Thermoprotei_A	Thermogladius sp009904025
GB_GCA_022759365	Thermoproteota	Thermoprotei_A	Thermogladius sp022759365
RS_GCF_014646795	Thermoplasmatota	Thermoplasmata	Thermogymnomonas acidicola
RS_GCF_000195915	Thermoplasmatota	Thermoplasmata	Thermoplasma acidophilum
RS_GCF_003205235	Thermoplasmatota	Thermoplasmata	Thermoplasma sp003205235
RS_GCF_008709555	Thermoplasmatota	Thermoplasmata	Thermoplasma sp008709555
RS_GCF_023256435	Thermoplasmatota	Thermoplasmata	Thermoplasma sp023256435
RS_GCF_000011185	Thermoplasmatota	Thermoplasmata	Thermoplasma volcanium
GB_GCA_000960885	Thermoproteota	Thermoprotei	Thermoproteus sp000960885
GB_GCA_032249075	Thermoproteota	Thermoprotei	Thermoproteus sp002077075
GB_GCA_038727015	Thermoproteota	Thermoprotei	Thermoproteus sp038893495
GB_GCA_041287225	Thermoproteota	Thermoprotei	Thermoproteus sp041287225
RS_GCF_000253055	Thermoproteota	Thermoprotei	Thermoproteus tenax
RS_GCF_000193375	Thermoproteota	Thermoprotei	Thermoproteus uzoniensis
RS_GCF_000092185	Thermoproteota	Thermoprotei_A	Thermosphaera aggregans
GB_GCA_023269815	Thermoproteota	Thermoprotei_A	Thermosphaera aggregans_B
GB_GCA_038887375	Thermoproteota	Thermoprotei_A	Thermosphaera sp038827615
GB_GCA_015522635	Thermoproteota	Thermoprotei_A	Tiamatella incendiivivens
GB_GCA_027077085	Thermoproteota	Thermoprotei_A	Tiamatella sp015522645
GB_GCA_902385255	Nanobdellota	Nanobdellia	Tiddalikarchaeum anstoanum
GB_GCA_013331805	Micrarchaeota	Micrarchaeia	UBA10161 sp10161u
GB_GCA_030649735	Iainarchaeota	Iainarchaeia	UBA10191 sp030649735
GB_GCA_035289485	Iainarchaeota	Iainarchaeia	UBA10205 sp035289485
GB_GCA_035289625	Iainarchaeota	Iainarchaeia	UBA10205 sp035289625
GB_GCA_038894155	Iainarchaeota	Iainarchaeia	UBA10205 sp038895675
GB_GCA_038884755	Micrarchaeota	Micrarchaeia	UBA10210 sp038884755
GB_GCA_016192915	Nanobdellota	Nanobdellia	UBA10216 sp016192915
GB_GCA_018304425	Iainarchaeota	Iainarchaeia	UBA10219 sp10219u
GB_GCA_002509225	Thermoplasmatota	Poseidoniia	UBA102 sp002509225
GB_GCA_020347565	Thermoplasmatota	Thermoplasmata	UBA10834 sp020347565
GB_GCA_035529455	Thermoplasmatota	Thermoplasmata	UBA10834 sp035529455
GB_GCA_041548485	Thermoplasmatota	Thermoplasmata	UBA10834 sp041548485
GB_GCA_002506335	Halobacteriota	Methanosarcinia	UBA114 sp002506335
GB_GCA_003491285	Methanobacteriota	Methanobacteria	UBA117 sp002494785
GB_GCA_030016715	Methanobacteriota	Methanobacteria	UBA117 sp030016715
GB_GCA_035297385	Thermoproteota	Bathyarchaeia	UBA11855 sp035297385
GB_GCA_029981985	Nanobdellota	Nanobdellia	UBA119 sp030156615
GB_GCA_028866575	Micrarchaeota	Micrarchaeia	UBA12276 sp028866575
GB_GCA_963999725	Thermoproteota	Nitrososphaeria	UBA141 sp002495315
GB_GCA_018899285	Thermoplasmatota	Thermoplasmata	UBA147 sp013791785
GB_GCA_002495885	Halobacteriota	UBA148	UBA148 sp002495885
GB_GCA_028715545	Halobacteriota	UBA148	UBA148 sp028715545
GB_GCA_028715985	Halobacteriota	UBA148	UBA148 sp028715985
GB_GCA_028279755	Nanobdellota	Nanobdellia	UBA153 sp028279755
GB_GCA_009903795	Thermoproteota	Nitrososphaeria	UBA164 sp009903795
GB_GCA_029784635	Thermoproteota	Nitrososphaeria	UBA164 sp023381255
GB_GCA_030756715	Thermoproteota	Nitrososphaeria	UBA164 sp030756715
GB_GCA_014874415	Thermoproteota	Nitrososphaeria	UBA183 sp014874415
GB_GCA_016200045	Thermoproteota	Nitrososphaeria	UBA183 sp016200045
GB_GCA_016432545	Thermoproteota	Nitrososphaeria	UBA183 sp016432545
GB_GCA_029785715	Thermoproteota	Nitrososphaeria	UBA183 sp021796515
GB_GCA_029785135	Thermoproteota	Nitrososphaeria	UBA183 sp021800855
GB_GCA_027318085	Thermoproteota	Nitrososphaeria	UBA183 sp021819035
GB_GCA_027345145	Thermoproteota	Nitrososphaeria	UBA183 sp021827865
GB_GCA_027386215	Thermoproteota	Nitrososphaeria	UBA183 sp021851265
GB_GCA_027310575	Thermoproteota	Nitrososphaeria	UBA183 sp027310575
GB_GCA_027886975	Thermoproteota	Nitrososphaeria	UBA183 sp027886975
GB_GCA_027887005	Thermoproteota	Nitrososphaeria	UBA183 sp027887005
GB_GCA_028866945	Thermoproteota	Nitrososphaeria	UBA183 sp028866945
GB_GCA_029785615	Thermoproteota	Nitrososphaeria	UBA183 sp029785615
GB_GCA_029785825	Thermoproteota	Nitrososphaeria	UBA183 sp029785825
GB_GCA_030038395	Thermoproteota	Nitrososphaeria	UBA183 sp030038395
GB_GCA_035622475	Thermoproteota	Nitrososphaeria	UBA183 sp035622475
GB_GCA_035625455	Thermoproteota	Nitrososphaeria	UBA183 sp035625455
GB_GCA_002503985	Thermoplasmatota	Thermoplasmata	UBA184 sp002503985
GB_GCA_027315645	Thermoplasmatota	Thermoplasmata	UBA184 sp021791335
GB_GCA_021798415	Thermoplasmatota	Thermoplasmata	UBA184 sp021798415
GB_GCA_027315755	Thermoplasmatota	Thermoplasmata	UBA184 sp021801925
GB_GCA_021816955	Thermoplasmatota	Thermoplasmata	UBA184 sp021816955
GB_GCA_027306645	Thermoplasmatota	Thermoplasmata	UBA184 sp021817245
GB_GCA_021817605	Thermoplasmatota	Thermoplasmata	UBA184 sp021817605
GB_GCA_021819135	Thermoplasmatota	Thermoplasmata	UBA184 sp021819135
GB_GCA_027377515	Thermoplasmatota	Thermoplasmata	UBA184 sp021821785
GB_GCA_027377975	Thermoplasmatota	Thermoplasmata	UBA184 sp021826685
GB_GCA_027378185	Thermoplasmatota	Thermoplasmata	UBA184 sp021828195
GB_GCA_027315805	Thermoplasmatota	Thermoplasmata	UBA184 sp021828715
GB_GCA_022749935	Thermoplasmatota	Thermoplasmata	UBA184 sp022749935
GB_GCA_022750055	Thermoplasmatota	Thermoplasmata	UBA184 sp022750055
GB_GCA_022750115	Thermoplasmatota	Thermoplasmata	UBA184 sp022750115
GB_GCA_022750155	Thermoplasmatota	Thermoplasmata	UBA184 sp022750155
GB_GCA_022750295	Thermoplasmatota	Thermoplasmata	UBA184 sp022750295
GB_GCA_022750415	Thermoplasmatota	Thermoplasmata	UBA184 sp022750415
GB_GCA_027310855	Thermoplasmatota	Thermoplasmata	UBA184 sp027309555
GB_GCA_027315165	Thermoplasmatota	Thermoplasmata	UBA184 sp027315165
GB_GCA_027315455	Thermoplasmatota	Thermoplasmata	UBA184 sp027315455
GB_GCA_027365105	Thermoplasmatota	Thermoplasmata	UBA184 sp027365105
GB_GCA_030038095	Thermoplasmatota	Thermoplasmata	UBA184 sp030038095
GB_GCA_030038895	Thermoplasmatota	Thermoplasmata	UBA184 sp030038895
GB_GCA_033854115	Thermoplasmatota	Thermoplasmata	UBA184 sp033854115
GB_GCA_035297105	Thermoplasmatota	Thermoplasmata	UBA184 sp035297105
GB_GCA_035501555	Thermoplasmatota	Thermoplasmata	UBA184 sp035501555
GB_GCA_035502055	Thermoplasmatota	Thermoplasmata	UBA184 sp035502055
GB_GCA_035502455	Thermoplasmatota	Thermoplasmata	UBA184 sp035502455
GB_GCA_035504395	Thermoplasmatota	Thermoplasmata	UBA184 sp035504395
GB_GCA_035532555	Thermoplasmatota	Thermoplasmata	UBA184 sp035532555
GB_GCA_035622275	Thermoplasmatota	Thermoplasmata	UBA184 sp035622275
GB_GCA_035623855	Thermoplasmatota	Thermoplasmata	UBA184 sp035623855
GB_GCA_035656255	Thermoplasmatota	Thermoplasmata	UBA184 sp035656255
GB_GCA_035656275	Thermoplasmatota	Thermoplasmata	UBA184 sp035656275
GB_GCA_035945215	Thermoplasmatota	Thermoplasmata	UBA184 sp035945215
GB_GCA_038729445	Thermoplasmatota	Thermoplasmata	UBA184 sp038729445
GB_GCA_002494765	Thermoplasmatota	UBA186	UBA186 sp002494765
GB_GCA_002501765	Halobacteriota	Methanosarcinia	UBA204 sp002501765
GB_GCA_030611205	Halobacteriota	Methanosarcinia	UBA204 sp030611205
GB_GCA_030627665	Halobacteriota	Methanomicrobia	UBA206 sp002503105
GB_GCA_030626605	Halobacteriota	Methanomicrobia	UBA207 sp002503135
GB_GCA_964011325	Thermoproteota	Nitrososphaeria	UBA213 sp002713325
GB_GCA_002507245	Thermoproteota	Bathyarchaeia	UBA233 sp002507245
GB_GCA_002499185	Nanobdellota	Nanobdellia	UBA284 sp002499185
GB_GCA_002496045	Thermoproteota	Thermoprotei_A	UBA285 sp002495025
GB_GCA_020833225	Thermoproteota	Thermoprotei_A	UBA285 sp020833225
GB_GCA_023269825	Thermoproteota	Thermoprotei_A	UBA285 sp023269825
GB_GCA_028275705	Thermoproteota	Thermoprotei_A	UBA285 sp028275705
GB_GCA_038824195	Thermoproteota	Thermoprotei_A	UBA285 sp030550615
GB_GCA_038816475	Thermoproteota	Thermoprotei_A	UBA285 sp038816475
GB_GCA_038824035	Thermoproteota	Thermoprotei_A	UBA285 sp038824035
GB_GCA_038727435	Thermoproteota	Thermoprotei_A	UBA285 sp038845865
GB_GCA_038894495	Thermoproteota	Thermoprotei_A	UBA285 sp038894495
GB_GCA_034190325	Thermoplasmatota	UBA186	UBA287 sp034190325
GB_GCA_004332335	Halobacteriota	Methanomicrobia	UBA288 sp004332335
GB_GCA_036789585	Halobacteriota	Methanomicrobia	UBA288 sp012728895
GB_GCA_035419125	Halobacteriota	Methanomicrobia	UBA288 sp029547145
GB_GCA_039680745	Halobacteriota	Methanomicrobia	UBA288 sp11384u
GB_GCA_030656015	Methanobacteriota	Methanobacteria	UBA349 sp002509745
GB_GCA_002839705	Methanobacteriota	Methanobacteria	UBA349 sp002839705
GB_GCA_030691365	Methanobacteriota	Methanobacteria	UBA349 sp023249725
GB_GCA_038115125	Thermoplasmatota	Poseidoniia	UBA36 sp001628485
GB_GCA_964011885	Thermoplasmatota	Poseidoniia	UBA36 sp001629235
GB_GCA_937129655	Thermoplasmatota	Poseidoniia	UBA36 sp001629255
GB_GCA_963998225	Thermoplasmatota	Poseidoniia	UBA36 sp002722735
GB_GCA_004195615	Thermoplasmatota	Poseidoniia	UBA36 sp004195615
GB_GCA_029940695	Thermoplasmatota	Poseidoniia	UBA36 sp029940695
GB_GCA_036336495	Thermoplasmatota	Poseidoniia	UBA36 sp030748775
GB_GCA_937888495	Methanobacteriota	Methanobacteria	UBA412 sp002495685
GB_GCA_019694635	Methanobacteriota	Methanobacteria	UBA412 sp023440975
GB_GCA_002499685	Thermoplasmatota	Thermoplasmata	UBA447 sp002503205
GB_GCA_031625175	Thermoplasmatota	Thermoplasmata	UBA447 sp031625175
GB_GCA_018238545	Asgardarchaeota	Heimdallarchaeia	UBA460 sp018238545
GB_GCA_030668825	Asgardarchaeota	Heimdallarchaeia	UBA460 sp023132955
GB_GCA_030668875	Asgardarchaeota	Heimdallarchaeia	UBA460 sp030668875
GB_GCA_002503825	Halobacteriota	Methanomicrobia	UBA467 sp002503825
GB_GCA_041305745	Halobacteriota	Methanomicrobia	UBA467 sp041305745
GB_GCA_002497075	Thermoplasmatota	Thermoplasmata	UBA472 sp002497075
GB_GCA_004525545	Thermoplasmatota	Thermoplasmata	UBA472 sp004525545
GB_GCA_012729095	Thermoplasmatota	Thermoplasmata	UBA472 sp012729095
GB_GCA_021372335	Thermoplasmatota	Thermoplasmata	UBA472 sp021372335
GB_GCA_026394395	Thermoplasmatota	Thermoplasmata	UBA472 sp026394395
GB_GCA_028682895	Thermoplasmatota	Thermoplasmata	UBA472 sp028682895
GB_GCA_035527755	Thermoplasmatota	Thermoplasmata	UBA472 sp035527755
GB_GCA_036677555	Thermoplasmatota	Thermoplasmata	UBA472 sp036677555
GB_GCA_041304605	Thermoplasmatota	Thermoplasmata	UBA472 sp041304605
GB_GCA_964013665	Nanobdellota	Nanobdellia	UBA489 sp002505585
GB_GCA_963997705	Nanobdellota	Nanobdellia	UBA492 sp002688315
GB_GCA_016185705	Nanobdellota	Nanobdellia	UBA492 sp016185705
GB_GCA_018303115	Nanobdellota	Nanobdellia	UBA492 sp018303115
GB_GCA_024653905	Iainarchaeota	Iainarchaeia	UBA493 sp024653905
GB_GCA_031200235	Thermoplasmatota	Thermoplasmata	UBA509 sp002498845
GB_GCA_021797355	Thermoplasmatota	Thermoplasmata	UBA509 sp021797355
GB_GCA_002498125	Nanobdellota	Nanobdellia	UBA525 sp002498125
GB_GCA_022451545	Thermoproteota	Nitrososphaeria	UBA57 sp002494565
GB_GCA_013378385	Thermoproteota	Nitrososphaeria	UBA57 sp013378385
GB_GCA_023898345	Nanobdellota	Nanobdellia	UBA583 sp002505525
GB_GCA_022565615	Nanobdellota	Nanobdellia	UBA583 sp022565615
GB_GCA_027858315	Nanobdellota	Nanobdellia	UBA583 sp027858315
GB_GCA_937138345	Nanobdellota	Nanobdellia	UBA583 sp937138345
GB_GCA_937899195	Thermoplasmatota	Poseidoniia	UBA60 sp028283345
GB_GCA_034679805	Thermoplasmatota	Thermoplasmata	UBA6 sp002067635
GB_GCA_002508545	Thermoplasmatota	Thermoplasmata	UBA6 sp002508545
GB_GCA_012719175	Thermoplasmatota	Thermoplasmata	UBA6 sp012719175
GB_GCA_018262895	Thermoplasmatota	Thermoplasmata	UBA6 sp018262895
GB_GCA_040776945	Thermoplasmatota	Thermoplasmata	UBA6 sp022709105
GB_GCA_033485155	Thermoplasmatota	Thermoplasmata	UBA6 sp033485155
GB_GCA_963663855	Thermoplasmatota	Thermoplasmata	UBA6 sp963663855
GB_GCA_002496015	Nanobdellota	Nanobdellia	UBA73 sp002496015
GB_GCA_001871495	Micrarchaeota	Micrarchaeia	UBA8480 sp001871495
GB_GCA_035455245	Thermoproteota	Nitrososphaeria	UBA8516 sp035455245
GB_GCA_035457865	Thermoproteota	Nitrososphaeria	UBA8516 sp035457865
GB_GCA_030748895	Thermoplasmatota	Poseidoniia	UBA8886 sp002509165
GB_GCA_030754655	Thermoplasmatota	Poseidoniia	UBA8886 sp002731655
GB_GCA_937899285	Thermoplasmatota	Poseidoniia	UBA8886 sp003193815
GB_GCA_963578705	Thermoplasmatota	Poseidoniia	UBA8886 sp963578705
GB_GCA_016930055	Thermoproteota	Bathyarchaeia	UBA8941 sp016930055
GB_GCA_041648335	Micrarchaeota	Micrarchaeia	UBA93 sp041648335
GB_GCA_018830945	Nanobdellota	Nanobdellia	UBA9640 sp018830945
GB_GCA_028706745	Nanobdellota	Nanobdellia	UBA9640 sp028706745
GB_GCA_013329215	Nanobdellota	Nanobdellia	UBA9640 sp9640u
GB_GCA_020057295	Nanobdellota	Nanobdellia	UBA9642 sp020057295
GB_GCA_027347435	Nanobdellota	Nanobdellia	UBA9642 sp021813435
GB_GCA_031402215	Nanobdellota	Nanobdellia	UBA9642 sp031402215
GB_GCA_035626895	Nanobdellota	Nanobdellia	UBA9642 sp035626895
GB_GCA_038895475	Nanobdellota	Nanobdellia	UBA9642 sp038895475
GB_GCA_041658255	Nanobdellota	Nanobdellia	UBA9642 sp041658255
GB_GCA_013329155	Nanobdellota	Nanobdellia	UBA9642 sp12459u
GB_GCA_014859835	Thermoplasmatota	Thermoplasmata	UBA9653 sp014859835
GB_GCA_018818785	Thermoplasmatota	Thermoplasmata	UBA9653 sp018818785
GB_GCA_040751795	Thermoplasmatota	Thermoplasmata	UBA9653 sp040751795
GB_GCA_041304525	Thermoplasmatota	Thermoplasmata	UBA9653 sp041304525
GB_GCA_029982165	Thermoplasmatota	Thermoplasmata	UBA9915 sp9915u
GB_GCA_023623025	Halobacteriota	Methanomicrobia	UBA9949 sp002068435
GB_GCA_002499905	Halobacteriota	Methanomicrobia	UBA9949 sp002499905
GB_GCA_937868195	Halobacteriota	Methanomicrobia	UBA9949 sp012516785
GB_GCA_013415565	Halobacteriota	Methanomicrobia	UBA9949 sp013415565
GB_GCA_035384385	Halobacteriota	Methanomicrobia	UBA9949 sp016699325
GB_GCA_021371995	Halobacteriota	Methanomicrobia	UBA9949 sp021371995
GB_GCA_029565175	Halobacteriota	Methanomicrobia	UBA9949 sp022710385
GB_GCA_022838945	Halobacteriota	Methanomicrobia	UBA9949 sp022841205
GB_GCA_041652095	Halobacteriota	Methanomicrobia	UBA9949 sp10516u
GB_GCA_013331745	Nanobdellota	Nanobdellia	UBA9989 sp9989u
GB_GCA_036788995	Thermoplasmatota	Thermoplasmata	VadinCA11 sp002498365
GB_GCA_937895425	Thermoplasmatota	Thermoplasmata	VadinCA11 sp002498605
GB_GCA_002505345	Thermoplasmatota	Thermoplasmata	VadinCA11 sp002505345
GB_GCA_002509405	Thermoplasmatota	Thermoplasmata	VadinCA11 sp002509405
GB_GCA_030445725	Thermoplasmatota	Thermoplasmata	VadinCA11 sp011620825
GB_GCA_034928305	Thermoplasmatota	Thermoplasmata	VadinCA11 sp034928305
GB_GCA_035271165	Thermoplasmatota	Thermoplasmata	VadinCA11 sp035271165
GB_GCA_021159125	Thermoplasmatota	E2	VBQP01 sp021159125
GB_GCA_016699555	Iainarchaeota	Iainarchaeia	VGJJ01 sp016699555
GB_GCA_016867455	Iainarchaeota	Iainarchaeia	VGJJ01 sp016867455
GB_GCA_030688545	Iainarchaeota	Iainarchaeia	VGJJ01 sp030688545
GB_GCA_016866895	Micrarchaeota	Micrarchaeia	VGKX01 sp016866895
GB_GCA_016882195	Thermoproteota	Methanomethylicia	VGLU01 sp016882195
GB_GCA_016874675	Thermoplasmatota	DTKX01	VGTL01 sp016874675
GB_GCA_016874685	Methanobacteriota	Methanobacteria	VGTM01 sp016874685
GB_GCA_016871995	Thermoproteota	Nitrososphaeria	VHBL01 sp016871995
GB_GCA_036515035	Thermoproteota	Nitrososphaeria	VHBL01 sp024860875
GB_GCA_030697975	Thermoproteota	Nitrososphaeria	VHBM01 sp030697975
RS_GCF_000148385	Thermoproteota	Thermoprotei	Vulcanisaeta distributa
RS_GCF_000190315	Thermoproteota	Thermoprotei	Vulcanisaeta moutnovskia
RS_GCF_026000775	Thermoproteota	Thermoprotei	Vulcanisaeta souniana
GB_GCA_028276745	Thermoproteota	Thermoprotei	Vulcanisaeta sp001516765
GB_GCA_028276845	Thermoproteota	Thermoprotei	Vulcanisaeta sp022014875
RS_GCF_001748385	Thermoproteota	Thermoprotei	Vulcanisaeta thermophila
GB_GCA_009840065	Thermoproteota	Nitrososphaeria	VYCS01 sp009840065
GB_GCA_009843815	Thermoproteota	Nitrososphaeria	VYCS01 sp009843815
GB_GCA_016126025	Thermoproteota	Nitrososphaeria	VYCS01 sp016126025
GB_GCA_021296165	Thermoproteota	Nitrososphaeria	VYCS01 sp021296165
GB_GCA_963665475	Thermoproteota	Nitrososphaeria	VYCS01 sp963665475
GB_GCA_015523685	Halobacteriota	Archaeoglobi	WAJW01 sp015523685
GB_GCA_030149205	Asgardarchaeota	Heimdallarchaeia	WAKA01 sp030149205
GB_GCA_015523335	Halobacteriota	Archaeoglobi	WAKM01 sp015523335
GB_GCA_026986375	Halobacteriota	Archaeoglobi	WAKM01 sp026986375
GB_GCA_027028145	Halobacteriota	Archaeoglobi	WAKM01 sp027028145
GB_GCA_027064525	Halobacteriota	Archaeoglobi	WAKM01 sp027064525
GB_GCA_015522745	Aenigmatarchaeota	Aenigmatarchaeia	WALA01 sp015522745
GB_GCA_027007625	B1Sed10-29	B1Sed10-29	WALL01 sp015522845
GB_GCA_030628655	B1Sed10-29	B1Sed10-29	WALL01 sp023129115
GB_GCA_027007025	Nanobdellota	Nanobdellia	WALP01 sp015522785
GB_GCA_021162365	Nanobdellota	Nanobdellia	WALP01 sp021162365
GB_GCA_024277205	Nanobdellota	Nanobdellia	WALP01 sp024277205
GB_GCA_015522695	Thermoproteota	Nitrososphaeria	WALT01 sp015522695
GB_GCA_027049915	Korarchaeota	Korarchaeia	WALU01 sp015521385
GB_GCA_027006555	Korarchaeota	Korarchaeia	WALU01 sp015522685
GB_GCA_026986575	Korarchaeota	Korarchaeia	WALU01 sp026986575
GB_GCA_027061785	Korarchaeota	Korarchaeia	WALU01 sp027061785
GB_GCA_037928645	Korarchaeota	Korarchaeia	WALU01 sp027078475
GB_GCA_032159035	Korarchaeota	Korarchaeia	WALU01 sp027491395
GB_GCA_027492195	Korarchaeota	Korarchaeia	WALU01 sp027491485
GB_GCA_027492155	Korarchaeota	Korarchaeia	WALU01 sp027491785
GB_GCA_030130125	Korarchaeota	Korarchaeia	WALU01 sp030130125
GB_GCA_032159025	Korarchaeota	Korarchaeia	WALU01 sp032159055
GB_GCA_035319845	Korarchaeota	Korarchaeia	WALU01 sp035319845
GB_GCA_027002815	Thermoproteota	Thermoprotei	WANN01 sp027002815
GB_GCA_027048875	Thermoproteota	Thermoprotei_A	WANQ01 sp015521735
GB_GCA_027046625	Iainarchaeota	Iainarchaeia	WANZ01 sp015521515
GB_GCA_015521325	Thermoproteota	Thermoprotei_A	WAOK01 sp015521325
GB_GCA_026986435	Thermoproteota	Thermoprotei_A	WAOK01 sp026986435
GB_GCA_015520765	Thermoproteota	Thermoprotei_A	WAOL01 sp015521295
GB_GCA_027002995	Thermoproteota	Thermoprotei_A	WAOL01 sp027002995
GB_GCA_027023255	Thermoproteota	Thermoprotei_A	WAOL01 sp027023255
GB_GCA_027002875	Thermoproteota	Thermoprotei_A	WAON01 sp027002875
GB_GCA_015520605	EX4484-52	EX4484-52	WAPT01 sp015520605
GB_GCA_027038505	EX4484-52	EX4484-52	WAPT01 sp027038505
GB_GCA_029258795	EX4484-52	EX4484-52	WAPT01 sp029258795
GB_GCA_015520485	Halobacteriota	Archaeoglobi	WAPX01 sp015520485
GB_GCA_026985525	Halobacteriota	Archaeoglobi	WAPX01 sp026985525
GB_GCA_026988525	Halobacteriota	Archaeoglobi	WAPX01 sp026988525
GB_GCA_027081285	Halobacteriota	Archaeoglobi	WAPX01 sp027038095
GB_GCA_015523025	Nanobdellota	Nanobdellia	WAPY01 sp015520525
GB_GCA_027064225	Nanobdellota	Nanobdellia	WAPY01 sp027064225
GB_GCA_027017435	Thermoproteota	Bathyarchaeia	WAQA01 sp015520475
GB_GCA_015521955	Thermoproteota	Thermoprotei_A	WAQK01 sp015520265
GB_GCA_027078975	Thermoproteota	Thermoprotei_A	WAQN01 sp015520195
GB_GCA_015519985	Nanobdellota	Nanobdellia	WIAN01 sp015519985
GB_GCA_014730275	Asgardarchaeota	Thorarchaeia	WJIL01 sp014730275
GB_GCA_018335335	Asgardarchaeota	Thorarchaeia	WJIL01 sp018335335
GB_GCA_014729995	Nanobdellota	Nanobdellia	WJIZ01 sp014729995
GB_GCA_023140175	Nanobdellota	Nanobdellia	WJIZ01 sp023140175
GB_GCA_014729915	Nanobdellota	Nanobdellia	WJJD01 sp014729915
GB_GCA_014729675	Nanobdellota	Nanobdellia	WJJM01 sp014729675
GB_GCA_014729505	Nanobdellota	Nanobdellia	WJJS01 sp014729505
GB_GCA_019322895	Nanobdellota	Nanobdellia	WJJT01 sp019322895
GB_GCA_019323035	Nanobdellota	Nanobdellia	WJJT01 sp019323015
GB_GCA_014729495	Nanobdellota	Nanobdellia	WJJV01 sp014729495
GB_GCA_014729195	Nanobdellota	Nanobdellia	WJKI01 sp014729195
GB_GCA_016929895	Nanobdellota	Nanobdellia	WJKI01 sp016929895
GB_GCA_014729145	Nanobdellota	Nanobdellia	WJKL01 sp014729145
GB_GCA_014729015	Nanobdellota	Nanobdellia	WJKR01 sp014729015
GB_GCA_016927245	Nanobdellota	Nanobdellia	WJKR01 sp016927245
GB_GCA_019323495	Nanobdellota	Nanobdellia	WJKV01 sp019323495
GB_GCA_014727985	Altiarchaeota	Altiarchaeia	WJMO01 sp014727915
GB_GCA_023539495	Thermoproteota	Nitrososphaeria_A	Wolframiiraptor allenii
GB_GCA_038892375	Thermoproteota	Nitrososphaeria_A	Wolframiiraptor sinensis
GB_GCA_033581775	Thermoproteota	Nitrososphaeria_A	Wolframiiraptor sp025059415
GB_GCA_019057475	Asgardarchaeota	Thorarchaeia	WTCK01 sp019057475
GB_GCA_012271085	Thermoproteota	Nitrososphaeria	WTHC01 sp011523285
GB_GCA_026706865	Thermoproteota	Nitrososphaeria	WTHC01 sp026708305
GB_GCA_016840425	Asgardarchaeota	Wukongarchaeia	Wukongarchaeum yapensis
GB_GCA_009889585	Thermoproteota	Bathyarchaeia	WUQV01 sp009889585
GB_GCA_028276045	Thermoproteota	Thermoprotei_A	WYEN01 sp009903825
GB_GCA_038879815	Thermoproteota	Thermoprotei_A	WYEN01 sp038881635
GB_GCA_041287455	Thermoproteota	Thermoprotei_A	WYEN01 sp041287455
GB_GCA_038894475	Thermoproteota	Thermoprotei_A	WYEQ01 sp009904015
GB_GCA_011605805	Thermoproteota	Methanomethylicia	WYZ-LMO10 sp004347955
GB_GCA_038880995	Thermoproteota	Methanomethylicia	WYZ-LMO10 sp029887795
GB_GCA_024461155	Thermoproteota	Methanomethylicia	WYZ-LMO11 sp004348015
GB_GCA_020832905	Thermoproteota	Methanomethylicia	WYZ-LMO11 sp020832905
GB_GCA_036867765	Halobacteriota	Archaeoglobi	WYZ-LMO2 sp004347865
GB_GCA_020833165	Halobacteriota	Archaeoglobi	WYZ-LMO2 sp011605865
GB_GCA_033582135	Halobacteriota	Archaeoglobi	WYZ-LMO2 sp025057895
GB_GCA_033582095	Halobacteriota	Archaeoglobi	WYZ-LMO2 sp025058735
GB_GCA_030055525	Halobacteriota	Archaeoglobi	WYZ-LMO2 sp030055525
GB_GCA_030055595	Halobacteriota	Archaeoglobi	WYZ-LMO2 sp030055595
GB_GCA_030153635	Halobacteriota	Archaeoglobi	WYZ-LMO2 sp030153385
GB_GCA_038731605	Halobacteriota	Archaeoglobi	WYZ-LMO2 sp038731605
GB_GCA_038734275	Halobacteriota	Archaeoglobi	WYZ-LMO2 sp038734275
GB_GCA_038841395	Halobacteriota	Archaeoglobi	WYZ-LMO2 sp038866255
GB_GCA_038844195	Halobacteriota	Archaeoglobi	WYZ-LMO2 sp038882935
GB_GCA_038888595	Halobacteriota	Archaeoglobi	WYZ-LMO2 sp038893835
GB_GCA_040514265	Halobacteriota	Archaeoglobi	WYZ-LMO2 sp040514265
GB_GCA_938048785	Halobacteriota	Archaeoglobi	WYZ-LMO2 sp938048785
GB_GCA_028275465	Hadarchaeota	Hadarchaeia	WYZ-LMO6 sp004347925
GB_GCA_038736355	Hadarchaeota	Hadarchaeia	WYZ-LMO6 sp038736355
GB_GCA_038851755	Hadarchaeota	Hadarchaeia	WYZ-LMO6 sp038851755
GB_GCA_938074535	Hadarchaeota	Hadarchaeia	WYZ-LMO6 sp938074535
GB_GCA_038840755	Thermoproteota	Methanomethylicia	WYZ-LMO8 sp004347965
GB_GCA_025059375	Thermoproteota	Methanomethylicia	WYZ-LMO8 sp025059375
GB_GCA_038838895	Thermoproteota	Methanomethylicia	WYZ-LMO8 sp029887785
GB_GCA_038887515	Thermoproteota	Methanomethylicia	WYZ-LMO8 sp038887515
GB_GCA_030734185	Halobacteriota	Halobacteria	XH8 sp030734185
GB_GCA_020833255	Thermoproteota	Thermoprotei_A	Zestosphaera sp020833255
GB_GCA_038828365	Thermoproteota	Thermoprotei_A	Zestosphaera sp038727705
GB_GCA_038895735	Thermoproteota	Thermoprotei_A	Zestosphaera sp038843015
GB_GCA_039889305	Thermoproteota	Thermoprotei_A	Zestosphaera sp039889305
GB_GCA_938045815	Thermoproteota	Thermoprotei_A	Zestosphaera sp938045815
GB_GCA_003056265	Thermoproteota	Thermoprotei_A	Zestosphaera tikiterensis
