accession	ogt	genome_size	gc_content	frac_ilvwygerkp	ratio_charged_polar	trna_gc	phylum	class	species
GCA_000008085	95.6603136690735	967642.420658388	31.56	0.653931713573781	1.708	72.7088301065927	Nanobdellota	Nanobdellia	Nanoarchaeum equitans
GCA_000145985	86.6077862772587	1942986.01760746	35.69	0.635448863813758	1.434	69.2039917061803	Thermoproteota	Thermoprotei_A	Ignisphaera aggregans
GCA_000166095	84.7713961731215	1267552.24793557	31.64	0.633871180002735	1.658	65.017807833722	Methanobacteriota	Methanobacteria	Methanothermus fervidus
GCA_000200715	24.4310745677009	2313969.22380629	57.37	0.568294377376197	1.335	60.3754785417931	Thermoproteota	Nitrososphaeria	Cenarchaeum symbiosum
GCA_000204585	32.7148031966434	1903487.59798132	31.92	0.574580282625846	1.159	57.3374273252391	Thermoproteota	Nitrososphaeria	Nitrosarchaeum limnae
GCA_000230955	44.2663830725013	3229738.5620915	66.43	0.558328151641928	1.533	61.8145446896746	Halobacteriota	Halobacteria	Halobacterium sp000230955
GCA_000246735	15.5983072067072	2456427.46638105	51.46	0.538728000744948	1.044	58.4126859130122	Thermoplasmatota	Poseidoniia	MGIIa-L1 sp000246735
GCA_000247545	95.4034820099241	2495340.79348932	55.05	0.634873999398881	1.703	70.0823490545062	Thermoproteota	Thermoprotei	Pyrobaculum oguniense
GCA_000270325	63.468153949512	1900438.66591295	51.65	0.614255826061039	1.416	67.5386184409779	Thermoproteota	Nitrososphaeria_A	Caldarchaeum subterraneum_A
GCA_000306725	41.7450912443346	3103493.58650641	44.61	0.576474434478312	1.25	60.4834826034692	Halobacteriota	Methanosarcinia	Methanolobus psychrophilus
GCA_000309865	45.7573360626419	2620064.9561546	38.59	0.588495697348487	1.245	61.0501235229411	Methanobacteriota	Methanobacteria	Methanobacterium sp000309865
GCA_000350305	45.104059406173	1585056.41136906	58.3	0.567945667729318	1.411	59.6165080147397	Thermoplasmatota	Thermoplasmata	Methanomethylophilus sp000350305
GCA_000387965	95.654243819732	1175354.31512272	24.33	0.636941634021926	1.281	65.650706777754	Nanobdellota	Nanobdellia	Nanobdella stetteri
GCA_000402075	28.3234594438548	1281845.40389972	35.66	0.576594561962427	1.232	58.3477008973289	Thermoproteota	Nitrososphaeria	Nitrosopelagicus sp000402075
GCA_000437835	48.7626718654988	1727861.60194688	55.73	0.570549329986556	1.459	59.9062673110349	NA	NA	NA
GCA_000494105	52.6727503906367	2313235.59150657	31.94	0.610608142778784	1.441	53.2869387285132	Nanobdellota	Nanobdellia	SCGC-AAA011-G17 sp000402515
GCA_000495695	77.9726608839267	1547051.61570158	58.71	0.621741421982362	1.441	72.5793902750007	Thermoproteota	Thermoprotei_A	Acidilobus sp028276005
GCA_000495715	82.1889523134822	1595647.37370358	58.07	0.623368329001862	1.46	72.5328358422083	NA	NA	NA
GCA_000496135	31.0868355022692	1816942.77273225	38.39	0.581818781337779	1.09	60.1105442909602	Thermoplasmatota	Thermoplasmata	GCA-000496135 sp000496135
GCA_000508305	75.9368471347659	2136040.60913706	36.3	0.622501832113854	1.259	66.5539194242409	Thermoproteota	Thermoprotei_A	Sulfolobus acidocaldarius_A
GCA_000690595	41.5470650934144	3985229.49270035	65.1	0.561614642214921	1.579	61.8206022427697	Halobacteriota	Halobacteria	Natrinema mahii
GCA_000830275	51.4608099119257	1570433.9025933	43.06	0.593855197507695	1.366	56.2016641899542	Iainarchaeota	Iainarchaeia	GW2011-AR10 sp000830275
GCA_000830295	56.860934982676	1606925.74600972	42.48	0.59979964518169	1.466	56.0396538153172	Nanobdellota	Nanobdellia	GW2011-AR15 sp000830295
GCA_000830315	46.3153052882008	1606140.58869094	31.67	0.60449780513688	1.327	52.2095548684434	Nanobdellota	Nanobdellia	GW2011-AR20 sp000830315
GCA_000960885	91.2758541564348	1792416.27808393	57.92	0.631827349899552	1.79	69.8127607226797	Thermoproteota	Thermoprotei	Thermoproteus sp000960885
GCA_000961135	76.2833182323493	1933577.12628198	46.78	0.628664909872005	1.439	67.4014364303299	Thermoproteota	Thermoprotei_A	Aramenus sulfurataquae
GCA_000965745	40.1470952028509	2302675.2843847	46.42	0.584504147956465	1.172	61.2368108725272	Thermoplasmatota	Thermoplasmata	GCA-965745 sp000965745
GCA_001189275	93.0488852849016	2112843.96862412	58.31	0.63428173235325	1.739	69.4817227018438	Thermoproteota	Thermoprotei	Pyrobaculum sp001189275
GCA_001273385	44.3122999643657	1870571.63103815	32.42	0.599543750115448	1.223	60.2320424029406	Thermoproteota	Bathyarchaeia	AD8-1 sp001273385
GCA_001399795	66.3135009332065	1720875.99006975	44.19	0.620121424560396	1.615	62.4034969130066	Thermoproteota	Bathyarchaeia	BA2 sp001399795
GCA_001412355	47.8592259199309	2148014.41812564	56.58	0.582199788325328	1.371	60.8969653246773	Halobacteriota	Methanomicrobia	LKUD01 sp001412355
GCA_001421185	45.9451095379835	2237605.23261947	62.07	0.584346412006176	1.469	61.1083925991093	Thermoplasmatota	Thermoplasmata	DTU008 sp001421185
GCA_001443365	34.7906106941908	1475275.84708949	34.42	0.581378577955595	1.221	57.9401601473559	NA	NA	NA
GCA_001507955	69.1815297476237	1382924.86491997	40.64	0.624597109863604	1.647	62.9006259984565	Methanobacteriota	Methanobacteria	Methanothermobacter_A sp001507955
GCA_001508815	83.3222675221032	2145935.33978517	48.59	0.628787286136823	1.825	68.2180656987207	NA	NA	NA
GCA_001515205	71.096812781765	1350954.68012729	54.83	0.622297872340426	1.617	64.0307349778386	Hadarchaeota	Hadarchaeia	Hadarchaeum yellowstonense
GCA_001516585	67.144674426833	2088749.16536835	46.79	0.60650719011843	1.228	66.4375394171539	Thermoproteota	Thermoprotei	Thermocladium sp001516585
GCA_001543015	22.487450383428	2154893.66465189	31.64	0.568949694300154	1.141	55.9452274524112	Thermoproteota	Nitrososphaeria	Nitrosopumilus sp001543015
GCA_001552015	96.3044875300478	1057578.9841159	24.24	0.632311539525574	1.216	65.5264674695896	Nanobdellota	Nanobdellia	Nanobdella acidilobi
GCA_001560915	41.4536762598176	2130009.89228402	54	0.565534402741542	1.305	59.1143185081844	Thermoplasmatota	Thermoplasmata	Methanomethylophilus sp001560915
GCA_001563305	44.5304606915973	1728498.7525762	55.53	0.567582861928681	1.351	59.5416374960701	Thermoplasmatota	Thermoplasmata	Methanoprimaticola sp001563305
GCA_001563875	58.360986158026	1249922.5215707	42.56	0.598329337728499	1.598	60.9543239994311	Nanohalarchaeota	Nanosalinia	B1-Br10-U2g19 sp001563875
GCA_001563915	55.2606393134663	1504312.06196975	39.37	0.584530240045138	1.501	60.8717164643396	Nanohalarchaeota	Nanosalinia	B1-Br10-U2g21 sp001563915
GCA_001577565	42.9533700984103	2748306.92761727	43.68	0.578303964757709	1.312	60.4396372473945	NA	NA	NA
GCA_001587575	55.2344387513167	1745161.32646202	34.49	0.610298786734512	1.386	61.6354370553634	Methanobacteriota_B	Thermococci	Methanofastidiosum sp001587575
GCA_001587715	52.0882581687973	2441787.68213542	35.36	0.603418347635398	1.366	61.2210975690645	Methanobacteriota_B	Thermococci	Methanofastidiosum sp001587715
GCA_001593865	81.8040217218781	2006953.74985511	51.05	0.645152074924672	1.813	67.6981343893928	Thermoproteota	Bathyarchaeia	B24 sp001593865
GCA_001593935	85.7813608691931	2177140.05989403	51.9	0.634745944921632	1.713	64.9282646400454	Thermoproteota	Bathyarchaeia	B26-1 sp001593935
GCA_001595785	61.3567261762862	2360636.05930177	36.73	0.601029439600813	1.423	53.0222131240735	Nanobdellota	Nanobdellia	SM23-78 sp001595785
GCA_001595945	48.7981490034718	2335013.39584729	39.01	0.579091836072076	1.083	59.4308743276959	Thermoplasmatota	E2	SM1-50 sp001595945
GCA_001714685	43.4754905937017	4368677.59340324	40.09	0.590547857113222	1.291	60.1003704579729	Halobacteriota	Methanosarcinia	Methanosarcina sp001714685
GCA_001717025	53.575128012931	1410298.58403448	55.37	0.588340901081277	1.369	63.7465065254565	Thermoproteota	Methanomethylicia	Methanomethylicus oleisabuli
GCA_001717035	51.4157667751337	1678343.41363403	57.62	0.585253284852492	1.334	63.7305385927404	Thermoproteota	Methanomethylicia	Methanomethylicus mesodigestus
GCA_001742785	49.4347878279205	1586896.74843126	47.88	0.588709760124706	1.401	60.7511411746829	NA	NA	NA
GCA_001761425	60.5701422028418	1777771.77368086	46.37	0.582729062726694	1.491	59.3637517230267	Nanohalarchaeota	Nanosalinia	Nanohalobium sp001761425
GCA_001766815	54.8463131117994	1724007.65728477	45.37	0.605457195356545	1.557	61.9416161362498	Halobacteriota	Syntropharchaeia	Syntropharchaeum caldarium
GCA_001856825	45.3713268584606	1800678.47237039	44.3	0.594502429476849	1.186	61.8130191616896	Thermoplasmatota	Thermoplasmata	GCA-001856825 sp001856825
GCA_001856845	38.8269553913859	2059575.06762849	37.91	0.586074328011687	1.15	59.5258387430368	NA	NA	NA
GCA_001871475	37.4511996755235	1380962.80349241	46.98	0.593880046831349	1.436	54.645928339112	Micrarchaeota	Micrarchaeia	CG1-02-47-40 sp001871475
GCA_001871495	39.9409430249946	1742185.14531755	50.58	0.56777745580991	1.226	55.6651957322017	Micrarchaeota	Micrarchaeia	UBA8480 sp001871495
GCA_001896515	38.5220214383452	1441922.05882353	45.83	0.573109620294421	1.108	58.1174949501455	Micrarchaeota	Micrarchaeia	Micrarchaeum_A acidiphilum_A
GCA_001914405	57.6660102807048	2212098.14049587	35.38	0.61661774753146	1.554	61.876286081128	Halobacteriota	Methanonatronarchaeia	Methanohalarchaeum thermophilum
GCA_001940665	63.4187686368722	1515244.65811966	37.99	0.620850141079345	1.347	57.9204128926485	Asgardarchaeota	Odinarchaeia	Odinarchaeum yellowstonii
GCA_002009975	82.7598546990246	2362347	38.12	0.644779899885236	1.725	69.6742904000617	Methanobacteriota_B	Thermococci	Thermococcus_C sp002009975
GCA_002010045	68.6076355230837	2081052.36605792	39.79	0.615407709958545	1.562	62.6056934656642	Halobacteriota	Archaeoglobi	JdFR-22 sp002010045
GCA_002010065	70.512314261642	2046282.34086242	51.2	0.627122008517563	1.748	64.6796733461008	Hydrothermarchaeota	Hydrothermarchaeia	Pyrohabitans jungbluthii
GCA_002010195	68.5733080671585	2066146.24921202	42.16	0.626878674151744	1.659	65.5472187818431	Halobacteriota	Archaeoglobi	Archaeoglobus_A sp002010195
GCA_002010215	76.2157468057688	2291623.0974788	44.8	0.625631673583475	1.741	67.539514295133	Halobacteriota	Archaeoglobi	JdFR-37 sp002010215
GCA_002010285	81.7819330234414	1780429.74702835	42.23	0.624442595798578	1.712	67.7487230184846	Halobacteriota	Archaeoglobi	JdFR-41 sp002010285
GCA_002011125	65.1919842888882	2240271.5442156	39.1	0.62606218232306	1.572	62.6914824528399	Hydrothermarchaeota	Hydrothermarchaeia	Hydrothermarchaeum profundi
GCA_002011155	78.7873448299671	1503081.34167607	41.14	0.643125122241781	1.862	65.0998137999414	Halobacteriota	Archaeoglobi	Mnemosynella biddleae
GCA_002011235	71.2976821199075	2391129.68591692	40.45	0.631221432946942	1.728	64.7443818444363	Halobacteriota	Archaeoglobi	Archaeoglobus_A sp002011235
GCA_002067065	48.3805712120095	2616798.73883342	38.05	0.586585330258895	1.238	61.9469689994269	Methanobacteriota	Methanobacteria	Methanobacterium sp002067065
GCA_002067095	44.9565159473759	2356185.56701031	57.78	0.588157819478088	1.338	61.3831140767792	Halobacteriota	Methanomicrobia	Methanolinea_A sp002067095
GCA_002067115	44.5120360171137	2241709.56824941	56.96	0.585491994093104	1.318	61.1919724455641	Halobacteriota	Methanomicrobia	Methanolinea_A sp11423u
GCA_002067315	51.2443906941288	3243770	59.81	0.582277212843761	1.372	60.9623848054701	Halobacteriota	Methanocellia	Methanocella_A sp002067315
GCA_002067365	43.8477914470936	2828443.51634919	53.32	0.583965888256049	1.383	61.6573822125334	Halobacteriota	Methanosarcinia	Methanothrix sp002067365
GCA_002067495	54.7167102280939	2425757.70322852	60.31	0.604832416765755	1.621	61.9594323752975	NA	NA	NA
GCA_002067705	38.4676269463046	3464803.42741935	50.83	0.574394445867684	1.29	61.193774912426	Halobacteriota	Methanosarcinia	Methanothrix sp002067705
GCA_002067755	43.1853310722033	2302063.50848159	51.87	0.582666635925576	1.366	61.4156620485062	Halobacteriota	Methanosarcinia	Methanothrix sp002067755
GCA_002067865	48.7255701485446	2333164.54363617	56.99	0.578979096379879	1.352	60.0270830336901	Thermoplasmatota	Thermoplasmata	MVRC01 sp002067865
GCA_002067895	44.7843116003164	2352204.02766477	54.47	0.580280885559526	1.301	61.102615381185	Halobacteriota	Methanomicrobia	MVRE01 sp002067895
GCA_002171445	28.4255359087909	2256911.80536356	35.6	0.562948481416411	1.074	58.9159234578988	Thermoplasmatota	Poseidoniia	MGIIb-O3 sp002457145
GCA_002317795	23.0075814714513	2215848.92504358	31.25	0.564367230431233	1.158	56.0827675642145	Thermoproteota	Nitrososphaeria	Nitrosopumilus sp002317795
GCA_002490245	80.4618497736161	1555982.90598291	47.34	0.640303882977765	1.759	65.6088911058186	Thermoproteota	Bathyarchaeia	B24-2 sp002490245
GCA_002494625	71.1095362261843	2116863.42006682	41.03	0.627820338424456	1.715	65.9421431435358	Halobacteriota	Archaeoglobi	Archaeoglobus_A sp002494625
GCA_002494765	54.0997491930255	1848143.44543583	48.03	0.618134176566829	1.647	64.3761492177937	Thermoplasmatota	UBA186	UBA186 sp002494765
GCA_002494805	45.4852882821064	1882887.16308817	57.45	0.571792409842468	1.474	60.6978887965561	Thermoplasmatota	Thermoplasmata	Methanoprimaticola sp002506425
GCA_002494885	48.6849645377163	2310906.31053114	33.05	0.597708915377164	1.355	61.4934027330869	Methanobacteriota	Methanobacteria	Methanobacterium_D sp002494885
GCA_002495055	37.3827058308011	3027125.23405661	47.93	0.575491070502582	1.205	58.4992672000526	Halobacteriota	Methanomicrobia	Methanoregula sp002495055
GCA_002495625	49.0733535591171	2505566.00879436	40.48	0.595185035308601	1.294	61.5021762113726	Methanobacteriota	Methanobacteria	Methanobacterium_A sp002495625
GCA_002495885	51.5823738687661	1699904.09404971	42.57	0.597470619974469	1.426	57.9224819621674	Halobacteriota	UBA148	UBA148 sp002495885
GCA_002496015	55.1956519301096	2356717.30175077	40.77	0.591733521983232	1.311	58.5534427278595	Nanobdellota	Nanobdellia	UBA73 sp002496015
GCA_002496045	97.6432730072219	1443482.91958413	38.94	0.65048124915273	1.44	71.1122329869851	Thermoproteota	Thermoprotei_A	UBA285 sp002495025
GCA_002496395	45.8339644183423	2165130.48016701	51.67	0.586860999240855	1.364	59.8881823428932	Halobacteriota	Methanomicrobia	Methanocalculus sp002496395
GCA_002497075	47.8224224433674	1997139.43093862	57.91	0.583590528941052	1.408	60.6797327685734	Thermoplasmatota	Thermoplasmata	UBA472 sp002497075
GCA_002498125	55.928758375921	2243032.20478943	56.11	0.570814866843417	1.27	60.4833353062282	Nanobdellota	Nanobdellia	UBA525 sp002498125
GCA_002498375	41.796262780791	1630105.41697109	50.9	0.579634623485016	1.287	58.8856963618631	Halobacteriota	Methanomicrobia	Methanocorpusculum sp002498375
GCA_002499185	52.0458210958234	2349385.17618469	30.16	0.597808456587591	1.345	54.6794036542702	Nanobdellota	Nanobdellia	UBA284 sp002499185
GCA_002499685	37.4559785325007	1751494.18055992	42.83	0.582363914133823	1.136	57.0131301400949	Thermoplasmatota	Thermoplasmata	UBA447 sp002503205
GCA_002499905	51.7942753173483	2013252.31719876	57.4	0.589723143212882	1.313	61.0308921461394	Halobacteriota	Methanomicrobia	UBA9949 sp002499905
GCA_002501695	42.499027922543	2415463.39930883	47.17	0.579351112104339	1.291	60.5510084252992	Halobacteriota	Methanosarcinia	Methanolobus sp002501695
GCA_002501765	50.8009422054306	2039088.96155147	54.42	0.602134346729765	1.581	62.0025261932717	Halobacteriota	Methanosarcinia	UBA204 sp002501765
GCA_002502855	51.385396316887	2203998.33576035	40.23	0.597601913506211	1.333	61.2477331825983	Methanobacteriota	Methanobacteria	Methanobacterium_A sp002502855
GCA_002503085	49.9209565536638	2530542.7216786	55.49	0.595411204918746	1.493	61.5140470796333	Halobacteriota	Methanosarcinia	Methanocrinis harundinacea_A
GCA_002503305	51.9880645088442	1438985.76199684	33.49	0.586832022090962	1.138	58.3528034820018	Nanobdellota	Nanobdellia	Parvarchaeum acidiphilum
GCA_002503825	41.542458941186	2923474.76828012	50.89	0.578085690870675	1.172	60.1995089667249	Halobacteriota	Methanomicrobia	UBA467 sp002503825
GCA_002503985	47.9241135134408	1866088.09101346	67.14	0.593153182899467	1.268	64.3929618520077	Thermoplasmatota	Thermoplasmata	UBA184 sp002503985
GCA_002504405	50.3266839306816	1734886.38799571	59.37	0.570249175031355	1.4	60.0997584241708	Thermoplasmatota	Thermoplasmata	Methanoprimaticola sp002504405
GCA_002504415	28.9353763122299	1720848.88174966	40.15	0.562506239364061	1.143	60.1223631573006	Thermoplasmatota	Poseidoniia	MGIIb-O1 sp002498725
GCA_002505345	51.4792130724812	1454447.33702137	55.21	0.574824100817072	1.428	60.2916869861515	Thermoplasmatota	Thermoplasmata	VadinCA11 sp002505345
GCA_002505765	53.1244598825252	2364601.70549085	33.82	0.599320732427643	1.358	61.458030940363	Methanobacteriota	Methanobacteria	Methanobacterium_D sp002505765
GCA_002506085	40.6361211943406	1909608.77359485	47.79	0.578552670815818	1.227	58.3788787883684	Halobacteriota	Methanomicrobia	Methanocorpusculum sp002506085
GCA_002506335	40.4613833988065	2466496.93251534	51.04	0.582590573016131	1.313	60.7523482132378	Halobacteriota	Methanosarcinia	UBA114 sp002506335
GCA_002506535	47.7000801567121	2415322.74695814	58.83	0.602772992382573	1.601	61.7611197661405	Halobacteriota	Methanosarcinia	Methanocrinis harundinacea_B
GCA_002506595	65.1947922041467	1579846.96626792	29.46	0.617715645308301	1.255	67.9487825812782	Thermoproteota	Thermoprotei_A	Caldisphaera sp002506595
GCA_002506785	44.0140999316333	2583446.91049286	55.73	0.576560482167756	1.25	60.4918884577966	Halobacteriota	Methanomicrobia	Methanoregula sp002502245
GCA_002507205	41.7808469068644	2450323.3280674	42.27	0.575984131149291	1.303	59.6708575107957	Halobacteriota	Methanosarcinia	Methanolobus sp002507205
GCA_002507245	70.7728670531631	1764921.85755749	40.73	0.615127027421301	1.429	64.7526030220347	Thermoproteota	Bathyarchaeia	UBA233 sp002507245
GCA_002508425	40.3090922518473	2637989.94437313	41.04	0.575952362753341	1.209	60.3090882864688	Halobacteriota	Methanosarcinia	Methanomethylovorans sp002508425
GCA_002508545	49.2528169582339	2497406.62363771	62.67	0.585579198636475	1.431	60.7239986036702	Thermoplasmatota	Thermoplasmata	UBA6 sp002508545
GCA_002509225	31.2218657016745	1177099.9275887	36.73	0.575033776752423	1.203	62.5488809472714	Thermoplasmatota	Poseidoniia	UBA102 sp002509225
GCA_002509405	51.5432578893366	1317361.55988858	54.86	0.57697551137676	1.446	60.4366382864497	Thermoplasmatota	Thermoplasmata	VadinCA11 sp002509405
GCA_002685855	48.611408591454	1675392.86342064	42.29	0.588564741285631	1.309	53.7748042438905	Nanobdellota	Nanobdellia	GCA-2685855 sp002685855
GCA_002687075	22.4419705255008	2782399.84835082	46.19	0.543218518135283	1.046	58.6326272838188	Thermoplasmatota	Poseidoniia	MGIIa-L1 sp002687075
GCA_002688315	48.2896305971234	1235075.79859231	36.77	0.587842616514874	1.324	55.9723054530861	NA	NA	NA
GCA_002688355	49.2528162299122	1814765.13865308	27.63	0.603311260575325	1.363	51.7117342515662	Nanobdellota	Nanobdellia	GCA-2688355 sp002688355
GCA_002708015	24.2603700239026	2779940.49642979	39.52	0.551115657187175	1.059	59.0047022312941	Thermoplasmatota	Poseidoniia	MGIIb-N2 sp002708015
GCA_002712495	28.5242148711994	3221670.991178	61.47	0.549806660617036	1.265	60.8909300724847	Thermoplasmatota	Poseidoniia	MGIIa-L3 sp002496845
GCA_002718195	23.1273307362346	2854861.97183099	41.95	0.550456526115502	1.063	59.5137929699214	Thermoplasmatota	Poseidoniia	MGIIa-L4 sp002718195
GCA_002718575	29.2299155430964	1730007.98084597	48.54	0.552193956952832	1.149	60.2533187403081	Thermoplasmatota	Poseidoniia	Thalassarchaeum sp002503055
GCA_002722135	23.0333133665904	2413519.95012469	62.45	0.552982037459249	1.276	60.7029706248164	NA	NA	NA
GCA_002762785	56.128025004672	1558488.49510711	44.81	0.584977263608399	1.337	55.3226674854875	Nanobdellota	Nanobdellia	PCXY01 sp002762785
GCA_002762795	51.8531559671483	2217484.82362592	36.8	0.579325473825	1.23	55.6384396136002	Nanobdellota	Nanobdellia	1-14-0-10-37-12 sp002762795
GCA_002762865	57.146851705983	1507899.71346705	33.19	0.60398483530551	1.431	56.314220301137	Nanobdellota	Nanobdellia	CG1-02-33-12 sp002762865
GCA_002762985	52.63338764046	2119653.04980414	44.39	0.588815974353268	1.465	56.4609056471709	Nanobdellota	Nanobdellia	1-14-0-10-44-13 sp002762985
GCA_002763265	42.9858588862877	1548485.4548253	42.84	0.564514517182108	1.144	60.2657173243592	Nanobdellota	Nanobdellia	PEZQ01 sp002763265
GCA_002763335	50.9122485565707	1836519.24528302	46.54	0.593097827322291	1.417	59.3440979959187	Nanobdellota	Nanobdellia	CG1-02-47-18 sp002763335
GCA_002779235	53.1491190970658	1585027.47252747	44.22	0.588257524224147	1.372	58.461017860364	NA	NA	NA
GCA_002779595	47.1021457819143	1602949.32699921	37.4	0.588462490277876	1.252	56.934914342773	Nanobdellota	Nanobdellia	CG07-land sp002779595
GCA_002788615	54.3168944186049	2006300.9079118	38.87	0.602711243815792	1.43	58.0781819567075	Nanobdellota	Nanobdellia	CG1-02-39-14 sp001872315
GCA_002792115	48.1011269666176	2200286.23428193	33.2	0.586891218527051	1.222	52.2951953688449	Nanobdellota	Nanobdellia	GCA-002792115 sp002792115
GCA_002813105	54.7307319453248	1130758.47457627	45.16	0.603817050195547	1.579	55.3528383175981	Halobacteriota	UBA148	JAJOKI01 sp002813105
GCA_002839545	35.8205284036366	2069560.21159631	43.08	0.586414749740733	1.314	60.777269831298	Halobacteriota	Methanosarcinia	Methanoperedens_A sp002839545
GCA_002839605	43.4709136978855	2708065.62859233	55.31	0.574253887338	1.266	60.1490202953004	Halobacteriota	Methanomicrobia	Methanoregula sp002839605
GCA_002839645	44.6814955657297	2834056.22899053	60.8	0.586662455455113	1.401	61.4480149382019	Halobacteriota	Methanomicrobia	Methanoculleus sp002839645
GCA_002839675	43.3681829461033	2632227.19522592	51.44	0.573212370208858	1.198	59.8979315962902	Halobacteriota	Methanomicrobia	Methanoregula sp002839675
GCA_002839705	45.8845386407639	2615486.79783872	32.96	0.584474741721531	1.211	60.4099961173825	Methanobacteriota	Methanobacteria	UBA349 sp002839705
GCA_002844335	39.5851186138182	3841562.7580512	62.5	0.550066285562986	1.346	62.6022530538697	NA	NA	NA
GCA_002867475	47.9251300121585	2596393.8499767	31	0.580112242622463	1.289	52.1177258917515	Nanobdellota	Nanobdellia	BM511 sp002867475
GCA_002878135	68.3785656121304	1404562.08881579	40.99	0.621354446996247	1.486	63.4721204804009	NA	NA	NA
GCA_002897955	63.5272923202692	1853270.78891258	40.06	0.62096232270126	1.589	63.3211484935328	NA	NA	NA
GCA_002898355	66.222608955558	1988915.86674195	52.58	0.621461185502857	1.451	65.6337530018868	Thermoproteota	Nitrososphaeria_A	HRBIN01 sp002898355
GCA_002898395	69.99600896319	1805152.0516559	51.44	0.630668599484143	1.5	68.2340735584613	Thermoproteota	Nitrososphaeria_A	HRBIN02 sp002898395
GCA_002923215	44.2275970139148	1856558.33048238	46.72	0.600525515203495	1.431	60.4741404266718	NA	NA	NA
GCA_003009755	47.5689993817611	3011394.20506789	69.25	0.564453132346875	1.499	64.6198632351084	Thermoplasmatota	SW-10-69-26	SW-10-69-26 sp003009755
GCA_003009795	57.8148461277411	1756426.73521851	42.61	0.585850845835659	1.471	57.3961654986555	Nanohalarchaeota	Nanosalinia	SW-4-43-9 sp003009795
GCA_003019535	53.8724582284566	2691505.8525783	49.76	0.60494181994289	1.17	65.9526930109444	Thermoproteota	Thermoprotei_A	ECH-B-1 sp003019535
GCA_003020945	35.5240015285347	2799883.65943945	70.86	0.564395301940266	1.778	63.2467298072051	Halobacteriota	Halobacteria	Halobaculum sp003020945
GCA_003021175	40.3016031006917	2752655.82083245	66.66	0.558135641278371	1.604	62.1922785876734	Halobacteriota	Halobacteria	Halosegnis sp003021175
GCA_003021235	37.1902538374332	3937714.66025781	64.53	0.566637002740283	1.51	62.5195128632911	Halobacteriota	Halobacteria	Halococcus sp003021235
GCA_003021785	33.0811118808775	2426119.08100529	65.09	0.556166580483674	1.459	60.7564617763503	Halobacteriota	Halobacteria	Halosegnis sp003021785
GCA_003034855	57.9672334354939	1498423.3807267	35.51	0.615670988743931	1.538	62.0153375449044	Halobacteriota	Methanonatronarchaeia	PZKD01 sp003034855
GCA_003056265	81.1055703725554	1901950.14200063	41.93	0.637912840906688	1.435	70.2052677593729	Thermoproteota	Thermoprotei_A	Zestosphaera tikiterensis
GCA_003056285	68.0261153080335	1736621.45360009	51.28	0.628938275111237	1.651	67.0233213656297	Thermoproteota	Nitrososphaeria_A	Terraquivivens tikiterensis
GCA_003104905	41.2628386263682	3028919.7338324	40.79	0.585012560368668	1.227	59.6050252096718	Halobacteriota	Methanosarcinia	Methanoperedens sp003104905
GCA_003116855	83.3868602045853	2078474.5057232	45.6	0.640639216764364	1.524	70.6053892222952	Thermoproteota	Thermoprotei_A	AG1 sp003116855
GCA_003133625	48.7838183855787	3001262.97169811	42.76	0.584069652676599	1.187	61.0277073888451	Thermoproteota	Bathyarchaeia	Bathycorpusculum sp003133625
GCA_003135935	45.2608180150994	2235978.904316	53.61	0.581888953302651	1.317	60.3261600317171	Thermoplasmatota	Thermoplasmata	FEN-33 sp003135935
GCA_003138595	39.8071229768947	1526492.10219442	51.68	0.573993315462391	1.271	59.5407608021194	Halobacteriota	Bog-38	Bog-38 sp003139855
GCA_003141335	43.8496397671698	2192435.60482556	49.82	0.577927960313466	1.247	59.7198369138248	Halobacteriota	Methanomicrobia	Methanoregula sp003141335
GCA_003141855	50.6748923877287	2811052.01361982	44.31	0.578826729171661	1.13	61.849769359912	Thermoproteota	Bathyarchaeia	Bathycorpusculum sp003141855
GCA_003144275	30.9111691216517	4634107.98122066	36.14	0.577501107202874	1.058	53.4165268137746	Asgardarchaeota	Heimdallarchaeia	Hodarchaeum sp003144275
GCA_003151535	40.6935750137139	3316433.96226415	32.48	0.582265424241696	1.17	57.4644546779742	Methanobacteriota	Methanobacteria	Methanobacterium_B sp003151535
GCA_003158115	49.1042634278322	2367673.7222509	32.05	0.590010460785683	1.24	61.0859982425891	Methanobacteriota	Methanobacteria	Methanobacterium_B sp003158115
GCA_003162615	41.0213342937733	2966862.9164391	49.4	0.581931591166407	1.308	61.7390647309739	Halobacteriota	Methanosarcinia	Fen-7 sp003162615
GCA_003164755	43.874613813339	3691454.87441464	35.73	0.588601818258866	1.25	59.2109933067838	Halobacteriota	Methanosarcinia	Methanosarcina sp003164755
GCA_003166335	47.4602231885457	2536976.24630441	32.39	0.593482821313692	1.236	60.8076389110048	Methanobacteriota	Methanobacteria	Methanobacterium_A sp003166335
GCA_003193925	31.6294990310187	1712432.87037037	60.83	0.563255222508964	1.274	60.4973260156545	NA	NA	NA
GCA_003194425	55.9478432192012	1512267.86293374	52.09	0.626511746524942	1.712	60.6534359489772	Halobacteriota	Syntropharchaeia	ANME1a sp003194425
GCA_003194435	62.9413608913702	1996960.0796196	45.64	0.60961156176102	1.557	61.8662468839517	Halobacteriota	Syntropharchaeia	G60ANME1 sp003194435
GCA_003194445	40.5977030806617	3805313.65313653	47.38	0.575227293552295	1.309	61.6457377471579	Halobacteriota	Methanosarcinia	Methanogaster_A sp003194445
GCA_003331425	29.0038199926115	1422354.63442717	31.19	0.577089522624653	1.215	56.1205504159838	NA	NA	NA
GCA_003336485	51.3817908966027	3478155.19125683	42.86	0.594055213268259	1.418	61.5167696846749	Halobacteriota	Syntropharchaeia	QENH01 sp003336485
GCA_003344655	76.7198385796197	1601083.53722475	56.63	0.641274609459945	1.702	71.7796415472316	Korarchaeota	Korarchaeia	Korarchaeum sp003344655
GCA_003345555	41.7664839321614	2652342.18495225	51.11	0.580410092071935	1.214	59.6267221728599	Asgardarchaeota	Thorarchaeia	OWC5 sp003345555
GCA_003352295	34.0418180934976	2457106.59898477	36	0.572222946004524	1.201	56.532667781942	Thermoproteota	Nitrososphaeria	PXYB01 sp003352285
GCA_003491285	56.87162539606	2215449.07737792	33.37	0.59631995325285	1.307	61.3275107726958	Methanobacteriota	Methanobacteria	UBA117 sp002494785
GCA_003552585	54.1706652610844	2047292.57155585	42.59	0.605461803599002	1.645	60.7496873616659	Thermoplasmatota	Thermoplasmata	PUNK01 sp003552585
GCA_003553425	59.0277578981841	2323386.07229472	43.77	0.612818441320623	1.785	60.0915297543215	Thermoplasmatota	Thermoplasmata	Natronoplasma halalkaliphilum
GCA_003554845	63.9651350483784	983875.67987568	43.39	0.613659274193548	1.793	59.197794023564	Aenigmatarchaeota	Aenigmatarchaeia	PWEA01 sp003554845
GCA_003554885	37.2280967647864	3409860.07364545	63.61	0.563288289794217	1.54	62.4896600167885	Halobacteriota	Halobacteria	Natronosalvus sp001564275
GCA_003554965	58.6661169427434	2414955.99047323	42.73	0.615440358301449	1.859	60.6708239498159	Thermoplasmatota	Thermoplasmata	Natronoplasma sp003554965
GCA_003555025	36.9013948771511	1546497.08823206	61.98	0.581733238466359	1.587	61.784592755095	Thermoplasmatota	Thermoplasmata	PWHV01 sp003555025
GCA_003555395	64.4591325243914	2424866.48305592	44.52	0.614690256000636	1.839	60.837469245076	Thermoplasmatota	Thermoplasmata	Natronoplasma sp003555395
GCA_003555465	70.8023820708555	1208636.45056416	46	0.622779604370802	1.966	57.8333466671372	Aenigmatarchaeota	Aenigmatarchaeia	PWEA01 sp003555465
GCA_003558085	56.4325038902497	1934655.96330275	35.41	0.597287166050797	1.366	60.1204442954874	Methanobacteriota	Methanobacteria	Methanobacterium_F sp003558085
GCA_003558335	48.0639696613747	1642799.43302622	33.79	0.609797750740762	1.435	61.3627916121471	Methanobacteriota_B	Thermococci	Methanofastidiosum sp003558335
GCA_003559355	56.3765578253634	2101265.60105102	43.3	0.601902990699355	1.566	60.3951536061669	Thermoplasmatota	Thermoplasmata	Haladaptatiplasma sp007129655
GCA_003559435	48.2631692338745	2255992.22188108	40.86	0.578179453486535	1.319	60.8535742528705	Halobacteriota	Methanosarcinia	Methanolobus sp003565715
GCA_003560595	50.6285247744171	2129826.65466006	43.14	0.601471292355723	1.562	60.269808538639	Thermoplasmatota	Thermoplasmata	Halarchaeoplasma sp003560595
GCA_003584625	66.5873815735511	1552388.62269344	39.78	0.621914725368195	1.568	62.769925593473	Methanobacteriota	Methanobacteria	Methanothermobacter_A sp003584625
GCA_003599145	46.0902640350332	2020140.67089195	37.92	0.571301034563547	1.197	55.1844357855409	Nanobdellota	Nanobdellia	SURF-58 sp003599145
GCA_003601555	60.6906236822688	1508927.75912488	49.4	0.62577952345092	1.818	62.0608993047643	Halobacteriota	Syntropharchaeia	Syntropharchaeum butanivorans
GCA_003601775	78.0209538574313	1735092.00363471	58.41	0.649237337128118	1.841	65.5485657022113	Thermoproteota	Bathyarchaeia	PIYN01 sp003601775
GCA_003602535	25.6630246779994	2279812.49191775	41.81	0.553189806070076	1.131	59.059138664021	Thermoplasmatota	Poseidoniia	MGIIa-K1 sp003602535
GCA_003649205	101.256560392456	2423192.63688592	43.24	0.659101554950652	1.71	70.0091453493581	NA	NA	NA
GCA_003649305	93.9838243102931	2330610.22292277	40	0.652712265209639	1.707	67.7527210385952	Thermoproteota	Thermoprotei	B15-G2 sp003650815
GCA_003649685	98.751245806666	2058747.04745544	40.1	0.650697300551136	1.734	69.6687327244481	Thermoproteota	Thermoprotei	B3-G16 sp003649665
GCA_003649715	68.355369265561	1787899.23954373	37.68	0.605424408569398	1.397	60.409873318837	Thermoplasmatota	E2	B82-G9 sp003649715
GCA_003650025	71.5326953571281	2179623.38632241	52.95	0.640218475286669	1.605	64.2012800461983	NA	NA	NA
GCA_003650785	90.464490678994	1683359.68379447	39.13	0.658759365788414	1.751	67.7313223320431	Thermoproteota	Thermoprotei	B20-G17 sp003650785
GCA_003650925	96.0285592214984	2301007.08610694	44.49	0.652604177361751	1.914	70.3392989064139	NA	NA	NA
GCA_003660555	76.527246791814	1395496.06808144	43.23	0.659076483879795	1.837	68.3272155560115	Hadarchaeota	B88-G9	B88-G9 sp003660555
GCA_003661125	67.9746226652157	2743104.38879246	42.96	0.61947780487967	1.676	61.3229991044429	Halobacteriota	Syntropharchaeia	QMVO01 sp003661125
GCA_003661385	80.8237008944031	2064970.91988131	52.8	0.637099792036023	1.758	66.4649814874559	Korarchaeota	Korarchaeia	B14-G2 sp003661385
GCA_003661965	71.8613596802876	1520561.00981767	39.09	0.642905809161073	1.702	64.3810270909823	Thermoproteota	Bathyarchaeia	EX4484-218 sp003661965
GCA_003661975	79.4774454480299	2132316.83881816	45.63	0.627829312029638	1.693	64.9745845265385	NA	NA	NA
GCA_003662995	77.9884834892168	2721627.20350475	38.4	0.629224201855823	1.738	66.0759117751284	Halobacteriota	Archaeoglobi	B5-G16 sp003662995
GCA_003663415	71.3813480995422	1576467.75336641	38.82	0.624266331073721	1.532	56.3221702292835	NA	NA	NA
GCA_003694495	56.4675007471471	1368034.06326034	36.21	0.595952143569292	1.375	58.9441554970266	Nanobdellota	Nanobdellia	J104 sp003694495
GCA_003694805	40.2568112448472	1963578.26439578	51.72	0.572485229568202	1.212	62.1031947496579	Nanobdellota	Nanobdellia	J110 sp003694805
GCA_003695265	61.2337848745194	1436268.53489321	40.32	0.599355149181906	1.442	54.2899813551301	Nanobdellota	Nanobdellia	J072 sp003695265
GCA_003695435	61.4641680759625	1681100.72883573	41.22	0.581291002811621	1.283	58.3460945443089	Nanobdellota	Nanobdellia	J101 sp003695435
GCA_003695745	60.1574057433561	1501825.61944834	55.9	0.62557993215888	1.832	60.556329638089	Hydrothermarchaeota	Hydrothermarchaeia	J060 sp003695745
GCA_003702545	40.3566919489406	1436001.87705303	34.82	0.576486544958312	1.258	58.2824318646278	Thermoproteota	Nitrososphaeria	Nitrosopumilus sp003702545
GCA_003724255	33.2616046210534	1569701.95889917	47.6	0.573778209237071	1.31	58.7276913758413	Thermoproteota	Nitrososphaeria	Nitrosopumilus sp003724325
GCA_003857025	33.3283830343891	3449006.00109111	50.97	0.57168407203355	1.259	61.225972242901	Halobacteriota	Methanosarcinia	Methanothrix sp003857025
GCA_003935005	66.6479277069319	2130652.65265265	40.21	0.622704851839688	1.547	63.7889329586444	Halobacteriota	Archaeoglobi	JdFR-42 sp002010305
GCA_004015825	37.1575387720372	3913660.03541298	58.95	0.559410039771559	1.387	62.5255382684007	Halobacteriota	Halobacteria	Halovenus sp004015825
GCA_004028775	59.747289228217	1566793.07843747	54.47	0.607721450239101	1.452	63.143690715772	Thermoproteota	Methanomethylicia	Methanosuratincola subterraneus
GCA_004195615	23.4240803432852	1948244.42057525	50.53	0.565343319561959	1.166	60.388788276726	Thermoplasmatota	Poseidoniia	UBA36 sp004195615
GCA_004212085	59.6576472341712	1833265.39605597	43.77	0.620388955277546	1.801	63.0885807022906	Halobacteriota	Methanoliparia	Methanolliviera hydrocarbonicum
GCA_004212145	84.8403608843762	1132556.56108597	28.43	0.640584370410451	1.534	62.7985980309045	NA	NA	NA
GCA_004322465	31.9300891797969	1897532.45287278	42.64	0.567476084476252	1.145	57.6799880868149	Thermoproteota	Nitrososphaeria	Nitrosotenuis sp004322465
GCA_004332335	42.4730116681226	2534117.33219141	66.39	0.586960762903108	1.389	60.8368937479296	Halobacteriota	Methanomicrobia	UBA288 sp004332335
GCA_004347975	78.3614267601343	2579386.06576224	43.21	0.634698122571814	1.669	68.8949431254965	Korarchaeota	Korarchaeia	Methanodesulfokores washburnensis
GCA_004366975	76.8759134405508	1861238	44.47	0.624969082254549	1.761	67.4043784055626	Halobacteriota	Archaeoglobi	Geoglobus sp002494725
GCA_004376295	57.1695739243999	2163053.67975278	43.22	0.607254269550045	1.432	61.7850907771818	Thermoproteota	Bathyarchaeia	SOJZ01 sp004376295
GCA_004376645	56.9145825993231	1414381.38479001	44.57	0.603900069716123	1.424	61.7982159653015	Thermoproteota	Bathyarchaeia	SOJC01 sp004376645
GCA_004376705	55.0294140962935	3272238.55008572	29.52	0.602311633240659	1.333	52.7076941332168	NA	NA	NA
GCA_004377185	48.5179975329988	2671673.07303257	50.22	0.590646886792573	1.356	60.1870769258793	NA	NA	NA
GCA_004524535	54.4872808271038	4372533.11060733	30.39	0.603078889760732	1.377	52.3011228014241	Asgardarchaeota	Lokiarchaeia	SDNM01 sp004524535
GCA_004525545	46.2908409054845	1671008.16582915	55.35	0.58760525311207	1.406	61.0748734372003	Thermoplasmatota	Thermoplasmata	UBA472 sp004525545
GCA_005191425	36.867142175502	4029887.39763421	28.03	0.604282006462207	1.251	51.1654033894306	Asgardarchaeota	Lokiarchaeia	HEL-GB-B sp005191425
GCA_005222965	54.4512827850589	1499424.71382448	30.17	0.602331647523262	1.418	53.3347232494447	Nanobdellota	Nanobdellia	B3-WOES sp005222965
GCA_005239175	38.0132286296898	3478641.54069165	59.01	0.554965675150605	1.363	61.778650831518	Halobacteriota	Halobacteria	Halalkalirubrum sp005239175
GCA_005798405	34.9325974568818	1483895.76392194	33.41	0.577922060162837	1.203	57.5390627365638	Thermoproteota	Nitrososphaeria	Nitrosarchaeum sp005798405
GCA_005877205	32.1490338557748	1710475.14779943	38.67	0.573745414148835	1.104	58.9730940863206	Thermoproteota	Nitrososphaeria	Nitrosotalea sp005877205
GCA_005877385	22.663887556949	2356672.44743117	34.3	0.572953096940346	1.077	56.1808985929788	Thermoproteota	Nitrososphaeria	TA-21 sp005877075
GCA_005877475	32.2478122374444	1701943.42647732	38.11	0.574238412175863	1.103	58.845039387643	Thermoproteota	Nitrososphaeria	Nitrosotalea sp001917995
GCA_005878985	46.8627075717227	2154951.00040833	64.16	0.585121730994458	1.361	64.2028160314827	Thermoplasmatota	Thermoplasmata	RBG-16-68-12 sp005878985
GCA_005884195	34.1015189163598	2642552.87009063	51.89	0.57790331946635	1.054	62.3523569917167	Thermoproteota	Bathyarchaeia	40CM-2-53-6 sp005884195
GCA_005888635	35.0942780407647	2583796.37311841	51.94	0.577013822034448	1.05	62.7876859219732	Thermoproteota	Bathyarchaeia	40CM-2-53-6 sp005888635
GCA_005888735	29.460456582453	2785450.30874985	53.03	0.573914243250904	1.023	62.674864575591	Thermoproteota	Bathyarchaeia	BA-19 sp005888735
GCA_005888745	34.8754218812734	2615835.31935176	51.69	0.580539272008827	1.081	62.2339946934207	Thermoproteota	Bathyarchaeia	40CM-2-53-6 sp005888745
GCA_005888755	37.1307660560193	2450961.1874924	51.95	0.579480633312928	1.076	62.7633137044404	Thermoproteota	Bathyarchaeia	40CM-2-53-6 sp005888755
GCA_006538205	62.78249003902	1923648.0199705	39.23	0.618899353248202	1.554	62.4738916588504	NA	NA	NA
GCA_007116645	47.7622342424684	1548205.56892403	44.83	0.565893046612555	1.152	59.7153977733613	Nanobdellota	Nanobdellia	SKIA01 sp007116645
GCA_007117065	54.3813676489619	1551786.14200171	39.78	0.570384898806821	1.056	59.4566255622127	Nanobdellota	Nanobdellia	SKIA01 sp007117065
GCA_007117735	44.0655242908781	1233761.6154396	35.39	0.567645479049736	1.137	57.6193278981411	Nanobdellota	Nanobdellia	SKGA01 sp007117735
GCA_007117755	51.5475139484863	1552778.21782178	31.67	0.60423031210107	1.411	57.3278317741837	Nanobdellota	Nanobdellia	SKIS01 sp007117755
GCA_007128245	48.3406017908369	1674395.36567705	47.2	0.566027096578868	1.158	59.4687277286461	Nanobdellota	Nanobdellia	SKIA01 sp007128245
GCA_007131205	54.0519861421687	1563800.63876282	40.97	0.599749077382481	1.445	58.8261108302563	Nanobdellota	Nanobdellia	PWWA01 sp007131205
GCA_007280335	36.3987973629143	1492143.18600368	35.5	0.576879268081443	1.153	59.2785123735393	Thermoproteota	Nitrososphaeria	TA-20 sp007280335
GCA_007571135	38.2629464648585	1743929.67450701	41.86	0.575581350247848	1.269	57.7083315587648	Thermoproteota	Nitrososphaeria	Nitrosopumilus sp007571135
GCA_008080745	45.59515235873	3404372.30835487	41.23	0.581537730273605	1.227	59.4190360846944	Asgardarchaeota	Thorarchaeia	SHMX01 sp008080745
GCA_008080995	28.0312606559082	1773614.00533075	45.11	0.558868385273176	1.163	60.5872952618304	Thermoplasmatota	Poseidoniia	MGIIb-O1 sp002685415
GCA_008933945	41.8530323043179	3913096.9534788	40.24	0.58662228590959	1.251	59.7432326222992	NA	NA	NA
GCA_009377575	24.3178352177478	4320379.83118614	38.68	0.564320806083174	1.07	57.4455269586813	Thermoproteota	Nitrososphaeria	TH5896 sp009377575
GCA_009379865	19.1745723099605	3598213.99176955	33.49	0.564673060258173	1.026	55.7167360937916	Thermoproteota	Nitrososphaeria	Nitrosocosmicus sp009379865
GCA_009619155	58.7300781391419	1374062.20146481	50.17	0.618831708207459	1.621	62.9131061866515	Hadarchaeota	Hadarchaeia	DG-33 sp004375695
GCA_009665115	31.6137974247822	2816070.31943212	39.27	0.567784806303235	1.083	58.6601202136678	Thermoproteota	Nitrososphaeria	Nitrosopolaris sp009665115
GCA_009712615	44.4743393243243	2368151.1236565	39.69	0.579084698855621	1.199	61.0287127491671	Methanobacteriota	Methanobacteria	Methanobacterium_B sp009712615
GCA_009776695	37.5916178797932	1418305.86840545	52.55	0.567955147099962	1.41	60.0088005475952	Thermoplasmatota	Thermoplasmata	Methanomicula sp009776695
GCA_009776805	37.9111489402415	2652153.04347826	35.57	0.569376195791535	1.035	60.1725323561576	Thermoproteota	Bathyarchaeia	Bathycorpusculum grumuli
GCA_009777615	39.2702992885116	1756950.8623495	52.26	0.572747000309399	1.339	59.6125177280035	Thermoplasmatota	Thermoplasmata	Methanoplasma cognatum
GCA_009778385	43.862909474943	2491282.57887517	39.3	0.571743220142426	1.066	60.9291985209673	Thermoproteota	Bathyarchaeia	Bathycorpusculum sp009778385
GCA_009778575	43.2322573000895	1479913.91184573	52.07	0.575977123651542	1.383	59.8681251040279	Thermoplasmatota	Thermoplasmata	Methanoplasma sp009778575
GCA_009780575	45.1849239817707	1577494.81924937	49.64	0.570294123460695	1.381	59.0541093011383	Thermoplasmatota	Thermoplasmata	Methanomicula labiotermitis
GCA_009781395	36.5346690941534	2631064.54005935	39.02	0.567812069543204	1.005	60.6067737664526	Thermoproteota	Bathyarchaeia	Bathycorpusculum sp009781395
GCA_009784005	50.975796507516	1834413.90548615	45.53	0.568068566872633	1.282	59.0830411022443	Halobacteriota	Methanosarcinia	Methanimicrococcus labiotermitis
GCA_009786255	37.339297582674	2356594.18577169	37.9	0.567892685474434	1.029	60.1953670926418	Thermoproteota	Bathyarchaeia	Bathycorpusculum acidaminoxidans
GCA_009787175	41.8378402764894	1888909.11253866	38.86	0.573982249841849	1.091	60.2957442375012	Thermoproteota	Bathyarchaeia	Bathycorpusculum fermentans
GCA_009789175	35.8980700076986	4050746.68981984	61.89	0.555003585294479	1.422	63.4797437983784	Halobacteriota	Halobacteria	Salinibaculum litoreum
GCA_009839185	27.2004074325419	1746356.25652325	45.51	0.55245727624665	1.098	59.4244583030305	NA	NA	NA
GCA_009840065	29.3598635483343	1786193.39462036	46.42	0.556283078963259	1.14	59.0282900327794	Thermoproteota	Nitrososphaeria	VYCS01 sp009840065
GCA_009889515	77.0905714243675	2211384.76030982	52.28	0.627149941708829	1.48	69.3408329456224	Thermoproteota	Nitrososphaeria_A	HRBIN02 sp009889515
GCA_009889585	81.6961595688393	1987570.81350555	47.41	0.637393097387013	1.859	65.7746960050851	Thermoproteota	Bathyarchaeia	WUQV01 sp009889585
GCA_009903795	70.4867328545061	1687354.10484669	37.83	0.620734894335277	1.372	67.2560583689105	Thermoproteota	Nitrososphaeria	UBA164 sp009903795
GCA_009903825	86.8690803630123	1973259.05872553	36.07	0.644163687480476	1.617	69.6349669171893	NA	NA	NA
GCA_009911715	41.5885537168692	1996760.38473734	59.55	0.565886403483966	1.358	60.3446467620727	NA	NA	NA
GCA_009993905	44.6239304100902	1775288.19953888	24.51	0.59283923441554	1.203	54.3275511906314	Iainarchaeota	Iainarchaeia	Forterrea multitransposorum
GCA_010028385	28.967943147433	1893990.04514411	40.01	0.566200043893811	1.136	58.4380892503646	Thermoproteota	Nitrososphaeria	Nitrosotenuis sp010028495
GCA_011045925	50.9686979079372	1543396.65902391	41.85	0.59241999021602	1.412	61.6103133310913	Nanobdellota	Nanobdellia	DSBS01 sp011045925
GCA_011048835	49.2220166033527	2116528.70635679	61.23	0.582493093025471	1.492	60.8324310334036	Halobacteriota	Methanomicrobia	DSDF01 sp011048835
GCA_011049045	52.9778803153658	2164384.31626701	55.23	0.593228367610981	1.395	62.5508814541887	Halobacteriota	Syntropharchaeia	JACGMN01 sp011049045
GCA_011049295	59.8421804913674	1365454.44824636	61.05	0.585683261981323	1.344	62.336912499875	Thermoplasmatota	E2	DSCA01 sp011049295
GCA_011050875	48.2163142175426	2219751.62399694	31.65	0.606179542994734	1.402	54.1306115250955	Nanobdellota	Nanobdellia	BMS3ABIN17 sp002897655
GCA_011052825	80.8699168615187	2071815.81143096	33.79	0.616070935714049	1.48	58.8422116848546	Thermoplasmatota	E2	DRIF01 sp011052825
GCA_011364925	45.3525137657401	4569579.10691384	32.97	0.595989399417073	1.254	52.7967333687251	Asgardarchaeota	Lokiarchaeia	SOKP01 sp011364925
GCA_011523285	19.0962231153187	998850.894151764	29.55	0.568558789515823	1.019	53.5899849540944	NA	NA	NA
GCA_011605725	65.1275451250721	2765809.53563447	46.43	0.624476857100307	1.481	61.9349136133426	Thermoproteota	EX4484-205	JAAOZP01 sp011605725
GCA_011605775	69.7024778280757	1756348.98312419	47.16	0.622386321750494	1.508	63.596154716193	Thermoproteota	Nitrososphaeria	JAAOZN01 sp011605775
GCA_011605805	63.6603364428916	1515936.50117196	49.53	0.621937407432504	1.498	64.3037183572756	Thermoproteota	Methanomethylicia	WYZ-LMO10 sp004347955
GCA_011605875	81.3054506484044	1467518	45.99	0.631422277921651	1.799	66.7894680707541	NA	NA	NA
GCA_011620845	50.6770318287141	1936559.74255165	41.1	0.598829797858154	1.371	61.6797976679278	Methanobacteriota	Methanobacteria	Methanobacterium_A sp011620845
GCA_012026795	40.6425375992728	3690361.25977769	40.57	0.58325576462545	1.196	59.9597658068121	Halobacteriota	Methanosarcinia	Methanoperedens sp012026795
GCA_012026835	42.6639603837931	3427792.79744092	42.91	0.590318722310973	1.292	60.7776361517938	Halobacteriota	Methanosarcinia	Methanoperedens sp012026835
GCA_012515445	47.784128505508	2788434.03769275	47	0.569904745182389	1.066	60.8327674841408	Thermoproteota	Bathyarchaeia	Bathycorpusculum sp012515445
GCA_012518185	45.0590933144947	1858878.66790871	41.95	0.581034039461182	1.346	60.1731321805046	Thermoplasmatota	Thermoplasmata	DTU008 sp012518185
GCA_012519275	47.388385647096	3240435.71210425	41.39	0.594780903556229	1.336	60.2022485623282	NA	NA	NA
GCA_012520845	48.6981787431382	1500119.33174224	60.72	0.582467949480294	1.544	60.7203296084146	Thermoplasmatota	Thermoplasmata	JAAYNL01 sp012520845
GCA_012521495	53.4512096117502	2238921.83859352	59.59	0.593349147621661	1.482	60.7873769861168	NA	NA	NA
GCA_012522645	50.0481739762496	1501785.15185602	54.48	0.574836515553431	1.432	60.1227907949857	NA	NA	NA
GCA_012719175	44.4623677703064	2723307.48482805	57.14	0.582490177027208	1.316	60.6251956491946	Thermoplasmatota	Thermoplasmata	UBA6 sp012719175
GCA_012728895	41.8022728741396	2370221.80568572	67.81	0.591199992554723	1.467	61.3911953707435	NA	NA	NA
GCA_012729095	44.8899978231387	1732049.06204906	59.7	0.586585624453768	1.474	61.2522425570383	Thermoplasmatota	Thermoplasmata	UBA472 sp012729095
GCA_012729535	39.9665857475501	3186859.93820803	41.93	0.578029131414824	1.15	58.6693416228691	Halobacteriota	Methanomicrobia	Methanospirillum sp012729535
GCA_012797645	55.9855729125372	1996142.44354372	33.7	0.608600733118623	1.373	61.352546214762	Methanobacteriota_B	Thermococci	Methanofastidiosum sp001587675
GCA_012799835	50.0484623916041	2072623.68815592	33.79	0.603591698881901	1.361	60.4936307353635	NA	NA	NA
GCA_012838075	55.1855127332305	1873012.01011378	58.93	0.589244429424009	1.54	61.1816031950087	NA	NA	NA
GCA_012838205	53.9172225511931	1933664.60268318	36.49	0.591931962835326	1.298	61.4018036549595	Methanobacteriota	Methanobacteria	Methanobacterium sp012838205
GCA_012839505	49.265991082989	3344010.70619724	40.89	0.595918981351637	1.35	60.7544590407395	Halobacteriota	Methanosarcinia	Methanosarcina sp002509325
GCA_012959485	25.8708641448582	2272117.70267076	45.06	0.550906932919303	1.088	59.3063799492617	Thermoplasmatota	Poseidoniia	MGIIa-K1 sp004195515
GCA_012960685	27.067879483019	1665098.43215843	55.51	0.562520056111269	1.219	59.0074124052639	Thermoplasmatota	Poseidoniia	Thalassarchaeum sp004195715
GCA_013114725	30.7990420487447	2174565.96035543	30.81	0.575912425383719	1.087	54.9144198649585	Thermoproteota	Nitrososphaeria	QCWD01 sp013114725
GCA_013138805	44.3869020285082	2057756.86516507	40.31	0.571463913576667	1.304	53.6551603430779	EX4484-52	EX4484-52	GLR71 sp013138805
GCA_013152685	69.2059708781137	1905215.82733813	59.91	0.637631858360842	1.839	65.4148289294597	Hydrothermarchaeota	Hydrothermarchaeia	Pyrohabitans sp013152685
GCA_013152815	40.2052914395262	1798502.46779824	53.31	0.575126951734612	1.332	60.2327877693497	Nanobdellota	Nanobdellia	JAADFO01 sp013152815
GCA_013154005	69.1589092783836	1781200.43572985	46.95	0.611626952201644	1.472	65.2096587752087	Thermoplasmatota	Thermoplasmata	JAADDK01 sp013154005
GCA_013154335	97.5326061741928	1460364.69962786	62.41	0.64060069659812	2.099	72.6656118904875	NA	NA	NA
GCA_013178225	43.4055851908942	3007116.60777385	53.74	0.581621755093381	1.315	61.2518655408197	Halobacteriota	Methanosarcinia	JABLXE01 sp013178225
GCA_013178285	53.6300828320421	2204815.27734416	34.52	0.606313683376162	1.364	61.7090450265637	Methanobacteriota_B	Thermococci	Methanofastidiosum sp013178285
GCA_013202845	51.6684303868172	1749776.06514469	34.89	0.596103161128628	1.454	57.4605082136638	Nanobdellota	Nanobdellia	GCA-2686295 sp013202845
GCA_013203245	24.9114001131171	1713481.2367241	33.73	0.57439763949177	1.216	57.1042493405729	Thermoproteota	Nitrososphaeria	Nitrosopumilus sp013203245
GCA_013329155	41.7648437883484	2442477.68943696	33.14	0.582362394535958	1.273	53.361766764426	Nanobdellota	Nanobdellia	UBA9642 sp12459u
GCA_013329215	50.0331880802804	2309225.24873593	44.34	0.587367348837665	1.471	59.298271834839	Nanobdellota	Nanobdellia	UBA9640 sp9640u
GCA_013329415	47.6534836237161	4191389.43248532	45.06	0.597662078544185	1.423	60.1195783291707	NA	NA	NA
GCA_013329705	95.2407365936739	1352438.74224419	56.4	0.649434200555696	1.905	66.490892933605	Thermoproteota	Thermoprotei_A	Ignicoccus hospitalis
GCA_013329755	80.0333624903122	1425448.63861386	39.32	0.630375600883767	1.662	64.325845858454	NA	NA	NA
GCA_013330395	81.9885169945198	1779098.77585479	39.81	0.644939912939888	1.752	69.2002065630598	NA	NA	NA
GCA_013330465	48.5623009364012	2341980.8908626	44.81	0.577532958332119	1.238	57.881643627263	NA	NA	NA
GCA_013330555	53.6625540494767	1959833.56177795	34.2	0.595387463704414	1.376	53.7308046927058	Nanobdellota	Nanobdellia	GW2011-AR17 sp10136u
GCA_013331635	48.5060914304582	2108938.52065322	41.94	0.587317982108981	1.257	55.2252966308003	Nanobdellota	Nanobdellia	GW2011-AR9 sp10194u
GCA_013331775	45.3078309786498	1814144.0943431	29.51	0.594314134014383	1.303	47.7965591409848	Nanobdellota	Nanobdellia	GW2011-AR18 sp000806155
GCA_013331805	33.1270183364162	1558515.07208388	52.86	0.579337705586516	1.341	56.7766687102238	Micrarchaeota	Micrarchaeia	UBA10161 sp10161u
GCA_013343275	66.4415431228632	1520647.51784825	46.95	0.580288032687825	1.477	60.4240757281024	Nanohalarchaeota	Nanosalinia	Nanohalovita sp013343275
GCA_013378385	30.1477295846208	1231963.15984671	34	0.572022725053125	1.07	53.9274528702292	Thermoproteota	Nitrososphaeria	UBA57 sp013378385
GCA_013388835	43.9109556348374	3281816.79555604	54.17	0.578525071711476	1.203	60.8817497174313	Asgardarchaeota	Thorarchaeia	JACAEL01 sp013388835
GCA_013388895	62.4066628893674	1770904.60157127	42.09	0.59640278262226	1.341	61.7138289102969	Thermoproteota	Bathyarchaeia	JACAEI01 sp013388895
GCA_013388905	64.7923444856206	1777222.15646822	40.73	0.60309838738902	1.366	62.1741724562629	Thermoproteota	Bathyarchaeia	JACAEI01 sp013388905
GCA_013388925	57.9059967944516	1605668.33541927	45.01	0.614694178694363	1.517	60.1864732031932	Thermoproteota	Nitrososphaeria	JACAEJ01 sp013388925
GCA_013390375	31.6819673178611	1159223.12955198	36.09	0.580424957926518	1.249	58.1226416792874	Thermoproteota	Nitrososphaeria	Nitrosopelagicus sp000484935
GCA_013390875	38.2536587040334	1349536.3267148	33.24	0.582294082305312	1.242	57.3377990642336	NA	NA	NA
GCA_013402945	47.7862976754894	2614110.71353399	40.06	0.591910313724994	1.239	61.6666710280615	Methanobacteriota	Methanobacteria	Methanobacterium_A sp002067325
GCA_013403005	52.4948978398976	2439211.93415638	38.08	0.592620252727632	1.293	61.4558773749405	Methanobacteriota	Methanobacteria	Methanobacterium sp013403005
GCA_013415565	51.5047976651781	1742668.80363975	59.02	0.591979570027914	1.364	60.6369518250429	Halobacteriota	Methanomicrobia	UBA9949 sp013415565
GCA_013415715	47.4265452614891	2159218.03415244	51.46	0.593675040005713	1.435	61.0485880891567	Thermoplasmatota	Thermoplasmata	JAAEEP01 sp013415695
GCA_013415865	57.3766880449676	1896307.88485607	52.33	0.595139183064227	1.527	59.8150660270615	Thermoplasmatota	Thermoplasmata	MVRC01 sp013415865
GCA_013426015	54.184308836329	1429824.29063279	48.53	0.595790097835755	1.352	60.1419774435271	Micrarchaeota	Micrarchaeia	Fermentimicrarchaeum limneticum
GCA_013694585	19.1944924392372	2409738.16029144	33.59	0.567279635228656	1.045	56.0284185534529	Thermoproteota	Nitrososphaeria	Nitrosocosmicus sp013694585
GCA_013821245	21.4869182808507	2678854.55827068	34.05	0.566047009963108	1.041	55.3036052013425	Thermoproteota	Nitrososphaeria	Nitrosocosmicus sp013821245
GCA_013824915	53.6846009317355	1818181.61877605	29.95	0.593087360426558	1.244	55.6889424442223	Nanobdellota	Nanobdellia	PNOQ01 sp013824915
GCA_013867335	36.5777985197365	1629192.50501896	34.83	0.576408173313639	1.228	57.8007765711281	Thermoproteota	Nitrososphaeria	Nitrosomaritimum aestuarii
GCA_013911135	30.00272940287	1909159.22286735	33.26	0.573354524594748	1.178	57.4997805788391	Thermoproteota	Nitrososphaeria	Nitrosopumilus sp013911135
GCA_014075315	29.3489027270359	2151567.04723528	36.87	0.56523670035103	1.179	56.3698756668795	Thermoproteota	Nitrososphaeria	Nitrosopumilus sp014075315
GCA_014189685	51.9577855653875	1275947.34794449	37.91	0.599711613643518	1.3	56.6695942756158	Undinarchaeota	Undinarchaeia	Naiadarchaeum limnaeum
GCA_014193235	37.367982860807	1529553.54107649	32.81	0.57705499950554	1.181	56.9136506349799	Thermoproteota	Nitrososphaeria	Nitrosarchaeum sp003569705
GCA_014237495	39.763392055195	3340840.50840508	42.89	0.580219753069782	1.264	60.7672414910625	Halobacteriota	Methanosarcinia	Methanocomedens sp014237145
GCA_014238095	52.497184073086	1206113.57793877	24.3	0.605443587404274	1.242	54.3099601907653	Aenigmatarchaeota	Aenigmatarchaeia	JABABT01 sp014238095
GCA_014297435	61.8939482817655	1707879.61696306	44.31	0.586308970099668	1.51	61.567535959976	Nanohalarchaeota	Nanosalinia	PL-Br10-U2g16 sp014297435
GCA_014361085	68.6174256695222	2101762.26675881	36.61	0.624076172470697	1.428	62.4481918806484	Thermoproteota	Nitrososphaeria	JACIWG01 sp014361085
GCA_014361095	66.8162903973557	1289002.04763444	51.86	0.61913374045529	1.596	63.588502864304	Hadarchaeota	Hadarchaeia	Hadarchaeum sp014361095
GCA_014361195	82.8922168441313	1294307.58092874	34.78	0.629390281875228	1.675	62.5608497465011	Thermoplasmatota	E2	JACIWB01 sp014361195
GCA_014361205	48.5049303147219	2171128.85295604	38.11	0.584734375512077	1.261	60.4412412139457	Halobacteriota	Methanosarcinia	Methanomethylovorans sp014361205
GCA_014361245	79.7816475116261	1540814.02629931	34.75	0.624469791820393	1.656	63.5772232096584	Thermoplasmatota	E2	JACIWB01 sp014361245
GCA_014361295	67.3246064926364	2290500	45.97	0.609653363336211	1.534	60.6753977462068	Thermoplasmatota	Thermoplasmata	JACIVX01 sp014361295
GCA_014361335	68.5944998614199	1394156.94591729	40.18	0.625298667373065	1.645	63.3086621106131	NA	NA	NA
GCA_014361455	56.1955549523241	1697506.1452514	53.64	0.605441446599394	1.439	62.7770981836123	Thermoproteota	Methanomethylicia	Methanosuratincola sp014361455
GCA_014384375	56.786454274869	1794341.11818825	35.54	0.6037831968837	1.462	55.3961450032377	Nanobdellota	Nanobdellia	GCA-2686295 sp014384375
GCA_014384555	31.1123217358578	1663194.1619811	33.19	0.574778412717334	1.228	56.4698735265247	Thermoproteota	Nitrososphaeria	Nitrosopumilus sp014384555
GCA_014523625	20.4229607818963	3257621.65377751	38.92	0.565724793614774	1.065	57.6023450004028	Thermoproteota	Nitrososphaeria	TH5896 sp014523625
GCA_014523695	20.5178968781544	4651675.24847324	38.96	0.563342387789419	1.051	57.5166484628332	Thermoproteota	Nitrososphaeria	TH5896 sp014523695
GCA_014727915	52.2096419862438	2090815.99630143	54.31	0.589929273909654	1.443	58.2824873256521	NA	NA	NA
GCA_014729015	52.6786049858251	1445860.34482759	54.73	0.578503090478695	1.384	59.6922251565735	Nanobdellota	Nanobdellia	WJKR01 sp014729015
GCA_014729195	55.022144600729	1440888.61076345	35.44	0.600265638835356	1.447	55.0213320258636	Nanobdellota	Nanobdellia	WJKI01 sp014729195
GCA_014729495	54.0674387923233	1859277.82380558	42.73	0.579606788488065	1.453	56.0640390950749	Nanobdellota	Nanobdellia	WJJV01 sp014729495
GCA_014729505	53.7680330719916	1741415.09433962	43.77	0.572282687655155	1.237	59.8223017572972	Nanobdellota	Nanobdellia	WJJS01 sp014729505
GCA_014729675	58.2429020653747	2026000	36.23	0.594935418825236	1.523	52.2908371867513	Nanobdellota	Nanobdellia	WJJM01 sp014729675
GCA_014729915	58.5904611872798	2511984.45020363	32.49	0.59396449622175	1.371	54.0605441714999	Nanobdellota	Nanobdellia	WJJD01 sp014729915
GCA_014729995	54.8800582804546	1613919.64068949	40.66	0.593453145707089	1.455	54.6076112089405	Nanobdellota	Nanobdellia	WJIZ01 sp014729995
GCA_014730165	48.1165725872073	5097436.74005915	30.92	0.598211724661053	1.29	53.9148066472601	Asgardarchaeota	Lokiarchaeia	TEKIR-8 sp014730165
GCA_014730275	43.9994983421877	3981184.44055944	45.21	0.578351613542252	1.263	59.4013478461699	Asgardarchaeota	Thorarchaeia	WJIL01 sp014730275
GCA_014859725	46.1100211162943	2461373.85768559	41.73	0.585298744489571	1.303	60.8207228422732	Halobacteriota	Methanosarcinia	Kmv04 sp014859725
GCA_014859735	65.0479090507172	1879136.07878245	46.25	0.623782718185353	1.732	61.376964201431	Halobacteriota	Syntropharchaeia	ANME-1-THS sp014859735
GCA_014859785	46.2750487313331	1947312.14174049	43.97	0.593708940369502	1.37	61.1430286000024	NA	NA	NA
GCA_014859835	38.7797555002218	2055263.39137185	53.78	0.574888750569021	1.355	59.6555190690669	Thermoplasmatota	Thermoplasmata	UBA9653 sp014859835
GCA_014874295	39.2744810597536	1367264.27622842	54.01	0.569533379439404	1.159	58.7808889224158	Micrarchaeota	Micrarchaeia	A-MIC-10 sp014874295
GCA_014874365	38.5000018376326	1557247.12583061	44.38	0.582883020900068	1.101	60.0953197819151	Thermoplasmatota	Thermoplasmata	JACWAH01 sp014874365
GCA_014874415	41.0749220660615	2220829.71729126	59.38	0.588541184147456	1.276	62.5875342204034	Thermoproteota	Nitrososphaeria	UBA183 sp014874415
GCA_014894395	46.1694682439107	3150447.15915639	41.26	0.573266662054511	1.074	59.9194104415761	NA	NA	NA
GCA_015062805	47.5325998084817	2300707.685618	29.38	0.573477176734008	1.116	59.5910706085292	Methanobacteriota	Methanobacteria	Methanosphaera stadtmanae_C
GCA_015062825	45.3446537043619	2801820.130775	29.32	0.560024510764843	1.018	60.0119852987292	Methanobacteriota	Methanobacteria	Methanosphaera stadtmanae_A
GCA_015063035	45.9658795757858	2439066.70942912	32.04	0.578326614617884	1.321	59.3307607737361	Methanobacteriota	Methanobacteria	Methanobrevibacter olleyae_A
GCA_015063165	44.3572458657891	2439255.45571245	57.24	0.566836627847394	1.373	59.5620153128509	Thermoplasmatota	Thermoplasmata	Methanoprimaticola sp015063165
GCA_015063225	43.9050251068741	1645430.31398238	59.22	0.566943887821288	1.404	60.6675227629833	Thermoplasmatota	Thermoplasmata	Methanomethylophilus sp015063225
GCA_015063245	48.3328107913919	1719941.03364551	54.1	0.570806250097089	1.419	58.941165697027	Thermoplasmatota	Thermoplasmata	Methanoprimaticola sp015063245
GCA_015063285	42.7571640646955	1952490.71849749	51.46	0.56674521660516	1.302	59.4084131433244	Thermoplasmatota	Thermoplasmata	Methanoprimaticola sp015063285
GCA_015163485	73.283536391575	1919347.80413932	46.53	0.623537474322068	1.73	67.6513301083603	Halobacteriota	Archaeoglobi	Geoglobus acetivorans
GCA_015519985	62.218990669984	1540024.23112768	24.26	0.614230308158804	1.414	60.3955576083194	Nanobdellota	Nanobdellia	WIAN01 sp015519985
GCA_015520425	71.4114105342481	2048013.65187713	51.13	0.618995286316112	1.506	67.6309211980025	Thermoproteota	Nitrososphaeria_A	Pelearchaeum sp015520425
GCA_015520485	83.7865630818818	1589909.1367996	45.07	0.629425848489093	1.793	67.8078742743458	Halobacteriota	Archaeoglobi	WAPX01 sp015520485
GCA_015520565	81.8511403648611	1588194.15229281	39.08	0.629852169766333	1.646	63.9507935645593	Thermoplasmatota	Thermoplasmata	Aciduliprofundum sp015520565
GCA_015520605	84.019520723632	1273573.32546474	44.31	0.625984065817159	1.693	66.2685144039422	EX4484-52	EX4484-52	WAPT01 sp015520605
GCA_015520735	89.4759098770221	1669709.6069869	43.91	0.645085626148798	1.54	70.6188047007218	Thermoproteota	Thermoprotei_A	JAADCY01 sp015520735
GCA_015520765	78.1483966070809	1873934.90484429	49.9	0.636801491429073	1.535	72.220865541326	Thermoproteota	Thermoprotei_A	WAOL01 sp015521295
GCA_015521085	83.4379400231579	1735071.80305448	54.17	0.64354071688988	1.626	71.1512478788217	Thermoproteota	Thermoprotei_A	Thermodiscus eudorianus
GCA_015521115	82.9417039385833	1877172.66108878	53.25	0.645034856002303	1.582	72.1234918934437	Thermoproteota	Thermoprotei_A	S143-63 sp015521115
GCA_015521325	85.2107865587119	1885446.57534247	55.61	0.635765504726783	1.616	72.5849331230885	Thermoproteota	Thermoprotei_A	WAOK01 sp015521325
GCA_015521465	71.6461390434391	1573273.88402169	41.7	0.616921647126108	1.523	65.864615977337	Thermoplasmatota	Thermoplasmata	JAADDK01 sp015521465
GCA_015521955	78.667589885523	1906013.29243354	58.96	0.64299442077937	1.714	72.1563650293794	Thermoproteota	Thermoprotei_A	WAQK01 sp015520265
GCA_015522625	67.8558375805476	1503926.12551925	40.89	0.630828640386162	1.442	68.5685634026512	Thermoproteota	Thermoprotei_A	Caldisphaera sp015522625
GCA_015522635	70.3200492564943	1576468.29268293	41.61	0.631347507670203	1.387	71.0886525877438	Thermoproteota	Thermoprotei_A	Tiamatella incendiivivens
GCA_015522645	72.0791164468264	1711198.62252833	43.15	0.631625692301649	1.383	70.719709113504	NA	NA	NA
GCA_015522695	68.529092310275	1473419.3330329	54.54	0.630533497832577	1.689	69.5893957644152	Thermoproteota	Nitrososphaeria	WALT01 sp015522695
GCA_015522745	64.8461647685473	954667.860340197	43.14	0.608674372199842	1.508	59.8688764369714	Aenigmatarchaeota	Aenigmatarchaeia	WALA01 sp015522745
GCA_015523025	58.6594057655323	1196747.06442399	36.78	0.602016803715071	1.348	58.6461702025898	Nanobdellota	Nanobdellia	WAPY01 sp015520525
GCA_015523135	80.4395352910895	1486838.72326978	38.45	0.628490944494257	1.626	64.1621032546824	Thermoplasmatota	Thermoplasmata	Aciduliprofundum sp015523135
GCA_015523335	84.1534299047979	1462061.78010471	45.12	0.639508050744372	1.949	68.437757915017	Halobacteriota	Archaeoglobi	WAKM01 sp015523335
GCA_015523445	77.9692044906554	1782874.03314917	54.45	0.641793722360793	1.603	71.797228361644	NA	NA	NA
GCA_015523455	77.559224170512	1608754.9983789	53.12	0.641821998943339	1.625	71.8331371606139	Thermoproteota	Thermoprotei_A	Aeropyrum sp015521685
GCA_015523465	83.2556200818411	1986261.4249532	53.02	0.65414339043684	1.858	72.1218738420804	Thermoproteota	Thermoprotei_A	Aeropyrum sp015523465
GCA_015523645	80.75911952398	1915977.14029583	41.34	0.632197539906783	1.794	67.680567314617	Halobacteriota	Archaeoglobi	Geoglobus sp015523645
GCA_015523685	69.187522191296	1778105.33793383	44.22	0.628917449034739	1.702	65.5120743388295	Halobacteriota	Archaeoglobi	WAJW01 sp015523685
GCA_015660865	44.1751998328862	2032682.69634607	59.51	0.597516626920575	1.401	61.5582541237648	Halobacteriota	Methanomicrobia	JACTUA01 sp015660865
GCA_015660885	40.6180312177128	2603134.86740274	47.79	0.577230966912946	1.211	60.2078087382723	Halobacteriota	Methanomicrobia	Methanoregula sp015660885
GCA_015660915	41.6636252241039	2182987.60948515	50.98	0.574192708003539	1.233	60.7132670896058	Halobacteriota	Bog-38	Bog-38 sp015660915
GCA_015660965	40.6115764046811	2530869.11213005	42.34	0.576737391344836	1.154	59.2462379573421	Halobacteriota	Methanomicrobia	MVRE01 sp015660965
GCA_015660995	54.3386359245842	1652843.3563592	49.87	0.596149404289452	1.302	63.3011135793507	Thermoproteota	Methanomethylicia	JACTUC01 sp015660995
GCA_015661405	43.7546563619883	2746954.5269168	31.23	0.590174359063499	1.173	61.6917451762535	Methanobacteriota	Methanobacteria	Methanobacterium_A sp015661405
GCA_015661515	105	1024208.25631547	29.93	0.649457684987957	1.845	57.0426783228906	Aenigmatarchaeota	Aenigmatarchaeia	SZUA-1535 sp015661515
GCA_015661555	91.2905023594979	1078211.3238456	43.42	0.664734733172014	2.025	63.709755363264	Methanobacteriota	Methanococci	Methanofervidicoccus okinawensis_B
GCA_015661855	93.106175542794	1420498.78345499	36.49	0.658805218144767	1.546	68.7638830161083	Thermoproteota	Thermoprotei_A	SZUA-1508 sp015661855
GCA_015662355	87.0710211664007	1067201.71494301	41.18	0.660930835285969	1.946	63.867981177067	Methanobacteriota	Methanococci	Methanofervidicoccus okinawensis_A
GCA_016106185	32.2335030306511	1422918.82963662	31.13	0.579151810793339	1.16	56.3980566626024	NA	NA	NA
GCA_016125975	28.7666469367717	1977013.9042154	33.58	0.570990058627615	1.208	57.0574622780399	NA	NA	NA
GCA_016126025	32.4011740299939	2104221.5433356	61.23	0.566922907350892	1.359	61.0427013125059	Thermoproteota	Nitrososphaeria	VYCS01 sp016126025
GCA_016177615	49.216648236253	1890528.71019304	39.79	0.587055084559244	1.306	53.2900639857771	Nanobdellota	Nanobdellia	GCA-2688775 sp016177615
GCA_016180035	47.7494627185002	2099465.70817952	49.32	0.573505942527482	1.298	59.3534474610499	Nanobdellota	Nanobdellia	JACPCA01 sp016180035
GCA_016180195	38.3176166491335	1698463.55604638	44.63	0.576734337365342	1.214	58.0459463548897	Nanobdellota	Nanobdellia	JACPBS01 sp016180195
GCA_016180285	49.472957702029	1967331.55634533	37.81	0.592832765367292	1.39	55.2541447038832	Nanobdellota	Nanobdellia	JACPBO01 sp016180285
GCA_016181005	56.6665409776623	1320760.44269904	42.92	0.596076288952848	1.273	53.9970693337046	Aenigmatarchaeota	Aenigmatarchaeia	JACPAE01 sp016181005
GCA_016181275	51.2559563240403	1770712.2721293	32.49	0.605233687254582	1.447	53.3647660793805	Nanobdellota	Nanobdellia	JACOZQ01 sp016181275
GCA_016184005	51.8894967092999	1562706.56239374	44.73	0.58742691998614	1.341	50.127046566617	Aenigmatarchaeota	Aenigmatarchaeia	JACPDL01 sp016184005
GCA_016184145	45.0568456128641	1320122.10963887	38.44	0.596475244718435	1.419	53.5967441411272	Nanobdellota	Nanobdellia	JACPDF01 sp016184145
GCA_016184315	49.6384001434444	2586462.66358738	49.3	0.592823969703567	1.264	63.5410746128251	Thermoproteota	Nitrososphaeria	JACQRY01 sp016184315
GCA_016185435	50.8422391557822	1934839.77582986	47.11	0.590170709059927	1.408	56.3290098197066	Aenigmatarchaeota	Aenigmatarchaeia	JACPNN01 sp016185435
GCA_016185605	52.2908391816826	1635948.47328244	30.63	0.607842837018436	1.396	52.6576337090451	Nanobdellota	Nanobdellia	JACPNG01 sp016185605
GCA_016185625	55.232730532171	1716324.48377581	44.3	0.589582916492351	1.334	56.2758507873824	Nanobdellota	Nanobdellia	JACPND01 sp016185625
GCA_016185635	53.8849230948445	1962131.36729222	30.93	0.612325531601697	1.451	48.4690420060061	Nanobdellota	Nanobdellia	JACPNF01 sp016185635
GCA_016185705	46.369461676822	1782366.51189785	46.47	0.570440055760778	1.275	56.9849806062485	Nanobdellota	Nanobdellia	UBA492 sp016185705
GCA_016185725	46.2772959465935	1683496.80170576	35.11	0.591164379794869	1.236	48.9517989340101	Nanobdellota	Nanobdellia	JACPNA01 sp016185725
GCA_016185755	47.997787295021	1623250.51759834	41.75	0.589109575518263	1.36	55.3576595697681	Nanobdellota	Nanobdellia	GCA-2688775 sp016185755
GCA_016185945	53.8219085042606	1795634.2393896	36.84	0.597586454842692	1.367	54.8171282207991	Nanobdellota	Nanobdellia	GCA-2688775 sp016185945
GCA_016187335	56.4208645746238	1459365.65017261	47.04	0.592322525401673	1.388	51.9164757346932	Aenigmatarchaeota	Aenigmatarchaeia	JACPJW01 sp016187335
GCA_016187385	47.0931558071947	1663079.55192709	39.69	0.593245227606461	1.228	52.8433612450347	Aenigmatarchaeota	Aenigmatarchaeia	JACPAE01 sp016187385
GCA_016187415	54.725750250771	1566836.49541676	40.45	0.594209901240477	1.236	54.701023954194	Aenigmatarchaeota	Aenigmatarchaeia	JACOWB01 sp016187415
GCA_016187465	48.9393255898111	2045199.59702808	38.36	0.591123442549698	1.322	53.8280671507484	Nanobdellota	Nanobdellia	GCA-2688775 sp016187465
GCA_016187565	50.6683997746994	2474070.81900395	40.45	0.572756642257706	1.122	56.3477863006745	Nanobdellota	Nanobdellia	JACPJR01 sp016187565
GCA_016187745	42.9352400477357	1502170.79632227	45.49	0.587751621646314	1.412	55.8729633698748	Iainarchaeota	Iainarchaeia	JACPJC01 sp016187745
GCA_016188045	54.7715108593687	1936307.31337628	30.44	0.607461876326309	1.356	47.894050203465	Nanobdellota	Nanobdellia	JACPIM01 sp016188045
GCA_016188065	58.2122775175526	1630951.32333889	34.85	0.611191022010458	1.516	53.2881464448243	Nanobdellota	Nanobdellia	JACPIN01 sp016188065
GCA_016188115	48.5649048351681	2162944.87498172	38.62	0.570850566041125	1.147	52.4401553594539	Nanobdellota	Nanobdellia	JACPIK01 sp016188115
GCA_016188215	54.8572154039792	1613344.91243306	44.2	0.584848366644563	1.313	56.1350116593818	Nanobdellota	Nanobdellia	JACPIF01 sp016188215
GCA_016188245	51.0517970384366	1658840.57971015	40.08	0.588707177181832	1.352	53.3489052821751	Nanobdellota	Nanobdellia	GCA-2688775 sp016188245
GCA_016188265	59.7520152387507	1647319.90014265	31.26	0.59880339159625	1.286	55.4790868459981	Nanobdellota	Nanobdellia	JACPID01 sp016188265
GCA_016192905	48.505144670172	2015547.87759131	49.12	0.577815533980582	1.279	60.5615866434185	Nanobdellota	Nanobdellia	JACPTG01 sp016192905
GCA_016192915	43.6464056337643	1773001.77619893	47.68	0.57961454788866	1.277	58.5439496808895	Nanobdellota	Nanobdellia	UBA10216 sp016192915
GCA_016192945	41.1866516897777	1684415.86953113	45.83	0.579523389232127	1.242	58.455983659446	Nanobdellota	Nanobdellia	JACPTE01 sp016192945
GCA_016192995	47.2004399998418	2093308.30960393	34.07	0.584801713778149	1.248	53.8607858498997	Nanobdellota	Nanobdellia	JACPTB01 sp016192995
GCA_016193585	47.2134438146647	1667704.47420918	52.53	0.575804846561416	1.292	55.0747985830607	Aenigmatarchaeota	Aenigmatarchaeia	JACPRW01 sp016193585
GCA_016198685	46.1798867695882	1454401.05787181	45.19	0.57864262990456	1.313	57.8993140938883	Aenigmatarchaeota	Aenigmatarchaeia	JACQID01 sp016198685
GCA_016198705	53.6229435393597	1565693.01922243	37.44	0.587656802157129	1.197	53.0234964591315	Aenigmatarchaeota	Aenigmatarchaeia	JACQIA01 sp016198705
GCA_016198725	53.3898964241248	1988657.74307492	40.93	0.579089358886259	1.244	60.2237313858486	Nanobdellota	Nanobdellia	JACQIC01 sp016198725
GCA_016200045	34.112702993335	1985022.52542155	58.6	0.585073784109541	1.188	64.586761957542	Thermoproteota	Nitrososphaeria	UBA183 sp016200045
GCA_016202815	39.4494418522847	1421714.97221805	48.52	0.578212320503503	1.268	53.4642076015468	Aenigmatarchaeota	Aenigmatarchaeia	JACPZZ01 sp016202815
GCA_016203135	51.5558033943957	2110208.18875781	30.94	0.606923426150121	1.416	53.1405729398265	Nanobdellota	Nanobdellia	JACQNI01 sp016203135
GCA_016203225	48.9067276550781	1843424.88479263	57.19	0.566933278598433	1.233	61.8372056778343	Nanobdellota	Nanobdellia	DSQK01 sp016203225
GCA_016203305	55.880473827573	1888224.70411735	44.8	0.581805701486336	1.283	59.4435898763138	Nanobdellota	Nanobdellia	SURF-65 sp016203305
GCA_016203445	36.6093578394754	1590887.45855276	37.1	0.583621110792918	1.148	59.0327716394497	Nanobdellota	Nanobdellia	JACQMS01 sp016203445
GCA_016205145	41.4159075340945	1553708.21424133	51.31	0.576359647149432	1.378	59.0711062552657	Iainarchaeota	Iainarchaeia	JACQJH01 sp016205145
GCA_016207165	41.4505948194751	1619240.78091106	56.39	0.563020768561124	1.212	59.9756467967329	Micrarchaeota	Micrarchaeia	JACPGT01 sp016207165
GCA_016207515	31.4444045706175	2776623.97167552	62.3	0.570208438859377	1.248	61.8781603733886	Thermoplasmatota	SW-10-69-26	JACQPN01 sp016207515
GCA_016211185	40.9025395569049	1842048.68154158	47.97	0.569625578460244	1.155	58.3776797040708	Nanobdellota	Nanobdellia	JACQST01 sp016211185
GCA_016211195	55.7598738051311	1936943.3304272	48.65	0.574583648918268	1.271	58.7448169588399	Nanobdellota	Nanobdellia	JACQSS01 sp016211195
GCA_016212465	49.5694898012122	1744113.11427741	46.14	0.600059571027813	1.396	50.1160574394311	Micrarchaeota	Micrarchaeia	JACRGE01 sp016212465
GCA_016212475	32.2752831789971	1890012.38816242	42.25	0.5718527591196	1.152	53.3444794100531	Micrarchaeota	Micrarchaeia	JACRGC01 sp016212475
GCA_016212505	43.4417623874437	1904299.13759815	41.11	0.580115856305622	1.259	49.7123710036517	Micrarchaeota	Micrarchaeia	Bilamarchaeum sp016212505
GCA_016212785	56.716903035856	1535696.37691142	46.35	0.624882015306122	1.74	61.2297183093354	Hydrothermarchaeota	Hydrothermarchaeia	JACRDW01 sp016212785
GCA_016214025	51.0983255228814	2213585.89763414	39.31	0.598539794801477	1.366	54.6952953801191	Nanobdellota	Nanobdellia	JACRPH01 sp016214025
GCA_016214075	46.5183951862398	2331316.96107999	39.24	0.575758716849612	1.272	57.1654243122279	Nanobdellota	Nanobdellia	JACRPI01 sp016214075
GCA_016214785	40.2873015230863	2280578.0710022	58.21	0.57296874735509	1.245	61.608294983766	Thermoplasmatota	Thermoplasmata	JACRNV01 sp016214785
GCA_016215315	45.0342973414722	2680643.37132574	32.39	0.597082749475704	1.343	56.8339841823336	Nanobdellota	Nanobdellia	JACRKG01 sp016215315
GCA_016215465	35.6871828460939	1977231.27035831	39.86	0.570101066536301	1.16	58.1865393084283	Thermoproteota	Nitrososphaeria	Nitrosotenuis sp016215465
GCA_016219835	43.5391707751362	2043208.89836965	45.16	0.569409100226481	1.174	59.5320157302309	Nanobdellota	Nanobdellia	JACRKL01 sp016219835
GCA_016219865	52.1227335021671	2086990.97135741	31.78	0.578077627011676	1.242	51.8692512922639	Nanobdellota	Nanobdellia	JACRKF01 sp016219865
GCA_016222945	50.8485547493128	2305027.01600571	32.57	0.592935646644086	1.283	61.1590369337134	Methanobacteriota	Methanobacteria	Methanobacterium_D sp016222945
GCA_016235495	49.1273710061022	1749122.45309663	37.24	0.589237167104036	1.331	55.6211635589381	Nanobdellota	Nanobdellia	GW2011-AR17 sp016235495
GCA_016284295	44.3266699104855	2108867.81739723	56.13	0.568442319617531	1.341	59.5115021806398	Thermoplasmatota	Thermoplasmata	Methanoprimaticola sp016284295
GCA_016432305	53.951816866516	1390454.80279298	31.42	0.61150820448506	1.404	54.3464200485637	Nanobdellota	Nanobdellia	GCA-16432305 sp016432305
GCA_016432325	50.243342720934	1604381.07463781	55.9	0.5841485726382	1.416	57.225806316331	Aenigmatarchaeota	Aenigmatarchaeia	JACQIF01 sp016432325
GCA_016432545	35.3608486252708	1887736.22788305	60.28	0.58405003738375	1.185	64.1067879240235	Thermoproteota	Nitrososphaeria	UBA183 sp016432545
GCA_016699555	41.9868452047788	1814162.91940505	50.96	0.560641524154681	1.065	60.0002412068466	Iainarchaeota	Iainarchaeia	VGJJ01 sp016699555
GCA_016777125	23.6693606123414	2332842.00024941	44.95	0.550160446750432	1.071	59.9990865535568	NA	NA	NA
GCA_016777175	24.2780441103279	2236535.65690273	40.04	0.55384873039289	1.065	58.7447593667274	Thermoplasmatota	Poseidoniia	MGIIa-L1 sp002172355
GCA_016778305	20.7738554913103	2364786.71806989	51.01	0.545994729126238	1.085	60.4359269680318	Thermoplasmatota	Poseidoniia	Poseidonia sp016778305
GCA_016782225	21.5662636825779	2817553.98001934	34.54	0.566049362695813	1.06	55.5037595960654	Thermoproteota	Nitrososphaeria	Nitrosocosmicus sp016782225
GCA_016782315	23.5173006927497	2753019.8019802	34.4	0.566093194348575	1.057	55.2644403909648	Thermoproteota	Nitrososphaeria	Nitrosocosmicus sp016782315
GCA_016806715	42.0988957725581	2052784.4123193	44.42	0.581706799618118	1.126	60.4867923703583	Thermoplasmatota	Thermoplasmata	B-DKE sp002204705
GCA_016838825	37.6791736747203	1256606.1827957	35.82	0.585737931864692	1.246	58.3194911369271	Thermoproteota	Nitrososphaeria	JAEHKU01 sp016838825
GCA_016838845	32.040208904488	1678905.31891415	35.01	0.57943923050145	1.227	58.0414094414937	Thermoproteota	Nitrososphaeria	DRGT01 sp016838845
GCA_016838945	45.8612788772057	2589320.19392917	32.81	0.57529530880864	1.289	58.7252016990839	Methanobacteriota	Methanobacteria	Methanobrevibacter sp016838945
GCA_016839265	58.4250750430246	1442849.35897436	36.28	0.617779616686123	1.308	57.4312816645529	Asgardarchaeota	Odinarchaeia	Odinarchaeum sp016839265
GCA_016839295	35.8176358908669	4525007.98539813	34.73	0.583047324975525	1.064	54.9396539546971	Asgardarchaeota	Heimdallarchaeia	Hodarchaeum sp011364965
GCA_016839585	52.2183415640114	4134460.67281216	29.16	0.603604629527012	1.323	53.7870365231067	Asgardarchaeota	Lokiarchaeia	Loki-b32 sp016839585
GCA_016839765	56.3006665035441	3846213.80588372	29.69	0.603412343958562	1.317	53.9906411739133	Asgardarchaeota	Lokiarchaeia	SOKP01 sp016839765
GCA_016840425	57.6733444321839	2336982.01127005	37.99	0.624636106183226	1.624	54.8322571548732	Asgardarchaeota	Wukongarchaeia	Wukongarchaeum yapensis
GCA_016840545	56.0698866820064	3444571.5310147	29.59	0.603167570337165	1.313	53.6694126668597	Asgardarchaeota	Lokiarchaeia	SOKP01 sp016840545
GCA_016841265	47.5794986658415	3797477.39320237	45.97	0.597498220278654	1.412	60.5840759605209	Halobacteriota	Methanosarcinia	MTP4 sp016841265
GCA_016841295	48.0366459834677	2525727.33880179	61.86	0.590452228962278	1.475	61.2033618432476	Halobacteriota	Methanomicrobia	Methanoculleus sp016841955
GCA_016841385	52.3151668385284	2291309.30994399	62.43	0.593187152761912	1.506	61.4207361586112	Halobacteriota	Methanomicrobia	Methanoculleus sp016841385
GCA_016841485	44.6497751992466	2500218.60808956	55.28	0.580475318245568	1.337	60.6389450807926	Halobacteriota	Methanomicrobia	Methanovulcanius sp016841485
GCA_016841625	48.8784988857843	3826009.9826831	46.23	0.597299659253719	1.41	60.4327426785167	Halobacteriota	Methanosarcinia	MTP4 sp016841625
GCA_016845225	52.4498089404341	1536747.39701222	31.41	0.594160175793129	1.347	55.3986667109863	Nanobdellota	Nanobdellia	JABIKK01 sp016845225
GCA_016866895	24.8797263353797	1565157.48525536	48	0.563265019994148	1.133	54.7251363969273	Micrarchaeota	Micrarchaeia	VGKX01 sp016866895
GCA_016867035	46.1003730274095	1724062.42827634	32.47	0.594628945893178	1.284	58.4857978719165	Nanobdellota	Nanobdellia	CAIPOI01 sp016867035
GCA_016867455	42.0127326566497	1649516.09866315	45.44	0.565680552601939	1.074	60.2514340619943	Iainarchaeota	Iainarchaeia	VGJJ01 sp016867455
GCA_016871995	54.0695641395104	1720174.63848721	44.9	0.591493255536058	1.25	60.6236499205413	Thermoproteota	Nitrososphaeria	VHBL01 sp016871995
GCA_016872015	30.2470592529353	1573822.14724666	41.26	0.571531449337389	1.187	58.392215265904	Thermoproteota	Nitrososphaeria	Nitrosotenuis sp016872015
GCA_016872055	29.9066503697939	1384909.78370503	41.26	0.574534458148313	1.184	58.4207229947739	Thermoproteota	Nitrososphaeria	Nitrosotenuis sp016872055
GCA_016874675	35.270937817521	3484134.35620983	66.24	0.585407218889661	1.365	63.1300258186763	Thermoplasmatota	DTKX01	VGTL01 sp016874675
GCA_016874685	52.8851363711448	2184865.78249337	34.58	0.604116714416845	1.436	62.05786732312	Methanobacteriota	Methanobacteria	VGTM01 sp016874685
GCA_016882195	58.1497482909873	1558342.28043805	54.33	0.614110059022041	1.526	63.593964621005	Thermoproteota	Methanomethylicia	VGLU01 sp016882195
GCA_016926175	49.1310711196262	1338181.46964856	43.22	0.591464477031321	1.422	54.4847924107918	Micrarchaeota	Micrarchaeia	Bilamarchaeum sp016926175
GCA_016926505	41.4803260895776	2989100.07126133	46.47	0.574993963900467	1.162	59.219233233588	Halobacteriota	Methanomicrobia	JAFGOM01 sp016926505
GCA_016926735	49.3698295787375	4218401.08695652	26.22	0.595591514242287	1.2	49.3447383512095	Asgardarchaeota	Lokiarchaeia	JAFGOA01 sp016926735
GCA_016927055	40.8367770154915	2431963.6997539	51.19	0.580837001685487	1.334	61.2238759686065	Halobacteriota	Methanosarcinia	Methanothrix sp016927055
GCA_016927245	47.0772873227996	1809114.77013368	57.08	0.582446303985836	1.447	61.7754696534449	Nanobdellota	Nanobdellia	WJKR01 sp016927245
GCA_016927425	45.3080496811864	2358714.63464278	56.05	0.59193306610446	1.443	61.7108440347303	Halobacteriota	Methanosarcinia	JAFGMR01 sp016927425
GCA_016927895	53.9183266753613	2152943.94305326	45.15	0.587075825095764	1.245	63.7533585648253	Thermoproteota	Bathyarchaeia	SG8-32-3 sp016927895
GCA_016928095	42.8717413598412	3064829.20954675	52.32	0.590037839366176	1.333	61.35694171223	Thermoplasmatota	EX4484-6	JAFGLL01 sp016928095
GCA_016928115	60.7709666969907	1410751.13947129	33.06	0.614421448037122	1.593	52.6689101186083	Nanobdellota	Nanobdellia	JAFGLI01 sp016928115
GCA_016928155	48.5946647435496	1951362.79926335	45.39	0.57122360953462	1.321	57.0407637240563	Nanobdellota	Nanobdellia	JAFGLG01 sp016928155
GCA_016928835	61.3329570488291	2011314.6834778	36.81	0.59193167037234	1.267	52.3519193125364	Nanobdellota	Nanobdellia	JAFGJW01 sp016928835
GCA_016929255	52.050876690838	1767875.01829358	51.12	0.582848589024099	1.463	58.5617348515128	Nanobdellota	Nanobdellia	JABMQF01 sp016929255
GCA_016929895	56.844137498805	1583857.03918723	34.05	0.60158054805815	1.446	54.5128470463208	Nanobdellota	Nanobdellia	WJKI01 sp016929895
GCA_016930055	53.4463253538134	2102613.18320432	32.92	0.602479888967188	1.235	62.4703929603199	Thermoproteota	Bathyarchaeia	UBA8941 sp016930055
GCA_016930255	54.191458476709	2374507.5676828	49.22	0.595794549929732	1.417	61.815419977065	Halobacteriota	Syntropharchaeia	JACGMN01 sp016930255
GCA_016930415	47.393743138203	2024335.30510585	49.74	0.580636127432931	1.358	57.4543729078363	Nanobdellota	Nanobdellia	SM23-78 sp016930415
GCA_016931175	54.3832427669351	1627007.33944954	37.29	0.588428268854198	1.23	58.254701594232	Nanobdellota	Nanobdellia	CG07-land sp016931175
GCA_016931255	48.1542715302128	1347902.82813633	46.85	0.584755145592411	1.37	57.2844367863387	Aenigmatarchaeota	Aenigmatarchaeia	JAFGFG01 sp016931255
GCA_016931955	55.6795383611451	1671540.53471324	46.83	0.607427288575621	1.486	60.1845424711888	Altiarchaeota	Altiarchaeia	JAFGDV01 sp016931955
GCA_016932315	57.1269589824216	2234389.18558077	40.53	0.58965785877575	1.395	51.7843357228733	Nanobdellota	Nanobdellia	SM23-78 sp016932315
GCA_016932615	53.6238577000696	2124578.00941493	46.7	0.594218566761602	1.325	50.2939885142109	Aenigmatarchaeota	Aenigmatarchaeia	JAFGCN01 sp016932615
GCA_016932675	48.0022697276873	2045929.62238913	47.06	0.584779394459845	1.388	61.1598987232776	Halobacteriota	Methanosarcinia	Methanolobus sp016932675
GCA_016932735	49.7833318685593	1666850.90702948	42.53	0.580589785860007	1.284	52.3687105907049	Aenigmatarchaeota	Aenigmatarchaeia	JAADIF01 sp016932735
GCA_016932815	44.9243059638789	1589558.67346939	52.71	0.593646729903003	1.47	60.2172740731644	Micrarchaeota	Micrarchaeia	CAIKOA01 sp016932815
GCA_016933055	46.6049230242285	4309503.72492837	35.32	0.587445748708561	1.159	54.4616912088703	Asgardarchaeota	Lokiarchaeia	AMARA-1 sp016933055
GCA_016935095	58.0046619195215	2362073.78795951	33.63	0.596896720141263	1.344	51.5563920574134	Nanobdellota	Nanobdellia	JAFGRO01 sp016935095
GCA_016935125	49.2396327981234	1735030.3615788	42.71	0.580288850442027	1.378	57.4585564202373	Nanobdellota	Nanobdellia	JAFGRM01 sp016935125
GCA_016935175	57.0440011862716	1989125.62977409	44.76	0.591442520290974	1.454	55.0709099051797	Nanobdellota	Nanobdellia	SM23-78 sp016935175
GCA_016935985	50.4921204212044	1873483.3869239	61.79	0.580648923459211	1.414	61.56689372248	Nanobdellota	Nanobdellia	JAFGPW01 sp016935985
GCA_016937345	44.2331177451343	2217490.7787965	40.43	0.585022282721369	1.319	59.4628193792413	Halobacteriota	Methanomicrobia	Methanomicrobium sp016937345
GCA_017395275	42.682193326844	2105396.13364622	57.36	0.569737697975939	1.386	58.8713240711136	Thermoplasmatota	Thermoplasmata	SIG5 sp017395275
GCA_017399555	43.1382588817682	2209130.38734315	50.07	0.570154534104944	1.27	58.2520548798378	Halobacteriota	Methanomicrobia	Methanocorpusculum sp017399555
GCA_017407115	42.8113107467698	3512922.10876276	33.77	0.566883893790303	1.179	56.872004340133	Methanobacteriota	Methanobacteria	Methanocatella sp017407115
GCA_017408885	45.6163246651145	1694867.9903993	46.29	0.577337392487133	1.317	58.2235616323978	Halobacteriota	Methanomicrobia	Methanocorpusculum sp017408885
GCA_017431845	41.3898242805542	2939850.72858666	30.58	0.569244128237699	1.063	59.1774167778423	NA	NA	NA
GCA_017461225	41.8919034747105	1705455.66917631	61.63	0.569821426227284	1.406	60.0606224585862	Thermoplasmatota	Thermoplasmata	Methanoprimaticola sp017461225
GCA_017468935	45.1889048241266	1914786.43625693	53.2	0.569682473502886	1.363	59.488761927564	Thermoplasmatota	Thermoplasmata	Methanoprimaticola sp017468935
GCA_017473945	42.8747024255072	2628761.57536539	34.42	0.566928862467837	1.186	58.2844608374662	Methanobacteriota	Methanobacteria	Methanocatella sp017473945
GCA_017508065	50.1800796526185	1935158.46099871	51.76	0.569210192966776	1.391	58.1034654273963	Thermoplasmatota	Thermoplasmata	SIG5 sp017508065
GCA_017519045	45.2101436648332	2090398.06996381	60.3	0.569181315885909	1.41	59.819748709059	Thermoplasmatota	Thermoplasmata	Methanoprimaticola sp017519045
GCA_017524805	41.3688016885499	2086691.27086008	55.34	0.567065463264174	1.379	59.1577973812571	Thermoplasmatota	Thermoplasmata	Methanoprimaticola sp017524805
GCA_017535165	45.4529573020589	1896182.88317605	53.67	0.570093962307143	1.361	59.2330977112757	NA	NA	NA
GCA_017540825	46.4241679665974	2681501.07624334	60	0.566307008320281	1.383	59.5591446800549	Thermoplasmatota	Thermoplasmata	Methanoprimaticola sp017540825
GCA_017553445	47.2955434198032	2153222.94111196	34.05	0.568958617553433	1.186	56.9628590761954	Methanobacteriota	Methanobacteria	Methanocatella sp017553445
GCA_017601395	66.310686811086	2624356.99399289	47.39	0.624904503409333	1.486	62.6463100060036	Thermoproteota	EX4484-205	JAAOZP01 sp017601395
GCA_017608025	56.1542190710106	1359947.58299359	33.53	0.600151877738421	1.39	55.622986832203	Nanobdellota	Nanobdellia	JAFCGM01 sp017608025
GCA_017608235	51.7872715244229	2085034.63803256	30.78	0.598466127697571	1.385	54.0041618380388	Nanobdellota	Nanobdellia	JAFCGI01 sp017608235
GCA_017608385	57.0959861113553	1277354.4973545	31.8	0.611085164180527	1.476	59.6547692196793	Nanobdellota	Nanobdellia	JAFCFZ01 sp017608385
GCA_017608525	70.8703841986908	1681399.60758666	31.7	0.643459593106336	1.787	60.4817592804333	Nanobdellota	Nanobdellia	JAFCFS01 sp017608525
GCA_017608625	66.2665993968151	1055304.78836411	31.19	0.62358986895649	1.576	50.0494879842594	Nanobdellota	Nanobdellia	JAFCFN01 sp017608625
GCA_017608835	63.520564350486	1564050.15797788	28.69	0.62017328940898	1.448	59.0130509067072	Nanobdellota	Nanobdellia	JAFCGN01 sp017608045
GCA_017608865	52.6331582801792	1336018.84285542	38.16	0.608900655947405	1.513	60.6991748017098	Iainarchaeota	Iainarchaeia	JAFCFP01 sp017608575
GCA_017609105	57.0151713511487	1429420.44038222	29.62	0.621853573354562	1.447	59.5178547940403	Nanobdellota	Nanobdellia	JAFCGN01 sp017609105
GCA_017609245	53.2665790081854	1144666.09145815	37.98	0.60117189784709	1.499	55.004954252681	Nanobdellota	Nanobdellia	JAFCFN01 sp017609245
GCA_017609345	66.0624777947723	1300461.44626448	29.15	0.634090735964655	1.635	53.3206975343672	Nanobdellota	Nanobdellia	JAFCEY01 sp017608945
GCA_017609385	61.4240288405662	1649846.41068447	33.31	0.613329597280547	1.534	55.4821189652447	Nanobdellota	Nanobdellia	CG1-02-33-12 sp017609385
GCA_017609535	65.1148837313315	1369663.507109	33.97	0.613869473316665	1.561	55.0166880828114	Nanobdellota	Nanobdellia	JAFCDU01 sp017609535
GCA_017609625	51.3335124046328	1739216.29285898	32.71	0.605458766209773	1.472	53.4214235506245	Iainarchaeota	Iainarchaeia	1-14-0-10-31-34 sp017609625
GCA_017609645	47.8092632651912	1826666.66666667	32.18	0.594959288776362	1.453	56.856397083954	Nanobdellota	Nanobdellia	JAFCDQ01 sp017609645
GCA_017610005	50.9911488026033	2560481.1443433	33.95	0.590191840970096	1.263	56.9011276509323	Nanobdellota	Nanobdellia	B29-G15 sp017610005
GCA_017610175	49.7867608438565	1624438.91580464	44.76	0.590624649306094	1.416	60.0113910103744	Iainarchaeota	Iainarchaeia	JAFCCO01 sp017610175
GCA_017610205	44.797342380447	1891513.39409003	37.69	0.595892993580012	1.406	58.2757234350862	Iainarchaeota	Iainarchaeia	JAFCCL01 sp017610205
GCA_017610385	49.4191025588429	1656740.22698613	32.35	0.599351385417989	1.247	52.2728869400328	Nanohalarchaeota	Nanosalinia	JAFCCC01 sp017610385
GCA_017656505	72.1048921096315	2524501	42.75	0.628419250472186	1.711	65.17103816056	Halobacteriota	Archaeoglobi	Archaeoglobus_A sp017656505
GCA_017857545	72.6012896254739	1630834.48938214	32.26	0.624400361573022	1.377	62.9082982267178	Thermoproteota	Thermoprotei	AAA261-N23 sp000375685
GCA_017883605	53.9892387908665	1950235.79515945	38.65	0.600219364008692	1.393	61.6865358864368	Methanobacteriota	Methanobacteria	Methanobacterium_A sp017883605
GCA_017883615	51.8312215778355	2238650.63978286	46.56	0.578634848902208	1.169	61.5056965315322	Thermoproteota	Bathyarchaeia	JADGNF01 sp017883615
GCA_017883965	62.6565910184003	2751658.34165834	41.89	0.6178214900418	1.661	61.3668937253706	Halobacteriota	Syntropharchaeia	JAFNKG01 sp017883965
GCA_017885605	46.8795578557305	2744944.45080747	41.86	0.570100400932346	1.037	59.4296197490591	Thermoplasmatota	E2	SM1-50 sp017885605
GCA_017885655	44.0925942326637	2600920	59.17	0.578146783745371	1.279	62.4831432469032	Thermoplasmatota	Thermoplasmata	JAFNFQ01 sp017885655
GCA_017935945	49.5088807304153	1725848.55822144	54.13	0.568511912973218	1.38	59.8210488737063	Thermoplasmatota	Thermoplasmata	Methanoprimaticola sp017935945
GCA_018220955	53.1429333024201	1147717.64286986	42.07	0.594842461813766	1.351	61.7042564251975	SpSt-1190	SpSt-1190	JAAOXV01 sp018220955
GCA_018221105	44.8109092503087	1885817.26054266	35.23	0.56553420839318	1.077	57.0761675725498	Nanobdellota	Nanobdellia	JAAOYA01 sp018221105
GCA_018221135	52.281957581046	1588438.78015476	36.89	0.59356244307924	1.333	55.8235956119062	Nanobdellota	Nanobdellia	JAAOYB01 sp018221135
GCA_018221175	59.6772985945279	1229547.33574754	36.04	0.598183557823533	1.456	53.4808741556635	Nanobdellota	Nanobdellia	JAAOYE01 sp018221175
GCA_018221205	58.1510429178146	1635903.52220521	42.29	0.59043501376032	1.433	55.4504354626825	Nanobdellota	Nanobdellia	JAAOYF01 sp018221205
GCA_018238345	47.6695267270438	4164688.46244966	32.24	0.599820698726087	1.312	52.7971803189724	Asgardarchaeota	Lokiarchaeia	SOKP01 sp018238625
GCA_018238545	42.3427033301714	4220724.671397	34	0.587959112015727	1.201	55.4510000164104	Asgardarchaeota	Heimdallarchaeia	UBA460 sp018238545
GCA_018262895	46.8343842485212	2489475.86646821	58.42	0.58369011841011	1.328	60.5249343186215	Thermoplasmatota	Thermoplasmata	UBA6 sp018262895
GCA_018263005	49.3302761636652	2319877.26669615	36.23	0.58544156090481	1.166	61.4211641924547	Methanobacteriota	Methanobacteria	Methanobacterium_A sp018263005
GCA_018263335	44.56140132331	2063846.62327095	57.96	0.589086634866102	1.352	60.8832232383469	Halobacteriota	Methanomicrobia	Methanolinea_A sp002067155
GCA_018263355	51.9512914956118	1646487.09631928	32.41	0.59156983192308	1.332	51.3424720411414	Nanobdellota	Nanobdellia	JAANXH01 sp018263355
GCA_018263505	28.31243829248	1586583.95845355	31.22	0.576251316037088	1.215	56.3090277139495	Thermoproteota	Nitrososphaeria	Nitrosopumilus sp018263505
GCA_018302085	57.1965613009779	1998003.40504566	38.94	0.58883265613827	1.334	55.8837972915863	Nanobdellota	Nanobdellia	JAGWAF01 sp018302085
GCA_018302105	48.9909153377648	2128702.47323736	27.72	0.603716024681507	1.314	49.7164485399422	Nanobdellota	Nanobdellia	JAGWAD01 sp018302105
GCA_018302125	53.4725698149016	1673395.23617279	29	0.614879867439934	1.445	48.9818198973216	Nanobdellota	Nanobdellia	JAGWAC01 sp018302125
GCA_018302225	48.017924238289	1515677.83985102	28.81	0.602024344846898	1.297	53.8869525932599	Nanobdellota	Nanobdellia	JAGVZY01 sp018302225
GCA_018302235	45.4447277061002	1470755.36325942	27.94	0.611044981306688	1.382	51.2701779349793	NA	NA	NA
GCA_018302335	46.5265140247454	2173423.28557518	62.5	0.583952973840614	1.374	63.2233438555517	Nanobdellota	Nanobdellia	JAGVZT01 sp018302335
GCA_018302465	50.4589660122699	1512385.85858586	31.92	0.609521453748774	1.423	53.120458871936	NA	NA	NA
GCA_018302545	54.5627985804875	2054115.87526577	28.84	0.601310130010058	1.317	49.6101445764196	Nanobdellota	Nanobdellia	JAGVZM01 sp018302545
GCA_018302605	52.9878482980852	2045641.25243234	44.24	0.590820750485872	1.328	53.5745216623521	Nanobdellota	Nanobdellia	JACOZP01 sp018302605
GCA_018302705	53.4303713289351	1602458.12158856	35.51	0.608382164800278	1.461	52.7141845627009	Nanobdellota	Nanobdellia	JACPIN01 sp018302705
GCA_018302765	53.6851331670286	1768640.625	30.22	0.604462546828596	1.338	48.673342234469	Nanobdellota	Nanobdellia	JACPCE01 sp018302765
GCA_018302815	50.3224509207505	2499277.20540889	45.16	0.572121595892973	1.23	59.3312743233679	Nanobdellota	Nanobdellia	JAGVZE01 sp018302815
GCA_018303075	53.0737089469822	1853887.30705829	31.77	0.579242088455132	1.231	51.308011495384	Nanobdellota	Nanobdellia	JACRKF01 sp018303075
GCA_018303105	59.8002238388069	2274706.60360834	46.61	0.577745175895463	1.27	57.2799201363516	Nanobdellota	Nanobdellia	JAGVYU01 sp018303105
GCA_018303115	47.4757731857529	1567795.48682342	44.61	0.59035696834977	1.372	56.7377808166629	Nanobdellota	Nanobdellia	UBA492 sp018303115
GCA_018303125	48.0546921279238	1693543.36638634	41.39	0.589423373800496	1.352	57.8941043496764	Nanobdellota	Nanobdellia	JAGVYS01 sp018303125
GCA_018303185	44.9230593614008	1966498.23879509	43.84	0.58177873907278	1.339	56.678865375012	Nanobdellota	Nanobdellia	JAGVYR01 sp018303185
GCA_018303285	49.0591860782435	1751509.33427263	39.12	0.599222206858407	1.384	54.3922385270976	Nanobdellota	Nanobdellia	JAGVYL01 sp018303285
GCA_018303325	50.0697844057374	2490636.06474456	33.12	0.588095621227374	1.322	50.6524319293539	Nanobdellota	Nanobdellia	JACQSP01 sp018303325
GCA_018303365	47.6349761668507	1468391.54988496	38.92	0.59837868802742	1.32	59.5194514019093	Nanobdellota	Nanobdellia	JAGVYI01 sp018303365
GCA_018303405	42.603613581715	2267237.28813559	45	0.570948759464132	1.219	59.6263892336621	Nanobdellota	Nanobdellia	JAGVYD01 sp018303405
GCA_018303425	49.2414486512081	1675694.86675013	31.94	0.595938490520902	1.26	49.185458354632	Nanobdellota	Nanobdellia	JAGVYF01 sp018303425
GCA_018303445	57.4170679593999	1769663.96292005	38.61	0.595510752160664	1.335	54.7096089253796	Nanobdellota	Nanobdellia	JAGVYE01 sp018303445
GCA_018303515	55.4694719554747	1555882.22222222	29.29	0.611360364446723	1.396	53.3694802143808	Nanobdellota	Nanobdellia	JAGVXZ01 sp018303515
GCA_018303545	53.0763842021883	1529899.43753196	33.91	0.590902180643774	1.329	58.3378853870304	Nanobdellota	Nanobdellia	JAGVXY01 sp018303545
GCA_018303625	51.8275012184262	1557389.8858075	38.43	0.600994186362121	1.46	54.2037511805684	NA	NA	NA
GCA_018303685	49.6955890371608	1656282.83712785	40.57	0.594742179104929	1.388	54.5607216488951	Nanobdellota	Nanobdellia	GCA-2688775 sp018303685
GCA_018303855	52.2248205750596	1925119.71358246	31.85	0.605653658116786	1.379	55.2303251348855	Nanobdellota	Nanobdellia	JAGVXI01 sp018303855
GCA_018303925	52.0330428738466	1289408.18808269	33.6	0.620810722783154	1.502	55.0638289041014	Nanobdellota	Nanobdellia	GW2011-AR1 sp018303925
GCA_018304425	48.8992739323792	1871704.25747592	58.43	0.591109414735683	1.466	61.3477407566948	Iainarchaeota	Iainarchaeia	UBA10219 sp10219u
GCA_018304465	38.5694892054132	1854178.57142857	47.86	0.568898945722451	1.142	57.7834832589959	Iainarchaeota	Iainarchaeia	JAGVWC01 sp018304465
GCA_018304505	38.5536824411602	1622639.77353149	47.07	0.569041177794919	1.175	58.242817677144	B1Sed10-29	B1Sed10-29	JAGVWA01 sp018304505
GCA_018304545	50.9912367173823	1836621.38894203	33.77	0.593713765977685	1.239	53.9309081538949	Aenigmatarchaeota	Aenigmatarchaeia	JAGVVZ01 sp018304545
GCA_018334095	33.2988958256849	2082654.04602821	32.53	0.573754076207893	1.147	57.4444787524405	Thermoproteota	Nitrososphaeria	Nitrosarchaeum sp018334095
GCA_018334755	57.4846812395414	2290889.95007597	45.6	0.607035648509238	1.676	60.4050195404916	Thermoplasmatota	Thermoplasmata	Natronoplasma sp018334755
GCA_018334795	45.2421364073482	1940326.58031662	34.6	0.568113718373193	1.124	59.9516022557258	Thermoplasmatota	E2	EX4572-165 sp018334795
GCA_018335335	45.7221586307023	3361778.9449646	45.15	0.581339966003159	1.299	59.6664100098215	Asgardarchaeota	Thorarchaeia	WJIL01 sp018335335
GCA_018383875	70.3436775130057	3938038.31335616	42.01	0.617672661077364	1.462	55.5333521283536	Asgardarchaeota	Jordiarchaeia	Jordiarchaeum sp018383815
GCA_018396535	87.9337008841072	1670073.19952775	41.04	0.639110953896946	1.662	67.4705943676447	Thermoproteota	Bathyarchaeia	DRYS01 sp018396535
GCA_018396695	61.9105476168281	2089019.5647395	43.27	0.614545817761721	1.448	62.2550276038692	Thermoproteota	Bathyarchaeia	JAGTQU01 sp018396695
GCA_018396725	65.6318559021315	1905527.54536564	52.82	0.635123425609941	1.74	64.8404488640005	Thermoproteota	Bathyarchaeia	DTGE01 sp018396725
GCA_018396775	66.9950883848285	1523956.25787244	32.45	0.627840821407628	1.503	59.6117316083133	NA	NA	NA
GCA_018396915	64.1497710520209	1761204.23371854	45.48	0.617169175293409	1.425	60.0064871270212	Thermoproteota	Bathyarchaeia	DTMT01 sp018396915
GCA_018396955	73.319743493342	1700828.04133981	43.91	0.618919630399874	1.568	64.688925363963	Thermoproteota	Bathyarchaeia	JAGTQI01 sp018396955
GCA_018396975	81.6206380325122	1326168.59623734	45.88	0.632906447395366	1.677	64.2335856554193	Thermoproteota	Bathyarchaeia	DTEX01 sp018396975
GCA_018399355	62.0798969326457	1391851.12189206	33.07	0.602416042874203	1.456	55.8308135457367	Nanobdellota	Nanobdellia	M55A3 sp018399355
GCA_018475625	53.9695896636553	2822527.9106858	47.7	0.586134194984432	1.236	62.9507284821772	Thermoproteota	Bathyarchaeia	A05DMB-2 sp018475625
GCA_018649435	51.588455662856	1384661.0915493	31.5	0.595539504461578	1.343	55.1737618111322	NA	NA	NA
GCA_018649855	54.0625697661987	2129916.66666667	32.27	0.595784895536948	1.435	54.9497047649645	Nanobdellota	Nanobdellia	JABHZQ01 sp018656555
GCA_018650895	48.3697578781494	1042824.70703125	35.24	0.587049361741922	1.297	57.379340587034	Nanobdellota	Nanobdellia	JAAZWY01 sp014240455
GCA_018651505	54.1681890057001	2059498.47715736	32.2	0.595031631943294	1.402	53.8414623251895	Nanobdellota	Nanobdellia	JABHYY01 sp018653605
GCA_018652085	39.6101452771089	1578029.05249257	32.79	0.586201138951355	1.311	53.0828877476733	Nanobdellota	Nanobdellia	1-14-0-10-32-24 sp018655525
GCA_018652475	47.7403559623657	1127238.4219554	29.8	0.595739737124699	1.328	57.8189012861338	Nanobdellota	Nanobdellia	JABICB01 sp018652475
GCA_018653005	22.2725028649454	1918294.78684836	35.54	0.566561174631204	1.069	58.4713064461693	NA	NA	NA
GCA_018653665	25.7635706222917	2855757.27055269	42.76	0.552418653210371	1.055	57.969681204743	NA	NA	NA
GCA_018657385	51.4690757033332	2031842.55712588	28.92	0.591485965927587	1.4	52.6387842981908	Nanobdellota	Nanobdellia	JABHXF01 sp018657385
GCA_018657705	24.9658054381281	1289535.29620433	32.67	0.575893006137948	1.232	56.6545890571053	Thermoproteota	Nitrososphaeria	Nitrosopelagicus sp018647405
GCA_018657865	48.1859416618572	2495135.20343695	26.99	0.591573928236378	1.303	52.7232024764188	Nanobdellota	Nanobdellia	JABHHN01 sp018671515
GCA_018658095	28.6778031241725	2100782.83655421	34.61	0.570112456183787	1.196	54.3470786466344	NA	NA	NA
GCA_018659375	21.1669647471142	2331241.09992634	41.81	0.547865908431337	1.027	59.2180480911016	NA	NA	NA
GCA_018659815	24.3412834945785	2176030.44213578	43.92	0.553970705192496	1.105	58.7944544143018	Thermoplasmatota	Poseidoniia	MGIIa-K1 sp018650165
GCA_018661155	46.6706403659377	1521351.74418605	32.66	0.590989047299727	1.324	56.5776065123445	Nanobdellota	Nanobdellia	JABIKK01 sp018658265
GCA_018662825	23.5827237401533	2405991.17322545	44.76	0.547108124956708	1.052	58.6138431353329	NA	NA	NA
GCA_018662865	50.9821786803197	1458351.30489139	34.32	0.580811239456962	1.272	55.3904445906522	NA	NA	NA
GCA_018664565	38.5003191767389	1658604.88972474	31.36	0.59066769840681	1.326	57.9044512006343	Iainarchaeota	Iainarchaeia	JABIDZ01 sp018691995
GCA_018665325	58.5598761332914	2151858.15014517	27.59	0.589627267223222	1.262	55.3683538935603	NA	NA	NA
GCA_018667585	48.0132382481464	1715937.08827404	32.23	0.588581102698091	1.282	55.3225656384035	NA	NA	NA
GCA_018670085	37.1293464258327	2387368.16642477	34.2	0.565086465298594	1.178	54.7199473524575	Nanobdellota	Nanobdellia	GCA-2688265 sp018670085
GCA_018671675	42.7595589566204	1969005.80654298	29.1	0.582049841274415	1.221	52.9171689678361	NA	NA	NA
GCA_018671815	35.3307717440767	3465901.4303923	29.81	0.576166248818612	1.265	47.8500495595936	Nanobdellota	Nanobdellia	JABJCP01 sp018668595
GCA_018673515	47.1649812317304	2175010.28101439	35.96	0.575613721279041	1.318	57.6391303699306	NA	NA	NA
GCA_018673755	47.5517920521533	1685175.83058092	28.93	0.60342444834695	1.465	53.2171428188062	NA	NA	NA
GCA_018675265	50.0983181926462	1976313.62743347	33.91	0.586760100772273	1.309	53.8077523781357	Nanobdellota	Nanobdellia	JABIAG01 sp018653365
GCA_018675335	38.9894815090464	2764315.56779524	30.26	0.572076018431855	1.18	49.5120626077758	NA	NA	NA
GCA_018693515	54.247850132589	1249974.81636936	31.24	0.600431833910035	1.38	57.96578679753	Nanobdellota	Nanobdellia	JABHIB01 sp018671245
GCA_018696535	54.0009914841812	1325071.461503	30.86	0.596614195915631	1.354	57.1065025934482	NA	NA	NA
GCA_018696595	52.2570012618238	1906254.41696113	32.28	0.593682170542636	1.359	51.621824729117	NA	NA	NA
GCA_018697815	46.0078054644412	1464496.76411515	34.05	0.593787149160807	1.359	57.1676980597222	NA	NA	NA
GCA_018698865	29.6826966097054	1969156.27386103	38.51	0.564934281130597	1.109	59.1840313981944	NA	NA	NA
GCA_018702475	45.6803460914943	2355924.85927477	30.55	0.586086489390277	1.366	49.2101182438261	Nanobdellota	Nanobdellia	JABHXF01 sp018661705
GCA_018702855	40.507970371721	1762493.16067846	23.57	0.574377077191731	1.143	55.6720881321554	NA	NA	NA
GCA_018812715	48.322953712561	1547036.22392975	37.78	0.591752863916747	1.399	51.5528966000369	Micrarchaeota	Micrarchaeia	Bilamarchaeum sp018812715
GCA_018813505	37.111810592905	1915235.37448764	38.74	0.577570156126018	1.267	50.340400402413	Micrarchaeota	Micrarchaeia	Bilamarchaeum sp018813505
GCA_018813725	52.3788981518226	1902620.24500322	39.31	0.588759619434128	1.386	53.9546080274871	Nanobdellota	Nanobdellia	JAHJBD01 sp018813725
GCA_018814205	49.5206599073149	2366377.4280448	31.21	0.587353283195478	1.275	51.9180790821618	Nanobdellota	Nanobdellia	JAHIUF01 sp018817005
GCA_018816705	52.8984130770264	2180729.87208427	50.21	0.586018620108445	1.464	58.2115630004404	Nanobdellota	Nanobdellia	JAHIVG01 sp018816705
GCA_018818785	41.3631587511791	2121078.81136951	53.48	0.57601708695896	1.365	60.0081785620149	Thermoplasmatota	Thermoplasmata	UBA9653 sp018818785
GCA_018819225	53.3255338974857	1729734.18997229	50.55	0.57158165968309	1.201	56.4633307895053	Micrarchaeota	Micrarchaeia	JAHJQN01 sp018819225
GCA_018819945	50.1701033483938	2149370.4528582	34.76	0.592627945906295	1.332	52.6549207999356	Nanobdellota	Nanobdellia	GCA-2686295 sp018819065
GCA_018822045	47.8215072440765	2011297.72167488	34.06	0.596929449795232	1.348	52.1224958289554	Nanobdellota	Nanobdellia	JAHJDQ01 sp018812355
GCA_018822505	47.9760641501925	2069892.31758277	32.12	0.593769755930575	1.313	49.1736852267875	Nanobdellota	Nanobdellia	JAHJGQ01 sp018824365
GCA_018822605	54.2169989426093	1851874.29492345	35.49	0.601133257243797	1.39	54.0422861521059	Nanobdellota	Nanobdellia	JAHJDB01 sp018812765
GCA_018824625	43.2538040167541	1972110.30927835	56.21	0.582229778929079	1.377	60.3476047507426	NA	NA	NA
GCA_018824985	44.8349822943323	1766713.41362811	39.37	0.583092497934472	1.192	53.7118629798922	Iainarchaeota	Iainarchaeia	JAHJAQ01 sp018813975
GCA_018825175	51.984826917665	2039008.16951749	35.87	0.599256603757247	1.412	52.1515570929168	Nanobdellota	Nanobdellia	JAHJAV01 sp018813685
GCA_018828985	44.085912577259	1421587.80487805	37.76	0.606808077738656	1.418	54.3254457557209	Nanobdellota	Nanobdellia	ASMP01 sp018821425
GCA_018829185	61.1320070410171	1608459.14396887	30.62	0.604966373925142	1.436	55.9525738780062	Nanobdellota	Nanobdellia	JAHJUI01 sp018829185
GCA_018829335	44.1343961212549	1877726.80279142	32.27	0.601226006590528	1.416	53.798601205466	Iainarchaeota	Iainarchaeia	1-14-0-10-31-34 sp018829335
GCA_018830225	50.3363630621707	1973170.58559233	50.03	0.588154927709245	1.512	58.3157545452385	Nanobdellota	Nanobdellia	JABMQF01 sp018830225
GCA_018830505	52.5121686688327	1964489.83297023	29.84	0.601395246628721	1.44	56.9240431985639	Nanobdellota	Nanobdellia	JAHIMK01 sp018896675
GCA_018830945	46.9627379214166	2772021.2182184	41.11	0.591314164707799	1.507	59.2031212819961	Nanobdellota	Nanobdellia	UBA9640 sp018830945
GCA_018831025	48.9047033376903	1795716.19812584	29.71	0.615335365740172	1.466	50.0023311241736	Nanobdellota	Nanobdellia	JAHJRB01 sp018831025
GCA_018897155	45.4094941875045	1931763.51076798	40.57	0.579639002083424	1.286	52.1606195633412	EX4484-52	EX4484-52	LFW-46 sp018897155
GCA_018897235	59.3917833974552	1526435.67532884	33.25	0.615533175911302	1.584	54.790741217545	Nanobdellota	Nanobdellia	CG1-02-33-12 sp018819345
GCA_018899285	38.428761842978	2515124.32656444	49.45	0.570304733460431	1.206	56.8092361281076	Thermoplasmatota	Thermoplasmata	UBA147 sp013791785
GCA_018901755	52.2615111491447	1447905.32339171	31.94	0.596588017010656	1.354	52.8233773254269	Aenigmatarchaeota	Aenigmatarchaeia	JAHIDZ01 sp018901755
GCA_018902415	50.8963062213129	2178730.6122449	36.29	0.595953910507002	1.329	60.6717509370764	Methanobacteriota	Methanobacteria	Methanobacterium_F sp019084405
GCA_018920305	83.6873568380842	1007621.04113578	25.49	0.647996460473292	1.692	64.402374902989	Aenigmatarchaeota	Aenigmatarchaeia	JAHLMO01 sp018920305
GCA_018920345	66.3307699658146	1421875.54470978	29.13	0.605646855057039	1.321	58.0689776900723	Aenigmatarchaeota	Aenigmatarchaeia	JAHLMN01 sp018920345
GCA_018920365	59.6676619995941	1378073.26007326	31.61	0.594323437596724	1.258	56.8430794770453	Aenigmatarchaeota	Aenigmatarchaeia	JAHLMN01 sp018920365
GCA_018992685	55.8568250693456	3462412.76741792	46.69	0.592153133975024	1.31	62.5408097406572	Methanobacteriota_B	Thermococci	SZ-28-30 sp018992685
GCA_018992705	56.1823578444718	3520004.68384075	46.54	0.59091918294849	1.295	62.0627070500217	Methanobacteriota_B	Thermococci	SZ-28-30 sp018992565
GCA_019056805	76.6327594924713	2194649.543379	35.45	0.636842743022084	1.584	61.1574238803665	Asgardarchaeota	Baldrarchaeia	DXJG01 sp019056805
GCA_019057355	52.5422560439685	3689788.5962793	32.45	0.597732677060069	1.33	52.9813011232971	Asgardarchaeota	Lokiarchaeia	FT1-020 sp019057355
GCA_019057475	43.4461661224468	3702165.18847007	48.27	0.579808558305576	1.247	59.3773227646142	Asgardarchaeota	Thorarchaeia	WTCK01 sp019057475
GCA_019057635	31.8231854151584	3852195.35783366	36.16	0.580635012963028	1.095	53.2947433769146	Asgardarchaeota	Heimdallarchaeia	Hodarchaeum sp019057635
GCA_019057815	41.2449095232431	4211176.86844775	32.75	0.587241959306486	1.159	55.4830632041801	Asgardarchaeota	Heimdallarchaeia	18H4-34 sp019057815
GCA_019057955	53.4896736878106	3530692.93322643	31.5	0.601630305870374	1.329	53.1663279865726	Asgardarchaeota	Lokiarchaeia	SOKP01 sp005222975
GCA_019058035	46.8333514171687	4633846.0626186	29.19	0.60594954200431	1.349	52.5062263302541	Asgardarchaeota	Lokiarchaeia	6H3-1 sp019058015
GCA_019058055	39.7465842055354	3205079.84366276	29.04	0.60609553028356	1.369	53.2582441729815	Asgardarchaeota	Lokiarchaeia	Loki-b32 sp019057865
GCA_019058135	47.367591540061	4183588.12529219	29.13	0.60718174197454	1.36	52.0357879754338	Asgardarchaeota	Lokiarchaeia	6H3-1 sp019058135
GCA_019058445	49.1712570074109	5897428.3887468	30.99	0.599050468989316	1.316	52.822463957624	Asgardarchaeota	Lokiarchaeia	LW40-45 sp019058445
GCA_019246625	31.5012798914973	4281142.33221658	35.76	0.564085582586782	1.039	57.3174034380339	Thermoproteota	Nitrososphaeria	JAFAQB01 sp019246625
GCA_019262145	50.6261367047279	1605087.29235002	43.73	0.570670586924658	1.29	59.1319822312104	Thermoplasmatota	Thermoplasmata	Methanogranum gryphiswaldense
GCA_019322375	63.7287469632601	2170684.44155422	36.91	0.604413992366194	1.486	54.140599757015	Nanobdellota	Nanobdellia	SM23-78 sp019322375
GCA_019322435	63.2001780295208	1392435.37414966	35.48	0.60714156165437	1.575	53.5180722188667	Nanobdellota	Nanobdellia	JAAOYC01 sp019322435
GCA_019322475	57.8657667436978	1636805.04530982	42.76	0.608727816471884	1.621	54.9470059579844	Nanobdellota	Nanobdellia	JAHWHQ01 sp019322475
GCA_019322625	70.0818699966634	1241709.48243294	36.18	0.624954968864186	1.749	64.4885969826847	Nanobdellota	Nanobdellia	B54-G15 sp003648985
GCA_019322805	55.5031780625239	1857065.88292922	37.66	0.604950008714804	1.53	52.4975543846184	Nanobdellota	Nanobdellia	JAHWIC01 sp019322805
GCA_019322895	61.6358969848574	2004517.74949766	39.22	0.595538151309899	1.513	57.4591386162851	Nanobdellota	Nanobdellia	WJJT01 sp019322895
GCA_019323035	61.5921348370231	1831806.89226948	38.37	0.597529541444971	1.531	56.9604527506763	Nanobdellota	Nanobdellia	WJJT01 sp019323015
GCA_019323235	52.3529879934329	2280846.43288996	27.19	0.59337716769415	1.403	54.9496639536049	Nanobdellota	Nanobdellia	JAHWHN01 sp019323235
GCA_019323255	61.3062699522739	1704676.08735548	43.81	0.587472396774352	1.431	59.1107898389749	Nanobdellota	Nanobdellia	JAHWHO01 sp019323255
GCA_019323495	60.4924467374696	1663056.58470866	40.74	0.598134641105662	1.545	61.0372699500642	Nanobdellota	Nanobdellia	WJKV01 sp019323495
GCA_019323575	61.0390497075151	1383965.37510305	40.5	0.597069744265668	1.423	60.2530108395508	Nanobdellota	Nanobdellia	CABMGU01 sp019323575
GCA_019323655	54.4846121620326	1555703.65997639	38.29	0.605593549856705	1.482	53.5658187456759	Nanobdellota	Nanobdellia	JACPJP01 sp019323655
GCA_019347805	43.7484317133809	3009747.89915966	65.67	0.580946389764873	1.5	61.7858335765442	Thermoplasmatota	E2	JAHWKR01 sp019347805
GCA_019429005	42.2158915953859	1772316.03153745	29.75	0.569132245870629	1.107	52.4139445873889	EX4484-52	EX4484-52	JAHYJR01 sp019429005
GCA_019429125	35.9958243567346	1992083.54822073	33.97	0.565971360367234	1.123	53.5987718246319	EX4484-52	EX4484-52	GLR71 sp019429125
GCA_019594055	52.202320520334	2031200.26746907	49.82	0.60100527381528	1.491	60.4875340595155	Thermoplasmatota	Thermoplasmata	Haladaptatiplasma halalkaliphilum
GCA_019594305	51.8629875828754	2251284.60207612	45.22	0.598333120937938	1.461	60.9993189854069	Thermoplasmatota	Thermoplasmata	Haladaptatiplasma sp019594305
GCA_019685555	73.8315100780995	1641188.47404418	43.63	0.614395822748058	1.513	64.9658003709837	NA	NA	NA
GCA_019685655	65.9055119692572	1735140.92575619	41.83	0.604018566851881	1.387	63.2009369797989	Thermoproteota	Bathyarchaeia	DSLH01 sp019685655
GCA_019694635	41.4935234841443	1998236.75240161	27.86	0.570316578504696	1.072	57.0662788042363	Methanobacteriota	Methanobacteria	UBA412 sp023440975
GCA_019704295	68.180948303541	2271570.2217529	39.57	0.617733962505677	1.212	66.813444227001	Thermoproteota	Thermoprotei_A	HS-7 sp019704295
GCA_019721015	36.353743248005	2280983.69224336	49.79	0.572834445035842	1.121	59.3494623909162	NA	NA	NA
GCA_019721055	38.7852362619955	2103479.76514993	49.74	0.575893743378906	1.157	59.3002882147831	NA	NA	NA
GCA_019894665	44.6381291527232	3546795.57367501	44.28	0.582142745790273	1.242	58.5569325654695	Asgardarchaeota	Thorarchaeia	SMTZ1-45 sp019894665
GCA_019894715	43.1018485506724	3589333.68926855	26.8	0.599712430290826	1.251	49.0332934540932	Asgardarchaeota	Lokiarchaeia	JAFGOA01 sp019894715
GCA_020027325	22.7503299210712	1445494.95183939	54.75	0.557820774156382	1.254	59.3834134993718	Thermoproteota	Nitrososphaeria	JAHRAL01 sp020027325
GCA_020028255	19.4917640618309	2068475.96585804	34.36	0.576107446813058	1.108	55.5990067766881	Thermoproteota	Nitrososphaeria	TA-21 sp014523495
GCA_020029475	45.0782248461315	1997008.66157971	67.86	0.592428765879427	1.456	65.5637004027966	Thermoplasmatota	Thermoplasmata	EA-19 sp020029475
GCA_020051845	40.9777440325341	2162982.2562266	52.82	0.560311626853274	1.167	58.5178724223058	Nanobdellota	Nanobdellia	JAGVQG01 sp020051845
GCA_020053355	38.1398844702716	2037576.88364941	56.45	0.571228423076366	1.333	56.721138732807	Micrarchaeota	Micrarchaeia	Bilamarchaeum sp020053355
GCA_020055655	40.9918038096629	2500708.94768734	39.62	0.569870684735388	1.259	59.5467351447864	Halobacteriota	Methanosarcinia	Methanolobus sp020055655
GCA_020056305	40.8604685572414	1735391.19496855	51.53	0.565746052082423	1.288	56.8747490049296	Micrarchaeota	Micrarchaeia	JAGVIA01 sp020056305
GCA_020057295	39.5673931214951	1902665.50522648	30.99	0.572093995812504	1.086	56.1168136595802	Nanobdellota	Nanobdellia	UBA9642 sp020057295
GCA_020057405	38.3647972675707	1691712.94377676	55.82	0.563223044732545	1.172	60.7520626241178	Micrarchaeota	Micrarchaeia	JAGVFW01 sp020057405
GCA_020347565	44.1269666362019	2099242.10076857	59.48	0.578518224235576	1.46	61.0786989416376	Thermoplasmatota	Thermoplasmata	UBA10834 sp020347565
GCA_020348865	57.4453363130042	1851946.574326	45.2	0.597543858804383	1.354	61.8765914492032	Thermoproteota	Bathyarchaeia	SOJZ01 sp020348865
GCA_020351305	55.6547727568823	2164537.66925124	41.27	0.595125109109607	1.298	62.2343930912733	Thermoproteota	Bathyarchaeia	GCA-020351305 sp020351305
GCA_020352645	53.2851888335758	1965056.69199299	45.18	0.590130321158622	1.325	62.9034480455955	Thermoproteota	Bathyarchaeia	GCA-020352645 sp020352645
GCA_020354575	56.6069109366255	2252587.00980392	41.25	0.59533203132675	1.321	62.6334225402133	Thermoproteota	Bathyarchaeia	GCA-020354575 sp020354575
GCA_020430425	47.6568419576457	1859884.43481401	41.74	0.571800115894604	1.225	58.6405743062181	Nanobdellota	Nanobdellia	SKGA01 sp020430425
GCA_020431985	30.9900653390035	2049214.55938697	36.98	0.570416579609786	1.169	58.6726044387222	Thermoproteota	Nitrososphaeria	Nitrosarchaeum_A sp020431985
GCA_020431995	32.1719697010608	1964853.60871539	37.69	0.571587812473205	1.207	56.9013753608116	Thermoproteota	Nitrososphaeria	Nitrosopumilus sp020431995
GCA_020637495	48.6500162420718	2163984.95010633	37.8	0.57317645190191	1.301	53.1251732102728	Nanobdellota	Nanobdellia	JACJVV01 sp020637495
GCA_020696385	20.6125862099528	2439630.50230267	45.48	0.560738831233944	1.193	57.3551295274928	Thermoplasmatota	Thermoplasmata	JAGLSY01 sp020696385
GCA_020697715	35.838699345284	2271504.76598479	45.4	0.562248062988962	1.242	57.2727553107134	Thermoplasmatota	Thermoplasmata	JAGLSY01 sp020697715
GCA_020723045	55.3246647653027	1198359.58209886	47.02	0.595007680147602	1.456	54.2783389886508	Micrarchaeota	Micrarchaeia	DYJQ01 sp020723045
GCA_020723065	57.5169492290891	1166663.6835511	42.01	0.592182070697664	1.31	54.9947698069363	Micrarchaeota	Micrarchaeia	DTQF01 sp020723065
GCA_020723935	45.554531554487	1750910.20910209	62.98	0.578246484194107	1.324	60.8012756438453	SpSt-1190	SpSt-1190	DYHY01 sp020723935
GCA_020725055	63.3574851927491	1162979.9000319	56.25	0.620629096882148	1.709	63.5234876651148	Hadarchaeota	Hadarchaeia	DYFS01 sp020725055
GCA_020725315	65.9292627095584	2189770.15517443	44.08	0.62477454784585	1.722	62.3951676251319	Halobacteriota	Syntropharchaeia	ANME-1-THS sp020725315
GCA_020725895	56.7635483044136	1389858.92835045	53.31	0.603204348544229	1.481	63.0435441079591	Hadarchaeota	Hadarchaeia	DYTO01 sp020725895
GCA_020725925	45.0690861844588	2169515.5121122	60.37	0.587061118879948	1.451	61.3233491773918	Thermoplasmatota	Thermoplasmata	COMBO-56-21 sp020725925
GCA_020793555	38.1926878178686	2650713.17508034	40.64	0.572970796111737	1.256	60.1462313696197	Halobacteriota	Methanosarcinia	DQIP01 sp020793555
GCA_020793565	39.9864567244515	2547862.56367606	41.91	0.575700771339723	1.268	60.4187072013799	Halobacteriota	Methanosarcinia	DQIP01 sp020793565
GCA_020832905	79.187328079502	1187223.47168268	27.36	0.644600913973825	1.543	62.8693055006222	Thermoproteota	Methanomethylicia	WYZ-LMO11 sp020832905
GCA_020832925	99.2167396123324	2050824.23580786	37.8	0.642883452325743	1.523	70.1376476277699	Thermoproteota	Thermoprotei_A	Ignisphaera sp020832925
GCA_020833005	67.527709065943	2370878.47886127	38.05	0.631452560454527	1.517	66.5211349240729	Thermoproteota	Methanomethylicia	Culexarchaeum sp020833005
GCA_020833025	95.3197908486292	1658563.82412435	62.61	0.635863448793297	1.935	72.4917012973107	Thermoproteota	Thermoprotei	Pyrobaculum sp020833025
GCA_020833055	73.1779773061304	1557535.82624272	48.64	0.643498751501058	1.679	71.2412110394245	Korarchaeota	Korarchaeia	Korarchaeum sp020833055
GCA_020833165	80.5266932957168	1400828.49709826	42.38	0.636625618431982	1.89	67.1521783966068	Halobacteriota	Archaeoglobi	WYZ-LMO2 sp011605865
GCA_020833225	92.2507751476455	1520549.67848994	36.88	0.652889455255586	1.484	69.6963587852178	Thermoproteota	Thermoprotei_A	UBA285 sp020833225
GCA_020833255	83.9430584456901	1393448.88981986	48.21	0.644139023976548	1.457	70.1653581570097	Thermoproteota	Thermoprotei_A	Zestosphaera sp020833255
GCA_020833345	87.7190942152455	1437592.87587413	40.24	0.633257169402626	1.516	70.7979206794801	Thermoproteota	Thermoprotei_A	Ignisphaera sp020833345
GCA_020854775	41.2981059825913	2096373.48969439	32.82	0.588448228890731	1.282	55.6961878102316	Nanobdellota	Nanobdellia	21-14-0-10-32-9 sp020854775
GCA_020854815	50.7674661460247	2064453.5229202	35.24	0.606299992011698	1.378	61.5493692748684	Methanobacteriota_B	Thermococci	Methanofastidiosum sp020854815
GCA_020854825	52.6601490643496	1412054.21070576	28	0.601914763433937	1.311	44.3163106032203	Micrarchaeota	Micrarchaeia	JAHKLY01 sp020854825
GCA_020854915	45.9604687826484	1717803.94587336	26.11	0.584119680810352	1.225	58.985419940218	Methanobacteriota	Methanobacteria	JAHKLT01 sp020854915
GCA_020854925	43.3026509092136	1727876.95468554	58.24	0.578293014699836	1.366	62.036436234271	Methanobacteriota_B	Thermococci	JAHKLV01 sp020854925
GCA_020907855	46.5095264266603	1772901.45182578	60.15	0.569652960588864	1.442	60.3310267607476	NA	NA	NA
GCA_021106765	41.8458983949836	1808420.6142634	45.72	0.570641495757906	1.26	60.2938130845544	Halobacteriota	Methanosarcinia	JAIOTO01 sp021106765
GCA_021108185	40.2253114886763	2412949.30396842	42.64	0.578449650746543	1.321	59.957865433134	Halobacteriota	Methanosarcinia	Methanococcoides sp021108185
GCA_021108275	40.4330281483915	2697316.70369622	41.7	0.575985512933366	1.277	59.7842224450287	Halobacteriota	Methanosarcinia	Methanococcoides sp021108275
GCA_021108405	43.8169711874958	3820674.91680532	38.78	0.578736156800606	1.192	60.0352923797279	Halobacteriota	Methanosarcinia	Methanomarinus sp021108405
GCA_021157705	65.6982642316681	1146988.02772527	28.07	0.620898731724392	1.505	55.1268223594067	Aenigmatarchaeota	Aenigmatarchaeia	JAFCEW01 sp017608955
GCA_021157845	59.8368844097762	1080499.39831528	34.51	0.609772717387627	1.483	48.1508001377794	Aenigmatarchaeota	Aenigmatarchaeia	JAGGVU01 sp021157845
GCA_021158055	41.1480891623458	1403874.48005872	42.07	0.57412063000924	1.269	57.8028435172527	Iainarchaeota	Iainarchaeia	JAGGVJ01 sp021158055
GCA_021158125	79.338459454344	1539254.46980771	40.3	0.629471811887042	1.587	66.0507440810209	Thermoproteota	Bathyarchaeia	AUK093 sp021158125
GCA_021158305	76.7668742991416	1846467.79661017	43.45	0.631105360393094	1.683	64.6839585128544	Thermoproteota	Bathyarchaeia	B63 sp021158305
GCA_021158325	72.0233739941573	1359333.55622423	35.89	0.618394325373845	1.5	62.2010451326704	Thermoplasmatota	E2	B8-G13 sp003649745
GCA_021158865	74.8740145097768	1462011.17942985	34.19	0.615412551857077	1.558	58.6807241317177	Thermoplasmatota	E2	JAGGXW01 sp021158865
GCA_021159125	67.6992294119812	1479704.6995289	43.6	0.605780824658674	1.551	60.8323049922644	Thermoplasmatota	E2	VBQP01 sp021159125
GCA_021159325	72.7578845005151	1374412.56027284	37.68	0.637585142690122	1.764	63.2484335602316	Methanobacteriota_B	Thermococci	B48-G16 sp021159325
GCA_021160575	81.197215449665	1556023.52157994	50.73	0.631420834495578	1.697	68.7907323256394	Thermoproteota	Methanomethylicia	JAGHCH01 sp021160575
GCA_021161045	87.1003188806181	1429175.9238268	55.8	0.657259823136714	2.068	67.2631994655801	Thermoproteota	Bathyarchaeia	B23 sp021161045
GCA_021161205	75.7052018365792	1374568.79900011	37.24	0.625295985974818	1.538	64.0436346689776	Thermoproteota	Bathyarchaeia	PIYF01 sp003601875
GCA_021161255	80.6198407850077	1927218.19228555	49.98	0.64491492496236	1.805	67.6512233476144	Thermoproteota	Bathyarchaeia	B24 sp021161255
GCA_021161385	73.9310393752554	1367471.20863135	43.27	0.622345516680841	1.574	64.2396368841786	Thermoproteota	Bathyarchaeia	PIYA01 sp003601785
GCA_021161465	62.5424785224986	1115245.60201051	44.04	0.604783969087148	1.433	55.4414277394745	B1Sed10-29	B1Sed10-29	JAGHAM01 sp021161465
GCA_021161785	54.8276916633738	1424289.06380841	36.78	0.593912445935567	1.224	63.8276069085466	Nanobdellota	Nanobdellia	JAGGZX01 sp021161785
GCA_021161825	84.4789325576092	2133380.66001535	38.12	0.64198310407871	1.65	65.3415941030273	Thermoproteota	Thermoprotei	B69-G16 sp021161825
GCA_021162065	78.5829277934642	1443052.33469132	45.36	0.616912403040591	1.728	63.3323611749641	Thermoplasmatota	E2	JAGGZK01 sp021162065
GCA_021162185	75.0018519010983	1149328.89258951	35.57	0.647066196631414	1.671	65.4514610132788	Nanobdellota	Nanobdellia	JAGGZC01 sp021162185
GCA_021162305	79.9242616088463	1605866.22073579	36.33	0.619213495023194	1.669	62.5686941003448	Thermoplasmatota	E2	JAGGXW01 sp021162305
GCA_021162365	75.7638777741158	1229959.15588836	36.45	0.624216315140973	1.58	56.1218992059556	Nanobdellota	Nanobdellia	WALP01 sp021162365
GCA_021162425	70.6332160597601	1327721.51898734	39.99	0.621201579007157	1.578	57.737716819135	Aenigmatarchaeota	Aenigmatarchaeia	JAGGYQ01 sp021162425
GCA_021162685	77.9088403308131	1256967.26862302	39.63	0.617578900084188	1.614	61.2585167313829	B1Sed10-29	B1Sed10-29	JAGGYF01 sp021162685
GCA_021162815	76.629870519089	1227397.21855649	39.48	0.613874504819978	1.681	63.5846537923098	Thermoplasmatota	E2	JAGGXW01 sp021162815
GCA_021162845	80.7650504411304	2324746.14156466	47.05	0.645367184944398	1.769	69.4308554217185	NA	NA	NA
GCA_021163005	54.4059245685648	1290529.69283276	49.53	0.589875654053977	1.39	56.5189823767085	Aenigmatarchaeota	Aenigmatarchaeia	JAFGFG01 sp021163005
GCA_021163065	78.5745466604997	1973945.70510828	36.19	0.629259004248101	1.762	66.6647977434249	NA	NA	NA
GCA_021163145	67.2819406012958	1342077.32149464	27.21	0.617971882652514	1.429	52.7769600020145	Aenigmatarchaeota	Aenigmatarchaeia	JAGGXH01 sp021163145
GCA_021163205	67.4224244250718	1135560.06720806	38.92	0.609181440705708	1.509	52.7566342585864	Aenigmatarchaeota	Aenigmatarchaeia	JAGGXF01 sp021163205
GCA_021163225	67.9357252927759	1423900.03235199	44.58	0.61733161902878	1.528	63.1248849816538	Micrarchaeota	Micrarchaeia	JAGGXE01 sp021163225
GCA_021163245	74.080044702913	2299300.98004487	32.93	0.639132341590064	1.507	64.812114578589	Thermoproteota	Thermoprotei	JAGGXB01 sp021163245
GCA_021163365	77.3445430597757	1216592.3052053	32.02	0.63467760188526	1.69	58.2310811346275	Nanobdellota	Nanobdellia	JAGGWW01 sp021163365
GCA_021163505	70.7551823626675	1210434.34343434	39.82	0.616423257095619	1.63	62.0571524257423	Iainarchaeota	Iainarchaeia	DTGL01 sp021163505
GCA_021163705	79.0782473311838	1406483.86085866	41.72	0.641386555693252	1.801	64.5447624196422	Thermoplasmatota	Thermoplasmata	S014-41 sp021163705
GCA_021268355	31.2772415997453	1482592.14301479	34.17	0.577437004125674	1.244	57.8236940503031	Thermoproteota	Nitrososphaeria	Nitrosopumilus sp021268355
GCA_021296165	32.4937085025146	1996702.80461937	61.22	0.568227313044267	1.375	60.6685568366043	Thermoproteota	Nitrososphaeria	VYCS01 sp021296165
GCA_021296175	32.6586285607036	2028267.04545454	59.28	0.562977514937451	1.367	59.0718669568597	Thermoproteota	Nitrososphaeria	Nitrosopumilus sp021296175
GCA_021323705	36.8182901545279	1998938.73560721	40.34	0.570695735220499	1.101	59.3416266032705	Thermoproteota	Nitrososphaeria	Nitrosotalea sp021323705
GCA_021324115	47.1640012742557	2677543.81572359	49.18	0.588551335113591	1.127	61.9775316350729	Thermoproteota	Nitrososphaeria	JAJPJS01 sp021324115
GCA_021324265	67.6636641719437	1597449.01333921	36.62	0.618522969637154	1.393	62.7322582440566	Thermoproteota	Thermoprotei	DSFO01 sp021324265
GCA_021325295	31.629810605436	2917958.80758808	44.29	0.559250759818109	1.071	59.0081585278077	Thermoproteota	Nitrososphaeria	JAJPHM01 sp021325295
GCA_021325595	38.765223459867	1807570.6401766	36.34	0.573618486387998	1.111	59.1367187773965	Thermoproteota	Nitrososphaeria	Nitrosotalea sp021325595
GCA_021325615	35.7459954077584	2191475.09578544	49.6	0.566805986747602	1.084	59.4115920049137	Thermoproteota	Nitrososphaeria	Nitrosotalea sp021325615
GCA_021371835	45.1107331365958	2691469.86139465	61.2	0.588666941298786	1.404	61.5368199205513	Halobacteriota	Methanomicrobia	Methanoculleus sp002501655
GCA_021371995	46.5589140830516	1906237.26720856	52.57	0.587977656704104	1.276	61.187186075832	Halobacteriota	Methanomicrobia	UBA9949 sp021371995
GCA_021372315	45.572692782124	1871673.09753483	56.53	0.582914871961732	1.465	59.3631293483141	Thermoplasmatota	Thermoplasmata	MVRC01 sp021372315
GCA_021372335	55.469491755658	1540231.19573177	63	0.601405098631516	1.643	61.2204894089325	Thermoplasmatota	Thermoplasmata	UBA472 sp021372335
GCA_021372715	51.08502527348	2239207.98319328	35.51	0.591195187622129	1.221	61.8641843273466	Methanobacteriota	Methanobacteria	Methanobacterium_A sp021372715
GCA_021409285	42.6400434231298	3116012.99137641	41.72	0.589850022337099	1.336	60.0763205645109	Halobacteriota	Methanosarcinia	Methanoperedens sp021409285
GCA_021414105	29.9321153034644	1450881.95539536	33.06	0.574370477992342	1.166	56.7164827481384	Thermoproteota	Nitrososphaeria	Nitrosarchaeum sp021414105
GCA_021414365	35.7235846774793	2118707.34463277	33.14	0.573477983407786	1.153	57.3823889682809	Thermoproteota	Nitrososphaeria	Nitrosarchaeum sp021414365
GCA_021498095	41.9318285744421	5035775.3146288	31.02	0.576698137864497	1.095	52.6351536222632	Asgardarchaeota	Lokiarchaeia	Harpocratesius repetitus
GCA_021498125	44.4842819775016	3354240.792591	47.08	0.578319421281899	1.179	60.3628471878796	Asgardarchaeota	Thorarchaeia	B65-G9 sp021498125
GCA_021513695	50.2753441164561	3361100.4471589	31.24	0.600738396624473	1.253	55.5972618134647	Asgardarchaeota	Heimdallarchaeia	Heimdallarchaeum aukensis
GCA_021513715	49.5095919492282	3628294.25237212	30.85	0.59714438339906	1.215	55.1383641388045	Asgardarchaeota	Heimdallarchaeia	Heimdallarchaeum endolithica
GCA_021650775	81.5372592399016	1745359.13569987	54.77	0.648261124323579	1.768	68.9742228341694	Thermoproteota	Nitrososphaeria_A	Benthortus lauensis
GCA_021654395	58.8564459498635	1323645.37623923	34.06	0.597320261437909	1.222	59.4635567492034	Micrarchaeota	Micrarchaeia	ARM-1 sp021654395
GCA_021654415	66.2387165550449	2619639.70666383	47.13	0.621966508275531	1.325	66.9285676271624	Thermoproteota	Thermoprotei_A	Metallosphaera javensis
GCA_021734105	38.2989244305135	1890363.57218496	35.2	0.565890041843172	1.17	54.8529758452864	Nanobdellota	Nanobdellia	SKGA01 sp021734105
GCA_021735165	38.6679262772674	2076989.42997357	31.3	0.589259534222134	1.281	53.8336364904049	Nanobdellota	Nanobdellia	JAIPET01 sp021735165
GCA_021736975	41.3908308619095	2311961.54524608	28.84	0.580485829107665	1.198	55.1218127590147	Nanobdellota	Nanobdellia	JAIPET01 sp021736975
GCA_021767785	44.8678035490499	2435203.92197768	40.74	0.578397912672477	1.334	60.9860065474635	Halobacteriota	Methanosarcinia	Methanolobus sp021767785
GCA_021790425	36.0942561712242	2676232.03945957	67.42	0.581979988521405	1.059	63.7427624558951	Thermoplasmatota	Thermoplasmata	JAJYEA01 sp021790425
GCA_021791655	44.6514148199071	1462014.41378098	45.69	0.580821569375556	1.122	57.8260455855729	Nanobdellota	Nanobdellia	JAJYWD01 sp021791655
GCA_021792255	42.6518486447991	1682581.63698049	44.14	0.592323093789816	1.15	61.8143149079872	Thermoplasmatota	Thermoplasmata	GCA-001856825 sp021792255
GCA_021792775	38.1287653463797	1247924.22795288	45.22	0.584129890528526	1.161	57.7725410086765	Micrarchaeota	Micrarchaeia	JAJYXL01 sp021792775
GCA_021794355	36.4516864704723	2386177.29176361	39.47	0.584242455802328	1.123	59.7222021846647	Thermoplasmatota	Thermoplasmata	Cuniculiplasma sp021794355
GCA_021797355	38.9561984753061	1826236.45734722	45.96	0.580490534257796	1.123	60.8928943255712	Thermoplasmatota	Thermoplasmata	UBA509 sp021797355
GCA_021797995	47.4862116097593	1456904.46841294	52.18	0.586424708236926	1.263	57.3891522224015	Micrarchaeota	Micrarchaeia	JAKAVK01 sp021797995
GCA_021798415	50.1121750966107	2324441.53805912	70.78	0.600594017537281	1.45	65.310226784397	Thermoplasmatota	Thermoplasmata	UBA184 sp021798415
GCA_021799475	40.1098821410325	1432275.76503693	46.58	0.570418594551255	1.114	58.1382308033721	Micrarchaeota	Micrarchaeia	JAJZYD01 sp021799475
GCA_021800365	49.7285223860456	1598885.92276206	39.14	0.58182235044613	1.09	57.4188883565515	Nanobdellota	Nanobdellia	JAJYZA01 sp021800365
GCA_021801355	33.8891684226425	1468222.5868198	48.35	0.564552195263492	1.014	57.1576207177058	Micrarchaeota	Micrarchaeia	JAKATK01 sp021801355
GCA_021802515	38.0521357581408	2029754.37823549	32.9	0.588272396691672	1.129	58.8555356878873	Thermoplasmatota	Thermoplasmata	JAJZXB01 sp021835025
GCA_021803655	39.0143926871408	1840164.1357749	48.14	0.579509413099776	1.101	61.0762496326027	Thermoplasmatota	Thermoplasmata	JAMDBT01 sp021803655
GCA_021803945	42.7400101344737	1371010.63829787	48.45	0.575718546890808	1.14	57.5612976148466	Micrarchaeota	Micrarchaeia	JAJZNA01 sp021803945
GCA_021806135	49.1033734117888	2093711.99276591	68.92	0.613991149331028	1.303	64.6427202097625	Thermoplasmatota	Thermoplasmata	JAKATE01 sp021806135
GCA_021806165	33.2672697113153	1938750	55.41	0.576494639723015	1.174	59.0565430063048	Thermoplasmatota	Thermoplasmata	JAJZXY01 sp021806165
GCA_021807085	47.8216473182496	1226467.4900109	48.07	0.580919458020424	1.131	58.1064157584945	Nanobdellota	Nanobdellia	Parvarchaeum sp021807085
GCA_021809925	47.7530124939448	1395092.22256379	41.98	0.587474596092056	1.188	56.5961781388441	Micrarchaeota	Micrarchaeia	JAMCSO01 sp021809925
GCA_021810045	38.7272361485421	2365312.66366398	42.74	0.581686050908211	1.117	60.4036672565287	Thermoplasmatota	Thermoplasmata	JAJZOM01 sp021810045
GCA_021810105	41.4438830253164	1332500.81142486	42.46	0.575775994976311	1.068	57.6682851832889	Micrarchaeota	Micrarchaeia	JAJZAB01 sp021810105
GCA_021811435	37.9850700327934	1546654.89974583	51.89	0.569942255348376	1.132	57.5592123483988	Micrarchaeota	Micrarchaeia	JAKATK01 sp021811435
GCA_021812105	51.4449117001561	1144230.95903932	49.34	0.583149754521635	1.173	57.9933429317971	Micrarchaeota	Micrarchaeia	JAKATY01 sp021812105
GCA_021814005	35.9979963604302	1502491.24124124	55.4	0.562019563339158	1.174	57.394903039825	Micrarchaeota	Micrarchaeia	CAIXYX01 sp021814005
GCA_021816955	58.4866234210494	1576782.02995008	69.84	0.60260548710967	1.471	65.2349873728471	Thermoplasmatota	Thermoplasmata	UBA184 sp021816955
GCA_021817565	41.9424482894181	1233959.89177145	45	0.584227372414202	1.126	57.3181826418164	Micrarchaeota	Micrarchaeia	JAJYXL01 sp021817565
GCA_021817605	46.6679956352882	1811089.79676483	70.15	0.605117336174788	1.41	64.9421319841044	Thermoplasmatota	Thermoplasmata	UBA184 sp021817605
GCA_021818905	44.2548863054062	1872848.92942109	41.18	0.589482059664307	1.266	57.2591093845911	Nanobdellota	Nanobdellia	JAJYZA01 sp021818905
GCA_021819135	52.6032480675098	2294846.2420515	69.53	0.600856952983767	1.394	64.804088970223	Thermoplasmatota	Thermoplasmata	UBA184 sp021819135
GCA_021820565	39.2810691861055	1793528.21670429	38.45	0.584978996241433	1.188	59.4228409828435	Thermoplasmatota	Thermoplasmata	Ferroplasma sp021820565
GCA_021823345	35.2722234683938	2093770.28854824	64.42	0.579589969146408	1.005	63.1106586979399	Thermoplasmatota	Thermoplasmata	JAJYEA01 sp021823345
GCA_021827925	40.6863898942883	1345720.03888349	49.42	0.582773319263558	1.181	57.5310369528956	Micrarchaeota	Micrarchaeia	JAKATZ01 sp021827925
GCA_021828665	53.3885159181272	1878521.77942539	72.51	0.609637789164543	1.491	64.973162754632	Thermoplasmatota	Thermoplasmata	JAKIVR01 sp021828665
GCA_021835385	50.8349976644123	1776412.89301958	30.72	0.586807513601525	1.042	55.0206883059691	Micrarchaeota	Micrarchaeia	JAJZOD01 sp021801225
GCA_021837285	42.5449873065244	1200032.95750217	43.03	0.572511960077409	1.18	56.639955332963	Micrarchaeota	Micrarchaeia	JAMCYW01 sp027332905
GCA_021846465	44.4233537839817	1707818.05343062	42.5	0.584748594285496	1.159	60.5918968256034	Thermoplasmatota	Thermoplasmata	Cuniculiplasma sp023381355
GCA_021846665	57.4211513867586	1293570.53682896	32.54	0.589324724389084	1.151	57.9557775210592	Nanobdellota	Nanobdellia	Parvarchaeum sp021846665
GCA_021848065	31.5345341393873	1690046.31578947	49.14	0.567264322734277	1.05	57.2964421448218	Micrarchaeota	Micrarchaeia	JAJZNA01 sp021848065
GCA_021848095	27.6130690179927	1392008.58369099	30.94	0.577525524763777	0.987	54.3117831399791	Micrarchaeota	Micrarchaeia	JAJZOD01 sp021848095
GCA_022015155	81.7785958972427	1382474.89793667	58.89	0.627278431205734	1.506	72.6035646783107	Thermoproteota	Thermoprotei_A	Acidilobus sp022015155
GCA_022015185	80.8873666929905	1364382.539358	52.19	0.632379982109134	1.508	70.3641955635799	NA	NA	NA
GCA_022447095	28.0619582269216	1707267.53773944	57.9	0.561790795917422	1.244	59.6204154747205	Thermoplasmatota	Poseidoniia	Thalassarchaeum betae_B
GCA_022449345	30.945665728076	1809398.15384615	48.09	0.558988844252231	1.19	60.9106737631339	Thermoplasmatota	Poseidoniia	MGIIb-O1 sp022449345
GCA_022449715	31.9120548817245	1322068.20809249	43.6	0.577332129366437	1.233	62.1248423578803	NA	NA	NA
GCA_022450565	23.1977054368535	1279701.84020498	33.68	0.574932342539193	1.21	57.8480518731394	Thermoproteota	Nitrososphaeria	Nitrosopelagicus sp022450565
GCA_022450745	20.0080400209143	1243799.55299377	33.46	0.576692095949666	1.261	57.5623880984855	NA	NA	NA
GCA_022451205	28.3722737545776	2574420.76871207	49.53	0.550023911572299	1.11	59.2824040711884	NA	NA	NA
GCA_022451545	35.677498758772	1181800.63137445	33.21	0.575277449584457	1.071	54.0543029544346	Thermoproteota	Nitrososphaeria	UBA57 sp002494565
GCA_022545895	20.0032556533066	2932986.508118	37.74	0.570100509996393	1.06	57.3674213763448	Thermoproteota	Nitrososphaeria	TA-21 sp022545895
GCA_022562615	31.2502536920423	1742068.34329536	34.18	0.582133819424559	1.227	58.0423028635685	Thermoproteota	Nitrososphaeria	Nitrosomaritimum sp022562615
GCA_022564385	25.530051610932	1728035.73513955	32.22	0.578153200522375	1.209	57.563097000278	Thermoproteota	Nitrososphaeria	Nitrosopumilus sp022564385
GCA_022564515	36.9754763462347	1719977.17155576	34.33	0.583250314536007	1.227	57.9503138613194	Thermoproteota	Nitrososphaeria	DRGT01 sp022564515
GCA_022565615	33.4056771625513	2340929.91652106	26.23	0.569548779889036	1.015	55.4508398914067	Nanobdellota	Nanobdellia	UBA583 sp022565615
GCA_022573895	31.5659617874147	2013929.24896775	33.17	0.581450292858974	1.248	57.1465022783526	Thermoproteota	Nitrososphaeria	Nitrosopumilus sp022573895
GCA_022678445	74.9895076998493	2030084.13082343	48.85	0.627993076508762	1.401	67.1909446436492	Thermoproteota	Thermoprotei_A	Aramenus sp022678445
GCA_022729235	66.117163174129	1690679.49983547	48.48	0.595302884414116	1.688	60.5489849174733	Nanohalarchaeota	Nanosalinia	JALDAJ01 sp022729235
GCA_022729255	61.6042048330194	1861899.90186457	38.8	0.608376782518914	1.736	58.1169354561495	Nanohalarchaeota	Nanosalinia	Nanoanaerosalina sp022729255
GCA_022729335	64.2592667868671	1523833.87740297	41.19	0.611126044670348	1.787	58.5610248261191	Nanohalarchaeota	Nanosalinia	Nanoanaerosalina halalkaliphila
GCA_022729375	54.9816090360625	1484161.2506587	39.86	0.586045782880834	1.503	60.0529897715387	Nanohalarchaeota	Nanosalinia	B1-Br10-U2g21 sp001564145
GCA_022729395	62.2092118465365	1645149.13083257	40.68	0.592343250238284	1.518	59.5036937395053	Nanohalarchaeota	Nanosalinia	B1-Br10-U2g19 sp001563905
GCA_022749815	42.5638225377469	2162840.76698624	65.57	0.592731884803165	1.232	64.1080281240591	Thermoplasmatota	Thermoplasmata	JAKIWV01 sp022749815
GCA_022749935	42.1909623464818	1944393.03211758	67.59	0.592389247221383	1.207	64.439618038516	Thermoplasmatota	Thermoplasmata	UBA184 sp022749935
GCA_022750055	38.2070704919989	1625166.43476399	67.52	0.592128915434955	1.215	64.3294725007563	Thermoplasmatota	Thermoplasmata	UBA184 sp022750055
GCA_022750115	35.5223312173123	2203985.01716783	68.99	0.577508299302117	1.089	64.5584986573743	Thermoplasmatota	Thermoplasmata	UBA184 sp022750115
GCA_022750155	33.9738378614475	2214053.68848195	68.39	0.582227077308903	1.073	64.4152577413367	Thermoplasmatota	Thermoplasmata	UBA184 sp022750155
GCA_022750295	39.457266366296	2185692.24353628	69.58	0.582857993155101	1.166	64.8893633319811	Thermoplasmatota	Thermoplasmata	UBA184 sp022750295
GCA_022750415	40.5417794780791	2126937.3870522	68.72	0.583745583038869	1.137	64.655959585817	Thermoplasmatota	Thermoplasmata	UBA184 sp022750415
GCA_022750455	40.2680126739676	2333163.98227219	67.12	0.574050719560613	0.993	63.791032578818	Thermoplasmatota	Thermoplasmata	JAKIVR01 sp022750455
GCA_022759105	67.4217046857542	1314760.55482434	36.07	0.622500685950476	1.426	62.6562393402443	Thermoplasmatota	Thermoplasmata	ARK-15 sp009758405
GCA_022759365	83.5461878589976	1237869.93097498	51.84	0.644828892092076	1.509	71.4631043214047	Thermoproteota	Thermoprotei_A	Thermogladius sp022759365
GCA_022838945	48.5765425355787	2377583.96197169	54.62	0.585435320148761	1.305	60.5766016187495	Halobacteriota	Methanomicrobia	UBA9949 sp022841205
GCA_022848835	56.1229089118363	1603465.52103988	57.62	0.613963169317071	1.596	63.3941051288213	Thermoplasmatota	Thermoplasmata	JAJISG01 sp022848835
GCA_022865315	42.166867708216	3114185.68784701	42.01	0.585301947633852	1.276	61.1943533879534	Halobacteriota	Methanosarcinia	JALHSR01 sp022865315
GCA_022865455	58.7000817192871	2259461.70236627	47.2	0.593508205950657	1.367	63.0522634409094	Thermoproteota	Bathyarchaeia	20-14-0-80-47-9 sp022865455
GCA_022969015	29.1928465527353	1857079.69554511	31.94	0.571650712089087	1.169	57.2872441648727	Thermoproteota	Nitrososphaeria	Nitrosopumilus sp013215285
GCA_023008585	48.1348974376075	4571486.18842559	63.67	0.568431105718783	1.58	63.3328523946131	Halobacteriota	Halobacteria	Natribaculum breve
GCA_023128965	69.1356439729033	1325242.12144504	45.38	0.622345212053816	1.594	55.4588311549825	Aenigmatarchaeota	Aenigmatarchaeia	JAZGEG01 sp023128965
GCA_023129075	53.2217871098045	1313903.15285353	38.54	0.62231625505828	1.623	58.3052259313357	Micrarchaeota	Micrarchaeia	JAGMCT01 sp023129075
GCA_023131225	61.7132368797982	2101387.36565036	42.58	0.599854487828629	1.368	63.0716622357467	Thermoproteota	Bathyarchaeia	JAGLZW01 sp023131225
GCA_023132895	55.6532957161607	1928130.08130081	35.52	0.601587270979276	1.428	53.8165201908396	NA	NA	NA
GCA_023133595	56.7002853531536	2419699.64664311	38.05	0.595677949894817	1.501	54.8913880277304	Nanobdellota	Nanobdellia	JAGLWF01 sp023133595
GCA_023136265	47.6852709291299	1884941.85437402	56.91	0.589701855795558	1.434	60.9365070410455	NA	NA	NA
GCA_023139205	57.766530438744	1584096.7032967	29.28	0.616984848763784	1.534	54.2605679596949	NA	NA	NA
GCA_023140175	47.3683637573364	2741937.62441938	34.65	0.594125079508453	1.39	51.1696656968573	Nanobdellota	Nanobdellia	WJIZ01 sp023140175
GCA_023140195	42.7049702093686	3042668.16372359	51.48	0.57654804642888	1.249	60.0553336046978	Thermoplasmatota	Thermoplasmata	JAGLME01 sp023140195
GCA_023144035	47.6804452288531	1873853.76447876	27.4	0.607666702458928	1.419	51.719630283763	Nanobdellota	Nanobdellia	JAFCEV01 sp023144035
GCA_023145185	42.3258246805466	3129613.25342079	52.32	0.588276881909725	1.307	60.355212842532	Thermoplasmatota	EX4484-6	JAGLEG01 sp023145185
GCA_023228295	40.3319261647405	3394934.19609563	52.82	0.570000354319324	1.179	60.0934120571512	Halobacteriota	Methanomicrobia	Methanoregula sp023228295
GCA_023230065	50.8788012801785	1644832.33205898	42.05	0.568859438188671	1.282	58.4843285367738	Thermoplasmatota	Thermoplasmata	JALNYB01 sp023230065
GCA_023230325	42.5983581136537	1797291.7424518	26.77	0.594922979860634	1.228	55.0230169846579	Iainarchaeota	Iainarchaeia	Forterrea sp023230325
GCA_023246445	52.0138677347861	1650302.74715007	31.16	0.612180894680185	1.41	50.3033225822752	Nanobdellota	Nanobdellia	JACQNH01 sp023246445
GCA_023247085	41.7856977145232	1460821.60392799	39.81	0.56796168954952	1.136	48.1440660404161	Micrarchaeota	Micrarchaeia	JAHFHC01 sp023247085
GCA_023248035	37.2928601442091	1487458.72491745	39.46	0.586080837296677	1.291	46.3263210034864	Micrarchaeota	Micrarchaeia	Bilamarchaeum sp023248035
GCA_023249105	40.9049481910871	3378770.06998765	42.49	0.588010592601341	1.311	59.9693800951863	Halobacteriota	Methanosarcinia	Methanoperedens sp023249105
GCA_023249275	40.2068912759412	2446822.68534335	44.13	0.591091016653942	1.342	60.1959374699012	Halobacteriota	Methanosarcinia	Methanoperedens sp023249275
GCA_023250885	37.7163171658785	1668078.7295907	51.48	0.575026493417221	1.321	59.4957931916972	Thermoproteota	Nitrososphaeria	Nitrososphaera sp023250885
GCA_023251115	20.7895619711528	1969120.63874002	35.89	0.571164926931106	1.081	56.3727811083421	Thermoproteota	Nitrososphaeria	TA-21 sp023251115
GCA_023252215	48.4069152126072	1699896.61240651	48.42	0.586929551912277	1.352	59.5933163453938	Altiarchaeota	Altiarchaeia	CAIYYO01 sp023252215
GCA_023252335	29.3797551093831	1907293.04839106	37.91	0.562050132101863	1.039	58.9193582044577	Thermoproteota	Nitrososphaeria	Nitrosotalea sp023252335
GCA_023254445	23.9032102503607	2289638.17922448	63.58	0.556999939733623	1.335	60.7228356612417	Thermoplasmatota	Poseidoniia	MGIIa-L3 sp023254445
GCA_023255955	85.4158951233278	1722316.419792	47.82	0.6437605971014	1.481	71.0826653777718	Thermoproteota	Thermoprotei_A	DRZP01 sp023255955
GCA_023259115	45.7511365455002	2270005.76701269	39.28	0.575946315549556	1.132	51.8041712544223	Nanobdellota	Nanobdellia	JACPNA01 sp023259115
GCA_023264635	53.7375160645034	1981681.97560608	41.67	0.584365350817726	1.239	55.3113062478231	Nanobdellota	Nanobdellia	JACQSS01 sp023264635
GCA_023265135	29.3901377755897	2004180.09269477	33.21	0.569670468971944	1.118	56.3899163138531	Thermoproteota	Nitrososphaeria	Nitrosarchaeum sp023265135
GCA_023265685	40.1525969533105	1882942.64339152	39.24	0.570366296218408	1.119	52.382851126425	Nanobdellota	Nanobdellia	JACPIK01 sp023265685
GCA_023266675	37.7739140310223	2018185.56361239	34.25	0.576291855961388	1.185	55.0361508416386	Nanobdellota	Nanobdellia	JAHFPP01 sp023266675
GCA_023266895	41.7464037915163	1896712.59155912	40.86	0.564831403160791	1.091	58.253784895211	Nanobdellota	Nanobdellia	JAHFOI01 sp023266895
GCA_023269235	29.2883726515128	2255677.10732381	68.53	0.561295955616934	1.243	60.0089799789085	Thermoplasmatota	E2	JAHFTW01 sp023269235
GCA_023269735	89.7576310100665	1853422.54563394	67.71	0.647503609088268	1.942	73.8529696579224	Thermoproteota	Thermoprotei	JANXEW01 sp023269735
GCA_023269855	72.8551676362238	1963195.4572624	38.58	0.640048818573365	1.536	64.3962207957922	Thermoproteota	Nitrososphaeria_A	Geocrenenecus sp023269855
GCA_023378865	47.5862326927211	1401431.79451579	36.32	0.581015091407304	1.077	58.4557257563435	Nanobdellota	Nanobdellia	Parvarchaeum sp023378865
GCA_023378885	41.6764084050562	1465142.27322748	46.65	0.571335799395085	1.12	57.7485209678687	NA	NA	NA
GCA_023379385	44.7019054417008	1787436.09434997	35.8	0.584170762749997	1.071	53.6808192602811	NA	NA	NA
GCA_023379405	51.8075372612089	1625749.25570625	67.02	0.59542453273115	1.38	64.688852316131	NA	NA	NA
GCA_023379545	37.9766540655798	1630040.73319756	49.22	0.58008939416945	1.114	60.5474896382133	NA	NA	NA
GCA_023379805	45.3637863031585	2497103.8600981	48.58	0.580410294930903	1.108	60.8828230516538	Thermoproteota	Nitrososphaeria	JACPRH01 sp023379805
GCA_023379925	41.176989039139	1669127.248501	38.91	0.584073689907098	1.156	59.1523510281666	NA	NA	NA
GCA_023380775	34.9260877393263	1363787.14581894	28.53	0.57652326954352	1.014	50.8521534258293	Micrarchaeota	Micrarchaeia	JAJZMY01 sp021848125
GCA_023380835	46.9056123939488	1266817.95675854	37.46	0.587926781890625	1.179	55.9590445691883	NA	NA	NA
GCA_023393455	48.5809855973572	2338654.94642671	62.03	0.589934130155865	1.475	61.2936368597371	Halobacteriota	Methanomicrobia	Methanoculleus sp023393455
GCA_023396065	41.6146054860763	2189564.07286512	52.43	0.568682057199806	1.145	58.6993749241856	Halobacteriota	Methanomicrobia	Methanocorpusculum sp023396065
GCA_023396365	44.0502327565795	1943390.59390384	40.58	0.582017357733805	1.34	59.1613337960756	Halobacteriota	Methanomicrobia	Methanomicrobium sp023396365
GCA_023399215	42.0591629612739	4288753.94482337	39.77	0.588811235764234	1.256	60.193956401433	Halobacteriota	Methanosarcinia	Methanosarcina sp023399215
GCA_023402275	45.0438165428964	1549524.64403067	46.85	0.572064589786541	1.328	59.0244100347914	Thermoplasmatota	Thermoplasmata	Methanoplasma sp023402275
GCA_023409695	44.7903260794397	2996542.36514996	32.97	0.590922015305265	1.27	61.1703498240235	Methanobacteriota	Methanobacteria	Methanobacterium_D sp023409695
GCA_023411115	46.9542577480549	2839166.07197472	33.52	0.590846347927599	1.261	60.6783789656412	Methanobacteriota	Methanobacteria	Methanobacterium_D sp023411115
GCA_023434825	54.8065118598199	2609154.57413249	31.54	0.5945868173258	1.335	61.2245946324974	Methanobacteriota	Methanobacteria	Methanobacterium_D sp023434825
GCA_023436625	48.5935910650115	2705483.22430893	61.87	0.589764776274926	1.473	61.4116496132996	Halobacteriota	Methanomicrobia	Methanoculleus sp023436625
GCA_023457135	51.3520657299654	2472728.76487485	62.96	0.590479976731236	1.484	62.0669653117312	Halobacteriota	Methanomicrobia	Methanoculleus sp023457135
GCA_023473665	43.7750648695741	1284461.48771235	52.93	0.570683740943191	1.157	59.2433552733534	Micrarchaeota	Micrarchaeia	JAMCYM01 sp023473665
GCA_023473935	44.7965323441039	1231976.56002534	51.29	0.575730277024668	1.172	58.3055747704219	Micrarchaeota	Micrarchaeia	JAJZAB01 sp021791535
GCA_023474065	49.1696345479563	1219387.2591564	39.33	0.584529900938234	1.153	57.9712840583782	NA	NA	NA
GCA_023484105	40.5898222399526	1401571.41307884	44.48	0.582097323206292	1.132	61.3810549754718	Thermoplasmatota	Thermoplasmata	JACWAH01 sp023484105
GCA_023485295	38.0171108407813	1328178.54463616	46.38	0.564953402993505	1.034	58.3301278722574	Micrarchaeota	Micrarchaeia	Micrarchaeum_A sp023485295
GCA_023485875	57.316075374962	1277276.09427609	29.26	0.581038000202565	1.065	54.0658566160299	NA	NA	NA
GCA_023487875	39.1234244457668	1636833.26377295	48.6	0.577411156467322	1.083	60.1374351195047	NA	NA	NA
GCA_023488885	40.498978424691	2042743.86891015	43.69	0.583661649697506	1.13	61.2754477933995	Thermoplasmatota	Thermoplasmata	JAJZOM01 sp023488885
GCA_023488905	45.7971140013961	2263415.99190283	47.53	0.573988928765031	1.125	61.3448550709543	Thermoproteota	Bathyarchaeia	Bathycorpusculum sp023488905
GCA_023539495	79.2912754755589	1492611.45774248	51.65	0.642530144462952	1.823	68.2016049154559	Thermoproteota	Nitrososphaeria_A	Wolframiiraptor allenii
GCA_023539525	73.4619619481311	1341335.48983364	45.92	0.626009789148095	1.569	67.185058072408	Thermoproteota	Nitrososphaeria_A	Terraquivivens yellowstonensis
GCA_023539595	77.1357291650226	2218066.56986485	39.48	0.64386702538038	1.577	64.0013661121109	NA	NA	NA
GCA_023544575	38.4312349477009	2129072.02066961	46.08	0.577904979559391	1.238	60.9837270398181	NA	NA	NA
GCA_023544605	47.482979736776	1743286.6010274	46.54	0.580946579453505	1.308	61.0062565917801	Halobacteriota	Methanosarcinia	QBUR01 sp023544605
GCA_023623025	43.1676436048475	2682913.75291375	53.25	0.58201412592517	1.197	60.9869275684649	Halobacteriota	Methanomicrobia	UBA9949 sp002068435
GCA_023898345	40.1455680626969	2749680.41421175	36.58	0.574581916785474	1.153	56.1430218853388	Nanobdellota	Nanobdellia	UBA583 sp002505525
GCA_023898365	38.8883643737497	1892279.26421405	40.4	0.560259431264441	1.102	57.8307583109594	Nanobdellota	Nanobdellia	GCA-023898365 sp023898365
GCA_024167805	43.0547988685256	2871280.60263653	35.31	0.576932135391994	1.101	61.3174774368907	Methanobacteriota	Methanobacteria	Methanobacterium_B sp024167805
GCA_024256165	65.9175904813449	1490301.61380078	36.63	0.614267468468948	1.427	58.842087980403	Thermoproteota	Nitrososphaeria	HK02M2 sp024256165
GCA_024256185	61.8679367976814	1562626.68045502	40.8	0.621113818822462	1.561	60.0313816638512	Thermoproteota	Nitrososphaeria	HK02M2 sp024256245
GCA_024256285	62.1784627323047	1615194.93283827	42.94	0.620177443039407	1.596	60.7636810860783	Thermoproteota	Nitrososphaeria	HK02M2 sp024256285
GCA_024274695	73.3249502382211	1200387.02167903	51.42	0.625312117890538	1.598	63.5507713358224	B1Sed10-29	B1Sed10-29	JAJSAI01 sp024274695
GCA_024275415	43.6868488705908	3680144.05010438	46.97	0.580129983783948	1.221	58.6772825441891	Asgardarchaeota	Thorarchaeia	MP5-2226 sp024275415
GCA_024275665	74.0241136647021	1066698.63705199	38.83	0.623935024562074	1.626	57.1407664398437	B1Sed10-29	B1Sed10-29	JAJRYS01 sp024275665
GCA_024275755	85.2856180704095	1439817.75842867	37.03	0.625579778493013	1.762	62.1965632000404	Thermoplasmatota	E2	JdFR-43 sp024275755
GCA_024276695	28.6948129341687	1747499.44008959	32.9	0.576559379836769	1.219	56.8450965428501	Thermoproteota	Nitrososphaeria	Nitrosopumilus sp024276695
GCA_024276825	50.5574670137751	3083853.75078798	43.57	0.582680462251335	1.211	61.1869520526565	Asgardarchaeota	Thorarchaeia	JAJRWI01 sp024276825
GCA_024277205	64.6483876438394	1252772.38600989	32.12	0.623916794339541	1.565	52.3517030974318	Nanobdellota	Nanobdellia	WALP01 sp024277205
GCA_024277355	40.2934958453448	1480611.70911	27.96	0.601450077162741	1.35	52.9623257291187	Iainarchaeota	Iainarchaeia	1-14-0-10-31-34 sp024277355
GCA_024281195	74.4672368325687	2459771.28180039	43.56	0.638669414863163	1.688	68.1120797351924	Korarchaeota	Korarchaeia	QMVU01 sp003661365
GCA_024281315	44.5607229627828	1816524.04195659	49.08	0.588771447861616	1.334	60.5166936008639	Thermoplasmatota	Thermoplasmata	JAJSAE01 sp024281315
GCA_024399155	41.5823549917578	1601311.16921928	38.09	0.568539956216327	1.266	56.8780920916436	Thermoplasmatota	Thermoplasmata	JAKSHX01 sp024399155
GCA_024409145	47.3402813502554	2257198.56163614	26.88	0.577639453049157	1.227	57.7381833077044	Methanobacteriota	Methanobacteria	Methanobrevibacter sp024409145
GCA_024413505	43.824095937826	1787198.74147876	30.34	0.576574881180705	1.232	59.3430371276877	NA	NA	NA
GCA_024413795	51.5218389168624	2179360.92790539	32.48	0.578430167804806	1.353	59.0900026877472	Methanobacteriota	Methanobacteria	Methanobrevibacter sp902774685
GCA_024518585	51.1567532606839	1875807.91556728	57.97	0.596208128484336	1.382	60.9693123649218	Halobacteriota	Methanomicrobia	Methanolinea_A sp024518585
GCA_024644105	27.6837736446543	1636473.27662816	33.14	0.576165539987113	1.235	56.6272272283263	Thermoproteota	Nitrososphaeria	Nitrosopumilus sp024644105
GCA_024644385	31.7679368051698	1766488.26397551	33.88	0.580001830271349	1.185	57.1392887707451	Thermoproteota	Nitrososphaeria	Nitrosomaritimum sp024644385
GCA_024653905	44.7416093277165	1595075.55802024	34.94	0.592422711534433	1.341	57.5533847825007	Iainarchaeota	Iainarchaeia	UBA493 sp024653905
GCA_024689425	50.844540068471	1856725.8613356	32.3	0.577752680304139	1.251	59.6285438782479	Methanobacteriota	Methanobacteria	Methanocatella sp024689425
GCA_024707015	69.9838989183259	1851576.26383163	39.11	0.625621510513597	1.449	65.6805495493227	Thermoproteota	Methanomethylicia	Culexarchaeum yellowstonense
GCA_024860865	67.9473673350732	1716956.86012898	36.45	0.620695846708935	1.504	57.2639861947125	JACRDV01	JACRDV01	JACRDV01 sp024860865
GCA_025041175	36.1621424687232	6244652.71966527	59.48	0.557296890519592	1.289	61.4595712357976	Halobacteriota	Halobacteria	Halocatena sp025041175
GCA_025041195	29.070625973137	4084184.00876232	56.58	0.548129003673688	1.158	61.1422472758209	Halobacteriota	Halobacteria	Halocatena sp025041195
GCA_025054855	53.7971842824727	1765920.9039548	49.23	0.59325489463691	1.491	63.3595369578555	Thermoproteota	Nitrososphaeria	Nitrosocaldus sp025054855
GCA_025058425	72.0627137055126	1398442.69466317	41.9	0.62753716478483	1.539	60.8717128891568	NA	NA	NA
GCA_025059075	85.5856902906904	1425572.94994675	40.69	0.636623580408133	1.42	68.9084922091889	Thermoproteota	Thermoprotei_A	JANXDZ01 sp025059075
GCA_025059195	81.3440431014248	1710413.23345818	45.8	0.616449527165023	1.521	65.9052422120708	Thermoproteota	Bathyarchaeia	DRVP01 sp025059195
GCA_025059205	70.5258602628343	1373574.39926063	45.24	0.626034200544125	1.559	67.0030042981675	Thermoproteota	Nitrososphaeria_A	Terraquivivens sp025059205
GCA_025059375	83.4796065964699	1472334	44.52	0.631855322684886	1.635	67.0530209883468	Thermoproteota	Methanomethylicia	WYZ-LMO8 sp025059375
GCA_025059415	81.8209979821796	1226276.43692461	51.07	0.641980058237007	1.811	67.4065495651945	NA	NA	NA
GCA_025059595	67.229169298309	1532626.50341315	53.66	0.629153003919795	1.502	68.956329105698	Thermoproteota	Nitrososphaeria_A	HRBIN02 sp025059595
GCA_025061095	81.4154395604812	1567878.98789879	37.53	0.639224314493084	1.597	66.131167258387	Thermoproteota	Methanomethylicia	Culexmicrobium_B thermophilum
GCA_025340205	92.5737720433717	1748528.58773477	48.18	0.642298864104526	1.688	71.3757180897811	Thermoproteota	Thermoprotei_A	Ignicoccus pacificus
GCA_025350045	40.1198587284495	2738323.96801383	51.86	0.574069445809522	1.214	59.8468705902985	Halobacteriota	Methanomicrobia	Methanoregula sp025350045
GCA_025361645	37.683975260865	2532654.93177794	51.57	0.578522070598064	1.296	61.5310925108015	Halobacteriota	Methanosarcinia	Methanothrix sp025361645
GCA_025451315	30.4072230360055	5331445.35374868	31.08	0.568925991194118	1.044	55.5399019565589	Thermoproteota	Nitrososphaeria	TH1177 sp025451315
GCA_025453675	45.4869962328777	1870082.38405207	56.65	0.588850226616061	1.305	61.1197870283962	Halobacteriota	Methanomicrobia	Methanolinea_A sp025453675
GCA_025457885	47.6205561577687	2402058.96007428	44.01	0.570773539256952	1.022	60.205903818247	Thermoplasmatota	E2	SM1-50 sp025457885
GCA_025464275	63.5295582040403	1452643.21154714	50.41	0.618026228934539	1.681	62.0815468392755	Halobacteriota	Syntropharchaeia	G60ANME1 sp025464275
GCA_025464385	63.7915115415409	1547654.78424015	47.87	0.60949534708555	1.613	61.9891713136304	Halobacteriota	Syntropharchaeia	G60ANME1 sp025464325
GCA_025517425	42.8930556315964	2946610.65014179	63.24	0.560593606019363	1.536	61.7022574446455	Halobacteriota	Halobacteria	Halostagnicola sp025517425
GCA_025517465	40.6823168069233	4340807.39001735	65.98	0.553897776878669	1.473	62.735144763007	Halobacteriota	Halobacteria	Halomicrobium sp025517465
GCA_025699025	32.0309093800124	1911129.41176471	37.82	0.572376378304113	1.197	58.0592135676227	Thermoproteota	Nitrososphaeria	Nitrosarchaeum_A sp025699025
GCA_025920205	46.3857930681806	1589443.00741507	36.28	0.585983882773521	1.115	58.2536050647804	Nanobdellota	Nanobdellia	Parvarchaeum tengchongense
GCA_025920425	80.5985709968262	1194180.97754293	40.71	0.639555543021518	1.631	64.0458554929731	Nanobdellota	Nanobdellia	Haiyanarchaeum thermophilum
GCA_025930495	32.6502933263004	1562459.14483994	33.19	0.574871351838636	1.169	57.1477689604728	Thermoproteota	Nitrososphaeria	Nitrosarchaeum sp025930495
GCA_025934495	26.2839258230881	4001029.79201799	29.84	0.568673495553126	1.029	55.6878902247043	Thermoproteota	Nitrososphaeria	Nitrosocosmicus sp025934495
GCA_025937415	16.791176275317	2058595.74967712	35.97	0.570946141096907	1.09	57.0633589144679	Thermoproteota	Nitrososphaeria	TA-21 sp025937665
GCA_025966525	65.4589883701011	1608515.32153647	43.33	0.622722542761844	1.784	61.9146285119222	Halobacteriota	Syntropharchaeia	QMVO01 sp025966525
GCA_026014465	48.5353848580893	2458659.27654609	47.63	0.566838630132542	1.064	62.3634714772017	Thermoproteota	Bathyarchaeia	JADGNF01 sp026014465
GCA_026014485	46.3869419361761	2783880	48.11	0.570778913937735	1.092	60.4767649587806	Thermoproteota	Bathyarchaeia	JADGNF01 sp026014485
GCA_026014495	46.2070319582302	2461188.49696697	40.88	0.57804047783199	1.133	61.4087819600219	Thermoproteota	Bathyarchaeia	Bathyarchaeum sp026014495
GCA_026014515	55.3310191861758	3371872.36467236	46.6	0.589401516799606	1.273	60.3080061302179	Thermoproteota	Bathyarchaeia	RBG-16-57-9 sp026014515
GCA_026014545	61.2226827716175	2116992.48120301	46.05	0.591545291356492	1.289	63.1884094899674	Thermoproteota	Bathyarchaeia	JAOAIV01 sp026014545
GCA_026014565	51.102146035777	2105124.27409988	39.79	0.580199742229654	1.135	60.8456010197735	Thermoproteota	Bathyarchaeia	Bathyarchaeum sp026014565
GCA_026014585	47.3777335645567	2652169.22724146	43.15	0.569341032077939	1.052	61.3156148347942	Thermoproteota	Bathyarchaeia	Bathycorpusculum sp026014585
GCA_026014665	49.110446091295	2664302.23419782	45	0.577417624802557	1.096	61.8639813538391	Thermoproteota	Bathyarchaeia	Bathycorpusculum sp026014665
GCA_026014685	47.8117445758034	2700267.87794083	46.56	0.572705816406308	1.082	61.5975081412354	Thermoproteota	Bathyarchaeia	Bathycorpusculum sp026014685
GCA_026014705	52.7885913062399	2297531.2355391	47.23	0.580982241642508	1.197	61.9146191925991	Thermoproteota	Bathyarchaeia	JAOZHU01 sp026014705
GCA_026014725	47.9463912269722	2952422.66851339	44.04	0.578558006697136	1.114	62.0860618340554	Thermoproteota	Bathyarchaeia	Bathycorpusculum sp026014725
GCA_026014735	45.7132661641644	3462627.45098039	49.56	0.567381043995806	1.055	61.6213969250606	Thermoproteota	Bathyarchaeia	Bathycorpusculum sp026014735
GCA_026014745	44.5258435225125	3096817.4012593	46.73	0.565907893803876	1.005	61.7323668804736	Thermoproteota	Bathyarchaeia	Bathycorpusculum sp026014745
GCA_026014805	63.241723082539	1997569.28922664	42.78	0.601661054905104	1.394	62.7492062422626	Thermoproteota	Bathyarchaeia	JAGLZW01 sp026014805
GCA_026014815	55.1422913596639	3440627.57775053	48.78	0.594046340061826	1.355	61.4374312863739	Thermoproteota	Bathyarchaeia	RBG-16-57-9 sp026014815
GCA_026014875	51.4844689038655	2714967.99392427	56.81	0.605147884817996	1.484	63.1210439730111	Thermoproteota	Bathyarchaeia	GCA-2726865 sp026014875
GCA_026015145	45.5196607552278	1796833.82266588	34.65	0.599218923760167	1.244	60.6104006244996	Thermoproteota	Bathyarchaeia	AD8-1 sp026015145
GCA_026015185	52.8370880836091	2186492.56438157	35.66	0.605044541062237	1.344	55.2285181095123	Thermoproteota	Bathyarchaeia	JAOZGX01 sp026015185
GCA_026016245	66.0837099812693	1613814.71389646	31.87	0.6216375202353	1.576	57.4525514291265	Nanobdellota	Nanobdellia	DAOWHW01 sp026016245
GCA_026127865	42.7790160312483	1480224.02358143	47.14	0.577255098210935	1.162	57.7590369980285	Micrarchaeota	Micrarchaeia	Micrarchaeum acidiphilum
GCA_026127875	45.1151605489815	1662193.9181659	49.49	0.576396868192867	1.17	58.2362051458346	NA	NA	NA
GCA_026127925	32.716431813535	1836235.443574	41.09	0.584265593083464	1.128	60.3039418812615	Thermoplasmatota	Thermoplasmata	JAKAYB01 sp026127925
GCA_026127935	42.1918518029897	1653424.08376963	43.96	0.592609768513326	1.146	61.5250307240099	Thermoplasmatota	Thermoplasmata	GCA-001856825 sp026127935
GCA_026133965	59.7483321425916	1991804.45570689	45.28	0.611641320282537	1.594	61.6792919163901	Halobacteriota	Syntropharchaeia	G60ANME1 sp021159465
GCA_026134025	52.8478175893777	1793168.79143294	46.83	0.606499598659504	1.61	61.7248687930429	Halobacteriota	Syntropharchaeia	Syntropharchaeum sp026134025
GCA_026394315	49.1873674196406	2166986.44301471	47.23	0.593990937724945	1.251	60.5109425723521	NA	NA	NA
GCA_026394375	50.5398447393588	1802076.35493602	58.77	0.591118686013798	1.46	60.9821014638901	Thermoplasmatota	Thermoplasmata	JAJRAL01 sp026394375
GCA_026394395	50.0259959978816	1695484.27024239	57.95	0.588117591179651	1.418	61.3320338352304	Thermoplasmatota	Thermoplasmata	UBA472 sp026394395
GCA_026394495	47.271162754614	2387770.13224384	39.28	0.570993805283671	1.083	60.0115445385896	Thermoplasmatota	E2	CAIYYQ01 sp026394495
GCA_026394555	36.6636232574635	2636112.6173097	51.22	0.577699543200589	1.285	61.3572504542387	Halobacteriota	Methanosarcinia	Methanothrix sp026394555
GCA_026394605	44.216861465025	1649903.37672905	52.87	0.575343803263239	1.271	60.6745886402194	Halobacteriota	Methanomicrobia	MVRE01 sp026394605
GCA_026394715	38.250429178196	3344065.23304867	49.72	0.578982774584314	1.178	60.0347187559231	Halobacteriota	Methanomicrobia	CAIKOD01 sp026394715
GCA_026394935	60.0356396683833	1891006.04727872	41.66	0.58534683243281	1.338	59.1152518279154	Nanobdellota	Nanobdellia	CABMGU01 sp026394935
GCA_026394965	51.8396488699525	1661229.13742006	41.06	0.588374937550606	1.352	57.775608355133	Nanobdellota	Nanobdellia	JAPLZQ01 sp026394965
GCA_026396285	46.7062447306463	1361712.88310999	57.58	0.582341478039274	1.411	58.9614108720052	Micrarchaeota	Micrarchaeia	JAPLXB01 sp026396285
GCA_026396385	50.3108769100581	1149836.9011213	46.42	0.59651867342724	1.356	59.6924525203388	Micrarchaeota	Micrarchaeia	Fermentimicrarchaeum sp026396385
GCA_026396415	35.0764267474859	2197661.43327425	53.83	0.563827034388832	1.266	57.7504515364746	Micrarchaeota	Micrarchaeia	JAPLWY01 sp026396415
GCA_026396455	56.9392621805652	922596.299313395	47.81	0.600139416983523	1.419	60.0253240411266	Micrarchaeota	Micrarchaeia	Fermentimicrarchaeum sp026396455
GCA_026396995	51.3037241720066	1736223.25341583	48.32	0.588552727345238	1.453	59.171581321936	Iainarchaeota	Iainarchaeia	JAPLVS01 sp026396995
GCA_026397315	46.7494949668698	1495762.92919219	49.62	0.581516905307728	1.37	56.4498444726558	Aenigmatarchaeota	Aenigmatarchaeia	JBGPQP01 sp026397315
GCA_026397335	55.7333414790663	1720452.15389674	46.74	0.59422306415651	1.315	54.4308015739342	Aenigmatarchaeota	Aenigmatarchaeia	JAPLVB01 sp026397335
GCA_026397355	48.1165570556866	1582570.56451613	38.36	0.598193216295413	1.393	52.5147861435374	Aenigmatarchaeota	Aenigmatarchaeia	CAIKBN01 sp903825675
GCA_026413605	85.0884908138408	1519541.11520937	54.18	0.642360146913199	1.823	67.1645567244024	Thermoproteota	Methanomethylicia	JAOAKM01 sp026413605
GCA_026413755	88.4412402365692	1229473.68421053	58.63	0.64826656279028	1.848	71.7533194315877	Thermoproteota	Thermoprotei_A	DSZV01 sp026413755
GCA_026413765	63.7623665318684	1100251.44054479	45.93	0.588019951317551	1.353	58.1654063487208	Micrarchaeota	Micrarchaeia	JAOAKI01 sp026413765
GCA_026413805	57.3886702678331	1123892.48951582	48.71	0.594252308114725	1.437	56.5672209941433	Micrarchaeota	Micrarchaeia	SKW311 sp026413805
GCA_026413945	60.9778347462787	1266554.07209613	37.75	0.597706642827672	1.407	60.8089247251444	Iainarchaeota	Iainarchaeia	DTGL01 sp026413945
GCA_026414005	77.5398328497051	2151911.83574879	47.24	0.632277468130898	1.5	65.4358236368954	NA	NA	NA
GCA_026414145	73.2540802138944	1665858.3988894	44.81	0.614752050482194	1.525	65.6184978600767	Thermoproteota	Bathyarchaeia	DRVV01 sp025058315
GCA_026414225	53.0690055887375	1931754.58248472	48.4	0.601759384387615	1.341	58.5824752650854	Thermoplasmatota	Thermoplasmata	SKW197 sp026414225
GCA_026414265	38.5711167308675	1434866.14748114	32.81	0.585726757389678	1.181	59.0889237706641	Micrarchaeota	Micrarchaeia	SKW190 sp026414265
GCA_026414305	57.614955057133	1450881.72804533	33.11	0.58964074921224	1.225	56.9678730853069	Aenigmatarchaeota	Aenigmatarchaeia	JAHLMN01 sp026414305
GCA_026414385	58.2588237217936	1497679.04509284	31.22	0.616799501709695	1.452	56.8384974721547	Nanobdellota	Nanobdellia	JAOAJC01 sp026414385
GCA_026414485	58.7330158073316	1805728.10951145	42.59	0.587687436807984	1.203	62.1334363182234	Thermoproteota	Bathyarchaeia	JADGNF01 sp026414485
GCA_026419855	52.2502710240476	1947624.85898882	54.11	0.599212705933936	1.516	62.2080397278754	Halobacteriota	Methanosarcinia	Methanothrix_B sp026419855
GCA_026552955	41.3860994872437	2684174.42112097	41.11	0.587093628578198	1.256	60.1920535957958	Halobacteriota	Methanosarcinia	Methanoperedens sp026552955
GCA_026552975	42.4404768992735	2803516.69941061	40.32	0.587043312106971	1.254	60.0545719582591	Halobacteriota	Methanosarcinia	Methanoperedens sp026552975
GCA_026625165	44.0447616498278	2212024.00325468	52.03	0.577809872595038	1.268	60.6868747427738	Halobacteriota	Methanomicrobia	MVRE01 sp026625165
GCA_026626905	87.9161138111599	1377369.78884678	46.75	0.646501917498727	1.491	71.1520675830619	Thermoproteota	Thermoprotei_A	Desulfurococcus sp026626905
GCA_026706865	23.4793383160371	1080576.32769707	29.05	0.573818958634844	1.059	53.0470955749031	Thermoproteota	Nitrososphaeria	WTHC01 sp026708305
GCA_026712925	22.7217208127445	2548511.82845822	38.82	0.559577040048426	1.167	57.3903218243528	Thermoproteota	Nitrososphaeria	JAPOPJ01 sp026712925
GCA_026985525	90.7868586861966	1431040.9556314	39.12	0.637566510578614	1.834	67.9072592940643	Halobacteriota	Archaeoglobi	WAPX01 sp026985525
GCA_026986375	87.6912179368866	1476451.48234342	47.87	0.645721115785225	2.074	68.3503890714082	Halobacteriota	Archaeoglobi	WAKM01 sp026986375
GCA_026986415	84.0854538026174	1424407.54546481	54.05	0.643587128200926	1.6	72.1459283806949	Thermoproteota	Thermoprotei_A	S143-63 sp026986415
GCA_026986435	82.4885342282334	1693705.82406694	55.74	0.634867045646623	1.606	72.1708647199968	Thermoproteota	Thermoprotei_A	WAOK01 sp026986435
GCA_026986575	73.1221256763584	2184792.54771974	52.87	0.642935182933491	1.696	71.5867578398884	Korarchaeota	Korarchaeia	WALU01 sp026986575
GCA_026988525	84.3748615270851	1445833.92190495	34.79	0.635504158502665	1.738	67.6883929664933	Halobacteriota	Archaeoglobi	WAPX01 sp026988525
GCA_026989875	71.6173717640893	1499953.25646619	58.55	0.631797437922383	1.83	65.296717264629	Hydrothermarchaeota	Hydrothermarchaeia	JAADFH01 sp026989875
GCA_026992595	80.1325482093614	1273186.35088813	43.8	0.634179288101215	1.79	60.3113553304986	Micrarchaeota	Micrarchaeia	Bilamarchaeum sp026992595
GCA_026993785	80.9304352161855	1684161.4404208	44.6	0.63665759953593	1.72	65.0401837991154	Thermoplasmatota	Thermoplasmata	S014-41 sp026993785
GCA_026995555	82.0045940405189	2168257.34549139	42.56	0.645316623333625	1.654	69.2380217306333	Thermoproteota	Thermoprotei_A	JALWTO01 sp026995555
GCA_027002815	81.8916352810999	1785411.19860018	60.39	0.632596667707964	1.767	70.1424934116384	Thermoproteota	Thermoprotei	WANN01 sp027002815
GCA_027002875	79.7809575150777	2000371.18868758	42.53	0.649644749255426	1.434	69.4521163324665	Thermoproteota	Thermoprotei_A	WAON01 sp027002875
GCA_027002995	79.8478376509921	1984539.23455206	50.79	0.637125970910497	1.547	71.2542572542021	Thermoproteota	Thermoprotei_A	WAOL01 sp027002995
GCA_027006555	65.6268230045815	1716590.56669371	41.68	0.636982233581872	1.57	69.5837769236358	Korarchaeota	Korarchaeia	WALU01 sp015522685
GCA_027006785	61.5807044244042	1417421.45063372	49.53	0.599836613628937	1.524	64.3841808678552	Thermoplasmatota	Thermoplasmata	JALTFR01 sp027006785
GCA_027007025	57.7754633863284	1168322.13608958	37.47	0.612191391741315	1.455	53.3696899640377	Nanobdellota	Nanobdellia	WALP01 sp015522785
GCA_027007625	57.663813674143	1121024.37213906	52.29	0.601201836479723	1.469	62.0253431697905	B1Sed10-29	B1Sed10-29	WALL01 sp015522845
GCA_027011045	86.0448148373845	1183710.42163882	55.22	0.622411230765713	1.662	69.5041365270101	Iainarchaeota	Iainarchaeia	JALVAT01 sp027011045
GCA_027017435	77.9021345614235	1921513.17379744	43.7	0.630617678873552	1.654	62.4503340185908	Thermoproteota	Bathyarchaeia	WAQA01 sp015520475
GCA_027020205	68.7622161624726	1970986.80793601	55.98	0.634081604949738	1.813	65.4579865532842	Hydrothermarchaeota	Hydrothermarchaeia	Pyrohabitans sp015521565
GCA_027021165	74.0560958287729	1445110.47070125	60.98	0.640568043552671	1.881	64.9640419300119	Hydrothermarchaeota	Hydrothermarchaeia	JAADFH01 sp015521945
GCA_027021185	65.2152587105979	1731485.09485095	52.06	0.631537723428469	1.808	64.1442369456398	Hydrothermarchaeota	Hydrothermarchaeia	JALUUU01 sp027021185
GCA_027021555	67.6510999783208	2300177.93230392	43.68	0.61647319291527	1.645	67.2068399106286	Halobacteriota	Archaeoglobi	Geoglobus sp015522195
GCA_027022365	86.5627871619474	1897052.4825784	45.33	0.64542881166466	1.552	70.481216169097	Thermoproteota	Thermoprotei_A	JAADCY01 sp027022365
GCA_027023255	80.1263069358277	1819981.78701521	50.8	0.636236148213594	1.542	71.6695635905003	Thermoproteota	Thermoprotei_A	WAOL01 sp027023255
GCA_027023265	69.876609063308	1681889.5140665	42.03	0.616326889665941	1.515	65.6190987870534	Thermoplasmatota	Thermoplasmata	JAADDK01 sp027023265
GCA_027024255	63.5798601240259	1314665.56440703	36.72	0.633796835243841	1.659	64.9091926071414	Micrarchaeota	Micrarchaeia	JALVSQ01 sp027024255
GCA_027028145	84.9757424268749	1582614.35865375	45.22	0.63960210169711	1.939	67.7072698189513	Halobacteriota	Archaeoglobi	WAKM01 sp027028145
GCA_027028545	80.5173543311106	2083153.34530759	40.55	0.656834888488732	1.576	69.5981150589457	Thermoproteota	Thermoprotei_A	JALVIT01 sp027028545
GCA_027030065	86.2355352627241	2062857.14285714	40.44	0.650423465859727	1.509	70.7627931131066	Thermoproteota	Thermoprotei_A	JALWGO01 sp027030065
GCA_027031745	53.807422404152	3214961.86533014	55.65	0.59136094908276	1.322	62.3579338106157	Asgardarchaeota	Thorarchaeia	B65-G9 sp029855935
GCA_027031765	43.9140695103689	3084817.25146199	59.14	0.583380990786226	1.313	63.2158750228695	Asgardarchaeota	Thorarchaeia	JALVPN01 sp027031765
GCA_027036135	85.3913477446099	2264090.53582427	49.73	0.643720215267886	1.662	70.8959765779295	Thermoproteota	Thermoprotei_A	Pyrofollis sp027036135
GCA_027036775	92.5183191598626	1530568.3410046	44.87	0.648051049102314	1.99	67.8602438330795	Halobacteriota	Archaeoglobi	Archaeoglobus_B sp027036775
GCA_027037275	105	1602247.21579005	45.66	0.648299624350076	1.661	70.1919079264208	Thermoproteota	Thermoprotei	JAADER01 sp027036495
GCA_027038505	80.7556849728239	1243424.17396216	45.37	0.62454724005284	1.693	66.2625074591614	EX4484-52	EX4484-52	WAPT01 sp027038505
GCA_027043265	85.7028304885837	1676604.82155519	57.83	0.645311488118592	1.689	72.2143088517446	Thermoproteota	Thermoprotei_A	S143-63 sp015521185
GCA_027046265	82.1860151254334	2147457.97413793	45.53	0.640079762507314	1.564	71.4922146052006	Thermoproteota	Thermoprotei_A	QNYQ01 sp027046265
GCA_027046625	75.8219535851061	1075229.22163588	44.06	0.651175706365971	1.733	70.8593562275552	Iainarchaeota	Iainarchaeia	WANZ01 sp015521515
GCA_027048875	89.618270461529	2271255.42534722	38.7	0.654461478534265	1.524	70.6280242341545	Thermoproteota	Thermoprotei_A	WANQ01 sp015521735
GCA_027049195	81.197105925033	1718007.12971481	39.84	0.644934715881131	1.599	67.7997942151473	Thermoproteota	Nitrososphaeria	SZUA-1514 sp015523605
GCA_027049915	73.1034427405321	2035721.72102706	56.92	0.64102208164358	1.695	71.8034022520271	Korarchaeota	Korarchaeia	WALU01 sp015521385
GCA_027051165	82.7995047117897	2511730.26107177	36.84	0.643555654861654	1.919	66.9497958356313	Hydrothermarchaeota	Hydrothermarchaeia	JALTZZ01 sp027051165
GCA_027051235	73.4971586083383	2104284.39425051	51.91	0.63036489471556	1.782	65.129341344233	Hydrothermarchaeota	Hydrothermarchaeia	Pyrohabitans sp015521615
GCA_027051265	86.7982856234757	1671107.80839145	30.16	0.652418815255108	1.831	68.0607615502602	Hydrothermarchaeota	Hydrothermarchaeia	JALUTC01 sp027051265
GCA_027051615	88.2944884263239	1416146.55040538	35.03	0.642942038746484	1.712	60.8568987800796	Aenigmatarchaeota	Aenigmatarchaeia	SZUA-1535 sp015521535
GCA_027061785	73.4629830767767	2010145.15944679	55.05	0.64274062304396	1.7	71.7293280059135	Korarchaeota	Korarchaeia	WALU01 sp027061785
GCA_027064225	59.3869855773814	1150269.00218955	36.29	0.605378025499093	1.404	60.9058003964192	Nanobdellota	Nanobdellia	WAPY01 sp027064225
GCA_027064425	104.407920664862	1582362.30990547	67.83	0.657916828941105	2.423	73.4120020039186	Methanobacteriota	Methanopyri	Methanopyrus sp027064425
GCA_027064525	83.6992537518076	1891091	43.49	0.636553436704222	1.871	68.0385356758129	Halobacteriota	Archaeoglobi	WAKM01 sp027064525
GCA_027065205	79.3059828631066	1590118.35026898	62.18	0.640585484895816	1.726	71.0216923037382	Thermoplasmatota	Thermoplasmata	B87-G9 sp003649695
GCA_027072335	85.1692071617259	1885033.28156201	47.99	0.638835658811129	1.539	69.1833767093006	Thermoproteota	Thermoprotei_A	Thermodiscus sp015523485
GCA_027074975	73.7605061198532	1725865.87092859	44.72	0.621202606018809	1.576	64.6675400626758	Thermoplasmatota	Thermoplasmata	JAADDK01 sp015523125
GCA_027078545	84.8832911852308	1439877.15841928	52.07	0.653155102372654	1.749	69.6257436719427	Thermoproteota	Nitrososphaeria	SZUA-1514 sp027078545
GCA_027078975	80.4454992527112	2494524.27394885	45.68	0.640200641691897	1.535	71.0849004269942	Thermoproteota	Thermoprotei_A	WAQN01 sp015520195
GCA_027081285	86.8133137273992	1629548.46544491	46.25	0.629018397333004	1.803	67.8669731155745	Halobacteriota	Archaeoglobi	WAPX01 sp027038095
GCA_027081535	79.6264936502643	2184720.17973856	48.82	0.641395494512785	1.76	69.3385909949263	Methanobacteriota_B	Thermococci	Thermococcus sp015520705
GCA_027081755	94.4616246355066	1514335.70198105	43.87	0.646210095145303	1.752	71.8854045705738	Thermoproteota	Thermoprotei_A	Ignicoccus sp027081755
GCA_027083045	88.5523116294011	1471422.55449089	44.24	0.646122697005597	1.568	70.9923110064212	Thermoproteota	Thermoprotei_A	JAADCY01 sp027083045
GCA_027083135	74.5738019707413	1848940.01904157	50.64	0.641980366451291	1.651	70.7788131068279	Thermoproteota	Thermoprotei_A	JALWQH01 sp027083135
GCA_027306485	35.8086580691319	2046602.49032123	52.77	0.576407826590695	1.135	58.7950517406105	Thermoplasmatota	Thermoplasmata	JAJZXY01 sp021817225
GCA_027306645	49.8581089061816	2243105.51931242	69.89	0.603113443855632	1.428	64.9537095920857	Thermoplasmatota	Thermoplasmata	UBA184 sp021817245
GCA_027309935	47.098621599961	1315526.89432801	47.98	0.573830950724508	1.15	58.4058842002538	Micrarchaeota	Micrarchaeia	JAMCYB01 sp021797575
GCA_027310085	46.1487140959642	1520164.37490122	47.56	0.569955499525534	1.1	57.793115740479	Micrarchaeota	Micrarchaeia	JAJZYD01 sp027310825
GCA_027310185	36.8810010720645	2116938.68349865	39.5	0.585416527405662	1.157	59.3959140204763	Thermoplasmatota	Thermoplasmata	Cuniculiplasma sp021816385
GCA_027310575	41.7271681613046	1975881.61524956	62.58	0.58508009095609	1.242	64.6978422352161	Thermoproteota	Nitrososphaeria	UBA183 sp027310575
GCA_027310755	44.2724942486405	1340803.3924441	48.63	0.57727652138639	1.134	57.8216210467434	Micrarchaeota	Micrarchaeia	JAJZYD01 sp027310755
GCA_027310855	48.3911574668373	2284330.50760903	68.22	0.599009449106395	1.39	64.8772861516051	Thermoplasmatota	Thermoplasmata	UBA184 sp027309555
GCA_027312765	44.9241409100279	1701023.10813195	40.41	0.583545697656127	1.133	58.1814576784499	Nanobdellota	Nanobdellia	Parvarchaeum sp021802505
GCA_027315065	34.9945083901815	2015630.07658389	38.49	0.570746350958195	1.087	59.4663735119998	Thermoproteota	Nitrososphaeria	Nitrosotalea sp027315065
GCA_027315165	41.8128018181758	2084229.94379152	71.9	0.594441847758109	1.26	65.2792894621543	Thermoplasmatota	Thermoplasmata	UBA184 sp027315165
GCA_027315455	46.8313465556396	2162457.90509512	72.06	0.594345188076431	1.339	65.6871712497403	Thermoplasmatota	Thermoplasmata	UBA184 sp027315455
GCA_027315645	58.6896409162638	1626904.45859873	70.05	0.606660670006412	1.389	64.4707200332865	Thermoplasmatota	Thermoplasmata	UBA184 sp021791335
GCA_027315755	56.4486435007799	1949425.13803183	72.13	0.599420231104448	1.47	65.2098216618727	Thermoplasmatota	Thermoplasmata	UBA184 sp021801925
GCA_027315805	54.5655001503753	1934039.67918953	71.62	0.601858093638385	1.453	64.626014189807	Thermoplasmatota	Thermoplasmata	UBA184 sp021828715
GCA_027316645	35.195919643266	2022105.50045086	38.03	0.585622457312965	1.137	59.3962560189002	Thermoplasmatota	Thermoplasmata	Cuniculiplasma sp027316895
GCA_027318085	39.2063744099098	3067510.72449952	60.38	0.58565433351328	1.253	63.7534165532405	Thermoproteota	Nitrososphaeria	UBA183 sp021819035
GCA_027318105	40.560696886924	1343266.10475617	48.09	0.574268601011317	1.12	58.3692530677483	Micrarchaeota	Micrarchaeia	Micrarchaeum_A sp021827665
GCA_027318145	58.1605873260579	1264391.130498	41.29	0.587376324705179	1.146	57.3343879428032	Nanobdellota	Nanobdellia	Acidifodinimicrobium mancum
GCA_027318585	53.7355579741564	1898422.28798857	43.98	0.594216266073463	1.294	61.4993071692725	Methanobacteriota	Methanobacteria	Methanobacterium sp027318585
GCA_027319905	44.17986835706	1384220.06472492	52.88	0.577232379644941	1.151	60.503791421908	Micrarchaeota	Micrarchaeia	JAJYVH01 sp021823435
GCA_027320125	48.4450356517792	1858084.42710181	40.72	0.574821556487925	1.073	57.7688699722807	Nanobdellota	Nanobdellia	JAKBJF01 sp021807125
GCA_027320165	35.7902672607292	1867676.41270734	55.24	0.562813057379287	1.042	58.1879080099995	Micrarchaeota	Micrarchaeia	JAJZYD01 sp021807115
GCA_027320365	44.1473230267249	1133088.36871711	54.45	0.576029804354771	1.184	60.3621702476228	Micrarchaeota	Micrarchaeia	JAJYVH01 sp023476545
GCA_027320705	36.5571925170346	1844319.25374699	40.99	0.586286675780839	1.167	60.4095418365359	Thermoplasmatota	Thermoplasmata	JAKAYB01 sp021826925
GCA_027321695	39.0048464828386	1304240.41417246	45.48	0.580216755691824	1.142	57.6595144445323	Micrarchaeota	Micrarchaeia	JAJYXL01 sp021816885
GCA_027321905	41.6105480947773	1613965.92946802	51.05	0.572603410757294	1.098	57.6320208611078	Micrarchaeota	Micrarchaeia	JAKAVK01 sp021817325
GCA_027321925	48.3516281790484	1229589.70792768	43.8	0.580035392151719	1.103	57.7658297667551	Nanobdellota	Nanobdellia	JAMCRB01 sp021810345
GCA_027323125	31.9251096875777	1564722.17530822	33.41	0.572130448486197	0.998	56.9488184500651	Micrarchaeota	Micrarchaeia	JAJZDT01 sp021828705
GCA_027327065	38.289520727032	1189957.88791707	46.37	0.584161649241752	1.158	57.1012812236411	Micrarchaeota	Micrarchaeia	JAJYXL01 sp021801785
GCA_027327145	41.0316971292224	1526122.09394275	48.13	0.576571682898366	1.127	58.1734062655042	Micrarchaeota	Micrarchaeia	JAKAVK01 sp021810375
GCA_027328445	43.6478868600268	1433190.65420561	48	0.578190333574764	1.169	58.1450810303019	Nanobdellota	Nanobdellia	JAKATQ01 sp021818665
GCA_027329505	37.4582415013466	1533632.65922125	50.01	0.574045051892408	1.14	58.0043877662422	Micrarchaeota	Micrarchaeia	JAJZYD01 sp021785805
GCA_027330885	36.9367474697596	1825363.82311601	37.98	0.58105990812961	1.093	59.9295306445592	Thermoplasmatota	Thermoplasmata	GCA-000496135 sp021818675
GCA_027331235	39.23669992559	1469189.71688903	48.48	0.580969212630026	1.109	60.5611128487789	Thermoplasmatota	Thermoplasmata	JACWAH01 sp021818715
GCA_027331275	38.1221146850555	1539157.88317962	48.72	0.583650194669063	1.125	60.6707740116522	Thermoplasmatota	Thermoplasmata	JAMDBT01 sp021792595
GCA_027332165	39.4799570990591	1993402.30664858	46.01	0.582020448472174	1.113	60.5092197756371	Thermoplasmatota	Thermoplasmata	JAJZOM01 sp021850545
GCA_027332925	36.1170931220186	1325045.19950125	42.73	0.570576317875704	1.145	56.136699702657	Micrarchaeota	Micrarchaeia	JAMCYW01 sp021792395
GCA_027333445	43.1788713060303	1350075.08294046	41.37	0.57771696049386	1.097	57.0135938657541	Micrarchaeota	Micrarchaeia	JAJZAB01 sp021801905
GCA_027334535	38.1783121495501	1354543.9686172	44.3	0.561274225600467	1.06	57.7545110051291	Micrarchaeota	Micrarchaeia	JAJYJW01 sp021789155
GCA_027334635	48.851435834878	1140285.12335648	47.62	0.577190045753822	1.122	57.6624953885801	Micrarchaeota	Micrarchaeia	JAJZAB01 sp021789815
GCA_027335715	48.5457365153162	1421391.78727701	44.34	0.574888985139998	1.161	57.5528403584655	Micrarchaeota	Micrarchaeia	JAJZZD01 sp021797745
GCA_027337625	48.843312770471	1287394.56576096	48.72	0.572685280138397	1.143	58.3637361252772	Micrarchaeota	Micrarchaeia	JAMCYB01 sp021827525
GCA_027338625	45.26974185965	1359717.90540541	44.07	0.572037044592224	1.023	57.7387657857758	Nanobdellota	Nanobdellia	Parvarchaeum sp021794235
GCA_027338815	44.8648132422812	1580592.16965742	41.37	0.585960638455989	1.147	58.0338545454826	Micrarchaeota	Micrarchaeia	JAJZIZ01 sp021804095
GCA_027339405	48.613027686802	1622739.27958834	35.51	0.589464619443732	1.164	57.8428867271417	Nanobdellota	Nanobdellia	Parvarchaeum sp023378805
GCA_027339545	41.2816369247508	1406965.55421525	48.24	0.5714525295227	1.116	57.6564443310842	Micrarchaeota	Micrarchaeia	JAJZNA01 sp021792235
GCA_027342585	46.8555678484654	1459063.03528606	46.13	0.575665118370395	1.155	56.3543661699407	Micrarchaeota	Micrarchaeia	JAKAUU01 sp021817505
GCA_027342765	44.7858084454472	1447933.74877009	49.99	0.574071864813796	1.156	57.6065520581602	Micrarchaeota	Micrarchaeia	JAJZYD01 sp021790455
GCA_027343005	45.5450851215532	1468517.49539595	56.35	0.578656173259564	1.236	60.5358560508267	Micrarchaeota	Micrarchaeia	JAJYVH01 sp021792095
GCA_027343445	42.8639909882104	1510446.19033501	45.11	0.571603495663337	1.077	58.3658090719352	Micrarchaeota	Micrarchaeia	Micrarchaeum_A sp021797495
GCA_027343605	37.4423673949298	1647634.02889246	44	0.564790247879756	0.992	56.0903879385519	Micrarchaeota	Micrarchaeia	JAJZOD01 sp021852055
GCA_027343905	48.0457354343139	1781788.48789402	39.8	0.588954639399543	1.183	60.6492782229169	Thermoplasmatota	Thermoplasmata	Cuniculiplasma sp021820525
GCA_027344325	42.9334921990337	2051132.1940186	36.66	0.584658457049687	1.158	59.0031966700981	Thermoplasmatota	Thermoplasmata	Ferroplasma sp021802205
GCA_027346295	41.8423203537902	1763076.6721044	47.86	0.582275869636783	1.148	61.5246308346567	Thermoplasmatota	Thermoplasmata	JACWAH01 sp021795055
GCA_027346825	41.0445054411467	2125220.99447514	51.22	0.59060603119377	1.356	52.429300264194	Micrarchaeota	Micrarchaeia	JAKAKT01 sp021813385
GCA_027347435	37.4767411036164	2830816.67231447	43.38	0.55870686398502	1.098	57.1754905945952	Nanobdellota	Nanobdellia	UBA9642 sp021813435
GCA_027347625	42.917015563393	1624728.60688464	47.89	0.57997586303294	1.104	59.9333285844017	Thermoplasmatota	Thermoplasmata	JAKAFX01 sp021817735
GCA_027349105	32.8508645399102	1517004.7719454	41.56	0.57447762248495	1.061	60.5522969492969	Thermoplasmatota	Thermoplasmata	Cuniculiplasma sp021816745
GCA_027351665	47.928652719411	1848239.92133727	35.42	0.568429160900179	1.023	52.6063214919192	Micrarchaeota	Micrarchaeia	JAJZMY01 sp021800515
GCA_027353805	39.8550009292219	1442685.58231607	29.07	0.583328248746141	1.13	54.7962553100607	Micrarchaeota	Micrarchaeia	Mancarchaeum sp021821445
GCA_027357825	42.896579281715	1363712.6952219	35.34	0.583585723385713	1.134	55.0601736500435	Micrarchaeota	Micrarchaeia	Mancarchaeum sp021798935
GCA_027362985	40.9003606231707	1533162.58351893	46.81	0.57202106841393	1.097	57.7721588142608	Micrarchaeota	Micrarchaeia	JAJZNA01 sp027449585
GCA_027363075	37.8354312110933	1315012.20738188	42.44	0.572520171379105	1.081	57.3480101322393	Micrarchaeota	Micrarchaeia	JAJZNA01 sp021803425
GCA_027363285	44.928829020303	1491133.1974176	43.19	0.576114216530264	1.189	56.193234337495	Micrarchaeota	Micrarchaeia	JAJYWY01 sp021791245
GCA_027363615	46.1538130790462	1516880.55130168	48.36	0.57605319355465	1.214	56.649965070183	Micrarchaeota	Micrarchaeia	JAJYVZ01 sp021791725
GCA_027363995	44.3194630954137	1309779.86286539	53.74	0.576598977759359	1.165	60.0855801558925	Micrarchaeota	Micrarchaeia	JAJYVH01 sp021818925
GCA_027364595	38.2006439229003	1457120.87255341	50.94	0.570170593798974	1.091	58.2566837305435	Micrarchaeota	Micrarchaeia	JAKAVK01 sp027334165
GCA_027365105	56.6094163588669	1998760.63713725	68.53	0.604799109515316	1.379	63.9038020847722	Thermoplasmatota	Thermoplasmata	UBA184 sp027365105
GCA_027365615	36.8097464774974	2295583.35107515	32.75	0.584534524928519	1.094	59.0616243045209	Thermoplasmatota	Thermoplasmata	Ferroplasma sp021797735
GCA_027368495	44.5870728141054	1942970.59147483	33.26	0.587218040669512	1.154	58.4620045891419	Thermoplasmatota	Thermoplasmata	JAJZXB01 sp021846395
GCA_027369475	43.0034684421823	2463550.66079295	35	0.578341499394131	1.097	58.364196681719	Nanobdellota	Nanobdellia	Parvarchaeum acidophilus
GCA_027370075	48.3749886298123	1527389.30796983	36.7	0.584614463264098	1.11	58.3113762492348	Nanobdellota	Nanobdellia	Parvarchaeum sp021799085
GCA_027370735	51.2308859353146	1506212.60683761	39.86	0.580012954345865	1.084	57.4106644440703	Nanobdellota	Nanobdellia	JAJYZA01 sp021852265
GCA_027371175	45.1574736250252	1179200.64958499	43.12	0.584021841384106	1.162	57.7771289648714	Nanobdellota	Nanobdellia	JAMCRB01 sp023380435
GCA_027373115	34.1089227387372	2045717.35164717	41.93	0.582943195264025	1.157	59.4143112435689	Thermoplasmatota	Thermoplasmata	JAJZOT01 sp021820245
GCA_027375835	36.2453909221003	2374621.32069232	32.64	0.584756604934008	1.087	58.4943357767743	Thermoplasmatota	Thermoplasmata	Ferroplasma sp021806235
GCA_027375975	38.5084535060084	2141177.90759426	30.17	0.585219226243738	1.097	58.5518833182227	Thermoplasmatota	Thermoplasmata	Ferroplasma sp021797555
GCA_027376535	40.0650131389703	2941189.14352096	69.09	0.589194977638967	1.131	63.6830706458945	Thermoplasmatota	Thermoplasmata	JAKAAX01 sp021802125
GCA_027377515	55.9010063486821	1831027.97060025	70.17	0.603816823980525	1.476	64.7769305369371	Thermoplasmatota	Thermoplasmata	UBA184 sp021821785
GCA_027378185	53.246073080606	1740798.14678319	67.27	0.599139401751526	1.429	63.9816947590741	Thermoplasmatota	Thermoplasmata	UBA184 sp021828195
GCA_027378535	55.2095726671647	1912355.46497908	68.57	0.612411024551556	1.39	63.5378030247154	Thermoplasmatota	Thermoplasmata	JAJZYH01 sp021798195
GCA_027378805	52.8870578607488	1997769.04537357	69.81	0.617644793027044	1.346	65.2239105556624	Thermoplasmatota	Thermoplasmata	JAKATE01 sp021827405
GCA_027381115	36.5083311567776	2003501.17752607	45.16	0.581237897903369	1.1	60.3525098652892	Thermoplasmatota	Thermoplasmata	JAJZOM01 sp023489435
GCA_027381315	38.2930333611587	2199862.65464458	45.03	0.58065893797924	1.095	60.4152029297278	Thermoplasmatota	Thermoplasmata	JAJZOM01 sp021817455
GCA_027385845	36.7925367586619	2403522.76503822	51.49	0.583268133673857	1.113	64.7293894854404	Thermoproteota	Thermoprotei_A	JAKAWJ01 sp021800035
GCA_027387075	33.0250775749384	2815192.90703923	61.67	0.578089486079829	0.979	63.3374421110972	Thermoplasmatota	Thermoplasmata	JAJYEA01 sp021832495
GCA_027387225	31.971107706257	2258693.76979937	64.18	0.581020655075211	0.984	62.5499270781375	Thermoplasmatota	Thermoplasmata	JAJYEA01 sp021809545
GCA_027459185	31.7180099372068	3234072.33757535	61.71	0.577310726932289	0.967	63.1946795215592	Thermoplasmatota	Thermoplasmata	JAJYEA01 sp021796385
GCA_027460465	48.4719276635493	3040716.47793417	44.64	0.593334320877035	1.392	60.9975035738987	Halobacteriota	Methanosarcinia	Methanoperedens sp027460465
GCA_027460495	45.2232682435697	3069553.52452989	43.75	0.589646388027238	1.281	60.2616718182961	Halobacteriota	Methanosarcinia	Methanoperedens sp027460535
GCA_027460525	45.6085763486366	2553225.87397949	44.17	0.591760481232007	1.315	60.291248415771	Halobacteriota	Methanosarcinia	Methanoperedens sp027460525
GCA_027491415	73.4618111012676	2170260.43568212	63.32	0.637704859216234	1.747	71.7070968744727	Korarchaeota	Korarchaeia	DRBY01 sp027491415
GCA_027491435	81.3904079027177	1875292.63831733	51.81	0.64856339023874	1.718	71.4519901044215	Korarchaeota	Korarchaeia	JAOZFG01 sp027491435
GCA_027491455	65.9868593875225	2375222.97808012	39.55	0.639258002536083	1.573	59.441636019075	Korarchaeota	JAOZGF01	JAOZFL01 sp027491455
GCA_027491915	65.0067603474738	1370017.17791411	65.48	0.640218558415019	1.797	72.4412521140466	Korarchaeota	Korarchaeia	JAOZGC01 sp027491915
GCA_027492035	67.5292972914735	2039734.68719292	36.58	0.638409022654192	1.5	60.2140382035443	Korarchaeota	JAOZGF01	JAOZFT01 sp027492035
GCA_027492155	66.9554330893844	2185884.9052295	45.17	0.641016378308457	1.655	70.7420649001053	Korarchaeota	Korarchaeia	WALU01 sp027491785
GCA_027492195	71.3169169331617	2126337.35778964	44.76	0.64320204205955	1.632	71.1095995912247	Korarchaeota	Korarchaeia	WALU01 sp027491485
GCA_027492205	72.4853168457023	2358930.26652063	63.33	0.640980045554881	1.802	71.6002747699182	Korarchaeota	Korarchaeia	DRBY01 sp027492205
GCA_027619455	25.5874674766571	1237940.45220506	32.59	0.578015037770513	1.225	57.125173414337	Thermoproteota	Nitrososphaeria	Nitrosopelagicus sp001510295
GCA_027619555	20.5300390666856	2466456.25692137	41.59	0.54562086758618	1.015	58.3134897378341	Thermoplasmatota	Poseidoniia	MGIIa-L1 sp002499015
GCA_027623535	33.9738754062043	1527935.97492724	32.75	0.578818186945083	1.236	57.5206254092814	Thermoproteota	Nitrososphaeria	Nitrosopumilus sp001510275
GCA_027858315	42.6956566177929	3302245.4308094	27.56	0.581049337519182	1.229	54.3990381025707	Nanobdellota	Nanobdellia	UBA583 sp027858315
GCA_027886975	39.6736954220605	2623953.2208589	55.82	0.584376990376348	1.147	62.9732680988492	Thermoproteota	Nitrososphaeria	UBA183 sp027886975
GCA_027887005	36.7346269957162	1985956.94667821	58.51	0.585017235479213	1.163	63.569613971566	Thermoproteota	Nitrososphaeria	UBA183 sp027887005
GCA_028063715	44.7317026262327	2555760.59564719	43.83	0.594145993796114	1.189	61.3020210303066	Thermoplasmatota	Thermoplasmata	GCA-001856825 sp021827945
GCA_028275105	37.7858560093621	2909307.53089298	67.37	0.561101694550988	1.681	62.8546850528386	Halobacteriota	Halobacteria	Halorubrum sp028275105
GCA_028275385	64.7670037108776	1305606.86462685	60.95	0.629579869732096	1.868	68.8860940299611	Thermoproteota	Bathyarchaeia	CALIRQ01 sp028275385
GCA_028275465	77.8516981004074	1286187.14473109	65.96	0.668766547223919	1.987	67.5108555845038	Hadarchaeota	Hadarchaeia	WYZ-LMO6 sp004347925
GCA_028275705	84.3883071466269	1574138.85323064	42.51	0.648174241932643	1.46	70.6853458411206	Thermoproteota	Thermoprotei_A	UBA285 sp028275705
GCA_028275765	85.5148199321094	1959074.44444444	62.06	0.644455319189768	1.74	70.0865942467003	Thermoproteota	Thermoprotei	Thermofilum_C sp020833575
GCA_028275825	85.6474296604125	1934751.01517418	39.72	0.628228449622964	1.446	70.7490626459074	Thermoproteota	Thermoprotei_A	Ignisphaera sp028275825
GCA_028275925	85.9479957728586	2310140.10923771	65.17	0.644030358250552	1.98	73.773653529639	Thermoproteota	Thermoprotei	JANXEW01 sp028275925
GCA_028275985	83.5148436447185	1541524.03282532	50.22	0.642866136885108	1.468	70.9278399158504	Thermoproteota	Thermoprotei_A	Thermogladius sp009904025
GCA_028276745	80.1356742690118	2525871.02358797	45.77	0.628083319329793	1.326	66.5440325301105	Thermoproteota	Thermoprotei	Vulcanisaeta sp001516765
GCA_028276845	87.7766762308998	1908315.47801245	48.56	0.63745408119592	1.431	68.2678582592931	Thermoproteota	Thermoprotei	Vulcanisaeta sp022014875
GCA_028276855	90.3830012709387	1029291.07142857	25.57	0.640147242177759	1.348	65.2392205737857	Nanobdellota	Nanobdellia	Nanobdella stetteri_A
GCA_028279045	47.8836997022155	1532550.14326648	43.39	0.569250750459189	1.261	59.5574612863045	Nanobdellota	Nanobdellia	JANQSZ01 sp028279045
GCA_028279545	29.7793433043641	2166716.60283848	33.25	0.574257265935201	1.154	57.4062693103987	Thermoproteota	Nitrososphaeria	Nitrosomaritimum sp028279545
GCA_028279625	35.7937491463583	1821903.40203626	33.71	0.576429492088992	1.249	57.4992026316206	Thermoproteota	Nitrososphaeria	Nitrosopumilus sp028279625
GCA_028279685	51.0856706637549	2850224.82014388	35.78	0.581247753475072	1.353	55.9613882838353	Nanobdellota	Nanobdellia	JANQNG01 sp028279685
GCA_028279705	45.4776509365634	2423006.51923814	46.75	0.574874530358551	1.313	56.5508139659019	Aenigmatarchaeota	Aenigmatarchaeia	JAFGFG01 sp028279705
GCA_028279725	56.6342732801832	1781682.93293293	36.81	0.588864105241858	1.431	54.6635892297974	Nanobdellota	Nanobdellia	JANQNQ01 sp028279725
GCA_028279745	52.6939951063625	1806928.63093585	35.63	0.589758154533052	1.388	55.2326178279782	Nanobdellota	Nanobdellia	JANQNC01 sp028279745
GCA_028279755	53.6648157105554	2161620.67963985	54.61	0.572257512017904	1.327	61.7487888771206	Nanobdellota	Nanobdellia	UBA153 sp028279755
GCA_028279765	44.7961317083204	1906516.16994293	41.43	0.572252149022785	1.197	54.9597713740552	Nanobdellota	Nanobdellia	JANQND01 sp028279765
GCA_028279805	43.1699188271048	1106229.15613946	33.74	0.591996196152723	1.339	58.768758394824	Iainarchaeota	Iainarchaeia	JANQMZ01 sp028279805
GCA_028279825	49.9490121378299	1476886.60727767	41.74	0.584590294836138	1.325	54.1575403790902	Aenigmatarchaeota	Aenigmatarchaeia	GW2011-AR5 sp028279825
GCA_028343855	31.6819582225558	1409827.88900597	30.95	0.576340920874379	1.208	56.2689264749817	Thermoproteota	Nitrososphaeria	Nitrosopumilus sp028343855
GCA_028345295	28.1082290071857	1311414.07968712	32.89	0.575090133782325	1.191	57.4412552477459	Thermoproteota	Nitrososphaeria	Nitrosopelagicus sp028345295
GCA_028571765	41.2846301890831	2080195.08487459	51.35	0.578962423729157	1.377	62.0864993954587	Halobacteriota	Methanosarcinia	Methanogaster_A sp030606635
GCA_028678665	49.563440941558	1930358.21559684	63.9	0.593482782528311	1.41	61.7067302728264	Halobacteriota	Methanomicrobia	JAJRCY01 sp028678665
GCA_028679075	41.5397361366913	2743333.69875027	55.36	0.572739941958064	1.194	60.1835967469149	Halobacteriota	Methanomicrobia	Methanoregula sp028679075
GCA_028679185	41.8235118781145	2161903.82829429	47.34	0.578930665770351	1.231	59.9437397281036	Halobacteriota	Methanomicrobia	Methanoregula sp028679185
GCA_028679215	46.0843970196037	1876223.89666308	56.19	0.586680358801981	1.345	60.5276663053834	NA	NA	NA
GCA_028682895	44.7345601980255	1977608.72155368	56.59	0.577910276182265	1.366	61.0438545175477	Thermoplasmatota	Thermoplasmata	UBA472 sp028682895
GCA_028682915	50.3173495565883	2023786.74857394	59.55	0.589566070243218	1.436	60.8452770252461	Thermoplasmatota	Thermoplasmata	JAJRAN01 sp028682915
GCA_028690255	43.4151238277254	3328475.83643123	46.56	0.599945635087883	1.418	60.9099754302857	Halobacteriota	Methanosarcinia	JAQVBP01 sp028690255
GCA_028691435	36.6487915229582	1587420.87777584	25.81	0.58182421559964	1.154	55.5078437540114	Iainarchaeota	Iainarchaeia	JABIDZ01 sp028691435
GCA_028691765	41.6947942037395	2014776.03686636	30.88	0.580321436893449	1.212	53.2123133814697	Nanobdellota	Nanobdellia	JAQUYS01 sp028691765
GCA_028692935	47.0991181046938	2966040.37430344	40.35	0.595833413127607	1.33	60.052128977451	NA	NA	NA
GCA_028697115	53.0847250069075	2305853.33604557	56.82	0.603114315916875	1.595	61.8370704204036	NA	NA	NA
GCA_028697775	53.3602076029463	1957807.0358035	36.61	0.589201891817829	1.272	61.1625033884061	NA	NA	NA
GCA_028706745	48.5203490298466	2108371.14105407	41.42	0.587904649475269	1.481	59.5173065954304	Nanobdellota	Nanobdellia	UBA9640 sp028706745
GCA_028706905	52.8660977756613	1266694.50941085	41.9	0.602636493463693	1.459	57.7216907906002	NA	NA	NA
GCA_028713495	46.099468083787	1363576.4075067	53.44	0.577683353045142	1.397	57.4672679473219	Micrarchaeota	Micrarchaeia	Bilamarchaeum sp028713495
GCA_028713535	55.7364152928155	1573836.99963938	34.72	0.605929364018732	1.417	58.3399321792721	Nanobdellota	Nanobdellia	JAQTMY01 sp028713535
GCA_028713935	40.1237471012439	1560910.59182118	39.67	0.58771345272803	1.368	55.0181674750574	Iainarchaeota	Iainarchaeia	JAGVNX01 sp028713935
GCA_028714095	57.2510271509212	1508645.92540216	32.75	0.609871882864333	1.439	57.5375657999867	Nanobdellota	Nanobdellia	JAQTMY01 sp028714095
GCA_028714235	43.8074299223035	1197504.32276657	62.22	0.582820756340551	1.506	61.3702390877284	Micrarchaeota	Micrarchaeia	JAQTMQ01 sp028714235
GCA_028714375	55.4712020601375	1444794.15670651	32.04	0.608052620228596	1.42	58.6025542851605	Nanobdellota	Nanobdellia	JAQTMY01 sp028714375
GCA_028714535	38.8275075077132	1447212.09820299	58.74	0.572618778230677	1.334	58.2719292555404	Micrarchaeota	Micrarchaeia	Bilamarchaeum sp028714535
GCA_028714745	46.4884274695537	1975291.28440367	35.42	0.594749469516962	1.346	53.7192405112193	Nanobdellota	Nanobdellia	RBG-13-33-26 sp028711165
GCA_028715295	55.2225208117024	1518185.90119117	33.5	0.603705393019265	1.452	58.1917168473315	Nanobdellota	Nanobdellia	JAQUSD01 sp028715295
GCA_028715885	45.7394023446171	2177656.23375273	44.16	0.594525757212293	1.37	60.4783154302696	Halobacteriota	Methanosarcinia	Methanoperedens sp028715885
GCA_028715985	49.0527058474468	1536762.66339869	43.25	0.599779446856423	1.413	57.7877917040601	Halobacteriota	UBA148	UBA148 sp028715985
GCA_028716945	62.8060962529583	1684065.38139145	27.47	0.606270069770926	1.358	51.6051487028	Nanobdellota	Nanobdellia	JAQUOT01 sp028716945
GCA_028717345	43.3797743156361	2640813.42198213	43.35	0.587816324898003	1.308	60.2958534309731	Halobacteriota	Methanosarcinia	Methanoperedens sp028717345
GCA_028718165	48.9090142518659	2135642.04423449	54.83	0.588976320649158	1.371	60.7579274949563	NA	NA	NA
GCA_028725325	49.1729083858418	1492900.9762901	47.92	0.570859286607515	1.411	58.6299204749752	NA	NA	NA
GCA_028817155	20.1773501461584	1644053.90478294	67.15	0.566626189878011	1.511	62.5520507433232	Thermoproteota	Nitrososphaeria	JAHRAL01 sp003724275
GCA_028819115	29.8948147645574	2186144.23622942	60.32	0.562664265550472	1.369	59.6323709579262	Thermoproteota	Nitrososphaeria	Nitrosopumilus sp028820595
GCA_028821675	26.4537919143264	2173447.25511302	50.1	0.551284895427281	1.12	58.9291255034335	Thermoplasmatota	Poseidoniia	MGIIb-P sp028821675
GCA_028821815	28.2383308132218	2401701.50562783	48.29	0.552452047456777	1.132	59.1597728577513	Thermoplasmatota	Poseidoniia	MGIIb-P sp028821815
GCA_028822845	19.7823952758678	2362826.38119847	51.76	0.543553770934346	1.073	58.3307509307473	Thermoplasmatota	Poseidoniia	MGIIa-L1 sp028822845
GCA_028866575	29.3391254524514	1876554.0765391	49	0.567031056053288	1.006	55.7891650107116	Micrarchaeota	Micrarchaeia	UBA12276 sp028866575
GCA_028866635	32.7335036053257	2155475.62648049	37.63	0.566610151074992	1.075	58.8363809942616	NA	NA	NA
GCA_028866655	33.8460301428484	1653038.43027981	37.02	0.566353161907969	1.074	59.1821752812037	Thermoproteota	Nitrososphaeria	Nitrosotalea sp028866655
GCA_028866715	42.9167392285565	1414190.69093252	50.7	0.568403360086248	1.122	56.9484402555288	Micrarchaeota	Micrarchaeia	JAGWHO01 sp028866715
GCA_028866735	46.4045576851279	1457548.3413163	54.99	0.579004333310785	1.199	59.8236573431856	Micrarchaeota	Micrarchaeia	JAJYVH01 sp021828295
GCA_028866775	44.6236186107472	1513017.29660474	52.33	0.578580679118794	1.1	58.965934598382	Micrarchaeota	Micrarchaeia	JAJYUY01 sp028866775
GCA_028866895	36.1910257320167	2452172.49619813	48.38	0.568619368567104	1.099	59.3530151779297	Thermoproteota	Nitrososphaeria	Nitrosotalea sp028866895
GCA_028866905	41.7207378436376	1209987.70323815	55.57	0.570916279882125	1.11	58.5178736707926	Micrarchaeota	Micrarchaeia	JAGWHI01 sp028866905
GCA_028866945	38.2806143836154	1696041.91696703	63.53	0.584324217201744	1.25	64.179888838591	Thermoproteota	Nitrososphaeria	UBA183 sp028866945
GCA_028866995	40.2077781686684	1365687.13450292	53.15	0.572155949956357	1.121	56.2339980152114	Micrarchaeota	Micrarchaeia	JAGWGW01 sp028866995
GCA_028867025	46.5715412808748	1259845.36879542	53.24	0.576951121597929	1.139	60.5606189430064	Micrarchaeota	Micrarchaeia	JAJYVH01 sp028867025
GCA_028867135	38.6080830103136	1405535.0877193	51.04	0.575795745991092	1.164	56.2811886538631	Micrarchaeota	Micrarchaeia	JAGWGW01 sp028867135
GCA_028867275	34.0431789147773	1831053.14217958	37.87	0.56994696356847	1.092	59.6579636270218	Thermoproteota	Nitrososphaeria	Nitrosotalea sp028867275
GCA_028867375	35.2658558106057	3758641.24819178	67.37	0.583192898407778	1.066	64.5966679859953	Thermoplasmatota	Thermoplasmata	JAKAAX01 sp028864975
GCA_028867435	40.8797942136874	1534218.79546116	48.22	0.581281504765639	1.138	58.182248949079	Micrarchaeota	Micrarchaeia	JAGWGI01 sp028867435
GCA_028867595	33.0853865055402	1863325.22393011	39.54	0.565956573049904	1.075	58.1964801622473	Thermoproteota	Nitrososphaeria	Nitrosotalea sp028867595
GCA_028867675	33.1457187206347	1955271.27420081	35.66	0.570327458392656	1.087	58.7177930222315	Thermoproteota	Nitrososphaeria	Nitrosotalea sp028867675
GCA_028867755	32.8995040564329	1856156.72488092	38.23	0.56771528932021	1.07	59.2626529072911	Thermoproteota	Nitrososphaeria	Nitrosotalea sp028867755
GCA_028867785	33.1369557553179	2809912.79390661	42.36	0.562754928983305	1.056	58.8179356627884	Thermoproteota	Nitrososphaeria	Nitrosotalea sp028867785
GCA_028868105	41.5403816863658	2054153.9106731	51.97	0.569320753195718	1.187	58.5419951659642	NA	NA	NA
GCA_029012665	53.3557333748097	2026135.7921207	24.05	0.579398314879646	1.204	58.2909097022029	NA	NA	NA
GCA_029211045	42.7087048309214	2033557.01801705	41.34	0.57216505042592	1.25	60.1105488466031	Halobacteriota	Methanosarcinia	DQIP01 sp023544565
GCA_029241965	56.7067862720841	2875770.22933795	42.55	0.599962050597357	1.459	61.4909727864238	Halobacteriota	Syntropharchaeia	QENJ01 sp029241965
GCA_029250275	35.9334169193761	1655760.01790911	31.99	0.576834680042208	1.208	56.4057576963501	Thermoproteota	Nitrososphaeria	Nitrosopumilus sp029250275
GCA_029250325	18.1673969205599	2505050.38703082	52.09	0.546487143881431	1.12	58.7802271489994	Thermoplasmatota	Poseidoniia	MGIIa-L1 sp029250305
GCA_029250505	28.1415617484854	1512058.46528624	36.29	0.570073351807946	1.157	61.7566481903371	Thermoplasmatota	Poseidoniia	CG-Epi1 sp014240055
GCA_029250665	25.0159217190061	1819541.93786074	52.5	0.555797665011528	1.231	59.016476814786	Thermoplasmatota	Poseidoniia	MGIIb-O1 sp029250665
GCA_029258755	75.2952364140646	1534655.19423004	38.95	0.620104783713172	1.648	63.7171856695956	Iainarchaeota	Iainarchaeia	DTGL01 sp029258755
GCA_029258795	88.0354742560589	1599024.22334748	43.97	0.62301883447564	1.681	63.4619833456256	EX4484-52	EX4484-52	WAPT01 sp029258795
GCA_029258825	74.1186557610321	1533521.4046163	33.45	0.603142595931201	1.385	66.3603222864243	Nanobdellota	Nanobdellia	JAPDKA01 sp029258825
GCA_029258885	86.4503012158476	2304924.2257852	40.26	0.645082935512582	1.589	66.7215076211192	Thermoproteota	Thermoprotei	B9-G17 sp003649225
GCA_029258915	88.2301134272913	1709800.94178082	35.66	0.652222657864341	1.646	67.5317779607524	Thermoproteota	Thermoprotei_A	EX4484-217-1 sp029258915
GCA_029258925	85.3591713379106	1950733.5045216	42.13	0.647886168860458	1.605	68.0111938032689	Thermoproteota	Thermoprotei_A	JAPDJV01 sp029258925
GCA_029259055	87.9934371005783	1462343.64785356	32.73	0.634957024355365	1.743	63.10928136562	Thermoplasmatota	E2	JAPDJP01 sp029259055
GCA_029259155	83.2375992058287	1707268.02421574	49.26	0.636627265356786	1.754	66.9988815681237	Thermoproteota	Methanomethylicia	B40-G2 sp003649615
GCA_029259175	66.8239489373397	1409327.72202439	53.14	0.626958343647681	1.627	67.6511053241969	Hadarchaeota	Hadarchaeia	DYTO01 sp029259175
GCA_029259185	67.8920121656165	1350382.36233891	51.96	0.641070276031805	1.802	64.9626425077007	Hadarchaeota	Hadarchaeia	JAPDJF01 sp029259185
GCA_029259275	69.3893687788921	1839798.82557634	33.71	0.638280874591407	1.621	63.7250492003682	Thermoproteota	Bathyarchaeia	EX4484-218 sp002254975
GCA_029259355	88.9012847960998	1882420.59620596	51.59	0.630863738613588	1.742	67.488826861574	Thermoproteota	Bathyarchaeia	JAPDIZ01 sp029259355
GCA_029259415	81.4149150920846	1991153.49123347	45.71	0.631650448958576	1.86	67.9122621761875	Halobacteriota	Archaeoglobi	Archaeoglobus sp029259415
GCA_029259535	67.8681548230985	2102369.02800659	51.44	0.622891451618216	1.843	66.4407112011906	Halobacteriota	Syntropharchaeia	Alkanophaga liquidiphilum
GCA_029263715	38.3638876174046	2257637.8600823	49.9	0.572489994000878	1.274	59.4930046113268	Thermoproteota	Nitrososphaeria	Nitrososphaera sp029263715
GCA_029303235	28.3592925556598	1301669.16945824	30.37	0.579131414670793	1.19	55.8587441863385	NA	NA	NA
GCA_029335875	81.9076564707952	1656342.99722874	49.38	0.646422353409808	1.612	71.6823771884655	Thermoproteota	Thermoprotei_A	DSZV01 sp029335875
GCA_029557835	53.1250637550616	1210811.36685097	57.5	0.595829192092992	1.554	62.1625977540091	Micrarchaeota	Micrarchaeia	CAIXOA01 sp029557835
GCA_029565175	43.76685040227	2732283.59001593	53.38	0.583189805077588	1.274	61.4742291469034	Halobacteriota	Methanomicrobia	UBA9949 sp022710385
GCA_029637525	94.6851428213535	2041883.94956187	40.04	0.64505351577427	1.504	70.859258059574	Thermoproteota	Thermoprotei_A	MEX13ELK6-19 sp029637525
GCA_029688825	42.4345945278051	4479278.43713896	64.28	0.556760374941675	1.415	62.6218818490388	Halobacteriota	Halobacteria	JARUKX01 sp029688825
GCA_029762535	37.4241230652813	3490242.60982216	53.08	0.586357201653535	1.341	61.5212742256257	Thermoplasmatota	EX4484-6	JARVGK01 sp029762535
GCA_029762575	48.4703739981182	1861836.7587999	39.46	0.575313859879392	1.155	59.6280776152753	Thermoplasmatota	E2	EX4572-165 sp029762575
GCA_029762595	47.0323999860197	2453574.0254494	43.11	0.57899288955338	1.321	60.8531824190338	Halobacteriota	Methanosarcinia	Methanolobus sp029762595
GCA_029762625	46.6665200033039	2272637.32866124	60.47	0.581456090311068	1.441	60.6239624827367	Halobacteriota	Methanomicrobia	DSDF01 sp029762625
GCA_029775995	62.9124276420506	2105305.78144146	35.95	0.635756177568598	1.616	60.9540528851847	Thermoproteota	Nitrososphaeria	JARVJX01 sp029775995
GCA_029782475	27.6745562625998	2164918.27302446	33.31	0.572444259316227	1.214	56.7540714473736	Thermoproteota	Nitrososphaeria	Nitrosopumilus sp029782475
GCA_029784655	52.3611304004624	1907133.06838427	44.98	0.593601817903134	1.187	65.0997920654927	NA	NA	NA
GCA_029785135	41.8360818584506	2186504.03380715	60.18	0.589386861134239	1.295	64.4486434990666	Thermoproteota	Nitrososphaeria	UBA183 sp021800855
GCA_029785525	41.4355329991087	1866862.05154118	63.24	0.588583854432802	1.295	64.3703037206273	NA	NA	NA
GCA_029785615	43.7062574419026	2085530.29169783	60.3	0.587798441819553	1.277	64.0853609184544	Thermoproteota	Nitrososphaeria	UBA183 sp029785615
GCA_029785715	44.802260455794	1940215.49512571	62.25	0.589961209787966	1.312	64.2077855671457	Thermoproteota	Nitrososphaeria	UBA183 sp021796515
GCA_029785755	39.2936304394189	2337777.77777778	64.23	0.581785404262523	1.181	62.8873638755795	Thermoproteota	Nitrososphaeria	BOG-1369 sp021848045
GCA_029785825	43.4817702072005	2418757.0690927	60.78	0.584599589676099	1.23	64.1246021929042	Thermoproteota	Nitrososphaeria	UBA183 sp029785825
GCA_029786435	41.8491386338202	1955181.24759831	61.43	0.588859416445623	1.31	63.6196554524294	NA	NA	NA
GCA_029786515	41.826499332426	2101070.13376672	48.1	0.590880161262387	1.184	64.3383823110435	Thermoproteota	Nitrososphaeria	JAJZYL01 sp021798095
GCA_029786615	38.9221256036348	1743313.81587143	47.12	0.59383358191184	1.205	64.8352972176573	NA	NA	NA
GCA_029850475	29.9001658530366	1912787.24096778	51.22	0.570709398588506	1.149	59.7437470371077	NA	NA	NA
GCA_029850515	32.2229206958008	1937737.60800364	37.95	0.567168536343871	1.071	58.4081830508176	Thermoproteota	Nitrososphaeria	Nitrosotalea sp029850515
GCA_029856045	52.1955752756141	3727660.31002565	29.43	0.604955319111496	1.327	53.7789637275548	Asgardarchaeota	Lokiarchaeia	6H3-1 sp029856045
GCA_029856525	67.9704247141588	1421432.56915294	38.47	0.62214007071239	1.366	57.7433276632172	Asgardarchaeota	Odinarchaeia	Odinarchaeum sp029856525
GCA_029856875	78.4563992132539	2779823.26478149	49.17	0.63440714911018	1.766	64.4893658349889	Asgardarchaeota	Jordiarchaeia	Freyrarchaeum sp029258835
GCA_029861345	25.8713018911441	2065695.51319995	33.67	0.574976808211389	1.199	57.7676831360042	Thermoproteota	Nitrososphaeria	Nitrosopumilus sp029861345
GCA_029864115	33.2268660703962	1858667.60662672	33.18	0.575176002175784	1.161	57.2981452927219	NA	NA	NA
GCA_029864235	31.5067622724228	1932529.62153457	33.15	0.578663564100968	1.19	57.8301361486126	Thermoproteota	Nitrososphaeria	Nitrosarchaeum_A sp029864235
GCA_029864335	32.4065790915652	2179384.4432009	33.03	0.575616433218953	1.2	56.5274499048715	Thermoproteota	Nitrososphaeria	Nitrosopumilus sp029864335
GCA_029879735	63.3828523749675	2448868.44210767	43.32	0.60855561285415	1.471	63.8021414044323	Thermoproteota	Bathyarchaeia	JAOUPS01 sp029879735
GCA_029881195	37.04992221148	1778642.01680672	33.7	0.576667842217966	1.212	56.7773748219866	Thermoproteota	Nitrososphaeria	Nitrosopumilus sp029881195
GCA_029881395	61.3269877377787	1924354.89743901	42.62	0.601299944098614	1.368	62.9290610976222	NA	NA	NA
GCA_029881505	33.7551838838033	1995780.40428587	32.63	0.576247646238252	1.183	56.5952438834702	Thermoproteota	Nitrososphaeria	Nitrosopumilus sp029862745
GCA_029881805	66.4022383620829	2418279.00340248	42.65	0.599470814853286	1.363	63.2731789161489	Thermoproteota	Bathyarchaeia	JAOULW01 sp029881805
GCA_029882335	31.3051676722512	5336462.64297883	30.14	0.572686456990987	0.987	52.0950831603817	Asgardarchaeota	Heimdallarchaeia	JAOUKW01 sp029882335
GCA_029887795	64.0118753689888	1426235.1326624	47.03	0.61983063524113	1.466	64.1430032107085	NA	NA	NA
GCA_029907305	60.1636853626854	1600337.63879447	35.84	0.599203771505059	1.332	59.2006489563835	Thermoplasmatota	E2	JARYMC01 sp029907305
GCA_029907465	68.3749576507518	1742551.68220511	46.43	0.605583689106712	1.517	60.319467648582	Thermoplasmatota	Thermoplasmata	JACIVX01 sp029907465
GCA_029907545	62.3462562176818	1717422.0496529	46.53	0.594706152744107	1.356	63.179265197256	Thermoproteota	Bathyarchaeia	JAGTQT01 sp029907545
GCA_029907645	63.3722458114598	1678462.48738365	45.58	0.59790918914529	1.33	63.2555517354084	Thermoproteota	Bathyarchaeia	JABFQO01 sp019685575
GCA_029907705	50.2558560320396	1809034.08516233	56.35	0.605676780701509	1.546	61.1017761852331	Halobacteriota	Methanomicrobia	JARYLJ01 sp029907705
GCA_029907715	53.1602601155877	2060104.70129337	54.37	0.598136168646792	1.5	61.8889469530323	Halobacteriota	Methanosarcinia	Methanothrix_B sp029907715
GCA_029907755	60.1630980139106	1490752.64358283	55.58	0.606619880796885	1.43	63.5170110016413	Thermoproteota	Methanomethylicia	Methanosuratincola sp029907755
GCA_029933835	45.028138466688	3033165.22349637	53.15	0.596064173708116	1.404	61.7170861996147	Thermoplasmatota	EX4484-6	EX4484-6 sp002254385
GCA_029934375	46.9116455589519	2259593.87209541	48.12	0.579222165734621	1.34	61.8100984896599	Halobacteriota	Methanosarcinia	Methanogaster_B sp003601535
GCA_029934485	72.5033682618632	1705659.05096661	36.15	0.632182987821533	1.721	62.8481443126186	Methanobacteriota_B	Thermococci	B48-G16 sp003660605
GCA_029936395	30.4923500898589	1440173.28253656	35.7	0.57036270010075	1.145	62.1442956397741	Thermoplasmatota	Poseidoniia	CG-Epi1 sp029936395
GCA_029939595	39.7416260486619	2870642.64003474	32.2	0.569416871981089	1.122	56.2445594546022	Thermoplasmatota	E2	EX4572-165 sp002254885
GCA_029940695	23.2582185245181	1824127.6376737	57.01	0.564195548346815	1.202	60.2722998770076	Thermoplasmatota	Poseidoniia	UBA36 sp029940695
GCA_029941645	22.0924634336131	1276756.94939416	37.07	0.573381464487456	1.194	61.9927475786472	Thermoplasmatota	Poseidoniia	CG-Epi1 sp029941645
GCA_029948415	26.0316505837283	1829701.07478728	37.03	0.563626871917888	1.176	58.2393672259943	Thermoproteota	Nitrososphaeria	JAJIZT01 sp029948415
GCA_029981985	63.7140982841566	1367257.37704918	34.31	0.603881012312122	1.493	61.0279599313783	Nanobdellota	Nanobdellia	UBA119 sp030156615
GCA_029982165	53.2901956387705	1349099.37238494	48.67	0.593895132141494	1.503	61.4835435866547	Thermoplasmatota	Thermoplasmata	UBA9915 sp9915u
GCA_029982935	51.4439196971268	1937076.37497217	59.52	0.595421311662127	1.51	61.0034649052264	NA	NA	NA
GCA_029984825	40.1805170888334	2024558.54727614	53.28	0.569213955060627	1.209	58.2994651338369	NA	NA	NA
GCA_029984855	75.6720635947028	2146136.61588134	44.57	0.6258885750111	1.754	65.7826089663122	Halobacteriota	Archaeoglobi	Archaeoglobus_C sp029984855
GCA_029985615	42.9779312751437	1690175.94991364	50.73	0.573865363158174	1.269	58.4948425198665	NA	NA	NA
GCA_030016715	54.0431383190577	2237032.81519862	32.69	0.599201823350905	1.308	60.4955295851941	Methanobacteriota	Methanobacteria	UBA117 sp030016715
GCA_030017655	52.0750381203002	2261953.9870914	33.15	0.599392419109028	1.376	61.688860598647	Methanobacteriota	Methanobacteria	Methanobacterium_D sp030017655
GCA_030017735	63.074067606817	1567588.87827656	38.65	0.618959434564304	1.472	52.5985238686821	Thermoplasmatota	JASEFT01	JASEFT01 sp030018475
GCA_030018075	75.0888681572341	1683634.57518751	41.64	0.618205857758761	1.566	62.6412102061751	NA	NA	NA
GCA_030018135	60.8471701627726	1157716.73281805	55.47	0.6229468650664	1.818	64.9359034092973	Hadarchaeota	Hadarchaeia	JASEGJ01 sp030018135
GCA_030018435	61.2991647205658	1069005.1421975	47.17	0.607601309641773	1.617	56.4819356065781	Halobacteriota	UBA148	JAUWXC01 sp030018435
GCA_030019155	65.0965306457597	1192614.94252874	46.05	0.609573525364368	1.666	57.2347190903579	Halobacteriota	UBA148	JASEEV01 sp030019435
GCA_030019205	53.4826595898857	2780653.98698129	62.12	0.595830588145426	1.472	61.3486416347664	NA	NA	NA
GCA_030019295	66.8109162557374	1573288.81639311	41.86	0.623429602336808	1.612	62.290237975607	Methanobacteriota	Methanobacteria	Methanothermobacter_A tenebrarum
GCA_030037495	45.321788437434	1359915.61181435	48.2	0.574377096127046	1.109	57.6953757730744	Micrarchaeota	Micrarchaeia	JAJZYD01 sp030037495
GCA_030037875	48.0759215378141	2040531.52323976	65.38	0.592776608095079	1.266	63.5318939628719	Thermoplasmatota	Thermoplasmata	JAKIWV01 sp030037875
GCA_030038095	49.8476937941671	2057361.188694	69.59	0.596824692727105	1.308	65.2923209430763	Thermoplasmatota	Thermoplasmata	UBA184 sp030038095
GCA_030038395	34.059112405636	1918427.98141456	61.73	0.581319152506035	1.217	64.4169818059214	Thermoproteota	Nitrososphaeria	UBA183 sp030038395
GCA_030038895	54.4995668608103	2240272.78850471	66.23	0.594360510893747	1.293	64.3783064402618	Thermoplasmatota	Thermoplasmata	UBA184 sp030038895
GCA_030040895	42.459879653511	1283463.28348177	46.77	0.567589685277789	1.042	58.4992475036912	Micrarchaeota	Micrarchaeia	JAJZYD01 sp030040895
GCA_030041535	38.1663306694342	2072939.44205035	38.23	0.568216925441794	1.07	59.1040058079304	Thermoproteota	Nitrososphaeria	Nitrosotalea sp030041535
GCA_030054695	53.1439467306065	1788907.84982935	44.39	0.596944827949197	1.332	61.4918006025925	NA	NA	NA
GCA_030054735	47.8514807937863	2968395.74950996	40.8	0.595245428713967	1.344	60.5713352530945	Halobacteriota	Methanosarcinia	Methanosarcina sp030054735
GCA_030055515	51.9584774808967	1807800.18520424	64.47	0.606035946719848	1.554	61.288537648036	Halobacteriota	Methanomicrobia	Methanolinea_A sp030055515
GCA_030055595	79.1647180920214	1570185.37277147	42.08	0.632385372643724	1.749	66.354886960646	Halobacteriota	Archaeoglobi	WYZ-LMO2 sp030055595
GCA_030055615	68.3032902955186	1517624.63044143	39.2	0.625116426637055	1.613	62.7579729924137	Methanobacteriota	Methanobacteria	Methanothermobacter_A sp030055615
GCA_030057475	50.7111035305114	2890755.78592093	38.17	0.580049612403101	1.099	61.3322581623841	NA	NA	NA
GCA_030059675	69.1831217647717	1998773.9120707	50.42	0.621071514171011	1.526	67.1840492574346	Thermoproteota	Nitrososphaeria_A	Pelearchaeum maunauluense
GCA_030130125	72.3665746736799	1780381.63457022	53.16	0.643587040175811	1.745	71.8687233974277	Korarchaeota	Korarchaeia	WALU01 sp030130125
GCA_030149205	28.5027922289655	3636431.79070023	35.53	0.579733992763898	0.985	50.4182740317991	Asgardarchaeota	Heimdallarchaeia	WAKA01 sp030149205
GCA_030153635	85.7941082969482	1545300.94811974	43.22	0.633642820127067	1.816	66.4496682861193	Halobacteriota	Archaeoglobi	WYZ-LMO2 sp030153385
GCA_030154045	52.9549400921652	1347204.75075276	33.25	0.597599235543829	1.316	61.8360932458675	Nanobdellota	Nanobdellia	JASKKU01 sp030154045
GCA_030156165	50.5819480577207	2342957.29764181	62.52	0.589052098788649	1.49	61.2358760555113	Halobacteriota	Methanomicrobia	Methanoculleus sp030156625
GCA_030156565	40.572371403267	2900643.2748538	40.03	0.57187709142685	1.242	60.1475934738029	NA	NA	NA
GCA_030156945	81.4072355595531	2079360	51.88	0.648642057314856	1.849	70.4423492096794	Methanobacteriota_B	Thermococci	Thermococcus sp030156945
GCA_030168595	38.1098870717727	1907740.61286146	60.25	0.566774388281513	1.447	59.1833964774269	Thermoplasmatota	Thermoplasmata	Methanomethylophilus sp001481295
GCA_030372945	47.8100034529005	2150638.75524619	51.94	0.582684816809681	1.353	61.2175830520883	Halobacteriota	Methanosarcinia	Methanothrix sp030372945
GCA_030445555	60.8368113553819	1632475.2778061	49.82	0.609549333550915	1.609	62.1251383926804	NA	NA	NA
GCA_030445725	45.891275931892	1445964.2739001	53.18	0.575201760821717	1.428	60.2880250889068	Thermoplasmatota	Thermoplasmata	VadinCA11 sp011620825
GCA_030446015	50.5764611131721	2270655.5075594	63.1	0.59250961527308	1.521	60.8955700097412	Halobacteriota	Methanomicrobia	Methanoculleus sp030446015
GCA_030446135	87.9995182848002	1970901.05814334	43.87	0.648674714761364	1.844	70.0666127977628	NA	NA	NA
GCA_030446185	42.6054796906238	2477559.6200485	48.25	0.580068801344946	1.298	60.9197128081623	Halobacteriota	Methanosarcinia	Methanolobus sp030154025
GCA_030452275	23.9755532364989	3464201.62601626	34.09	0.565491822281483	1.045	55.6898720446898	Thermoproteota	Nitrososphaeria	Nitrosocosmicus sp030452275
GCA_030539615	48.4966127853677	1986374.68242572	25.32	0.574541785636966	1.007	58.7875710669486	Methanobacteriota	Methanobacteria	Methanosphaera sp030539615
GCA_030539815	49.4860852291414	2487330.43284248	39.18	0.590231040360754	1.268	60.0545556614435	Methanobacteriota	Methanobacteria	Methanobacterium sp030539815
GCA_030539895	47.5296125720223	2230076.67731629	34.66	0.573765751030114	1.32	59.3743169850576	NA	NA	NA
GCA_030587545	45.3891897620531	6240015.70386988	54.15	0.571567682502602	1.284	59.8309857296291	Asgardarchaeota	Lokiarchaeia	Sigynarchaeum springense
GCA_030594205	51.9947556810329	1603818.7128403	63.9	0.606515373352855	1.596	64.3945802169281	Thermoplasmatota	Thermoplasmata	JAJISK01 sp030594205
GCA_030595665	39.6048556542762	2300438.72296601	48.83	0.569822069907431	1.213	59.6390171434413	Halobacteriota	Methanomicrobia	Methanogenium sp030595665
GCA_030595715	36.4741188236018	3431157.50587709	46.72	0.583755366331408	1.313	60.3918867424298	Thermoplasmatota	EX4484-6	EX4484-6 sp030595715
GCA_030601705	54.1467476364881	3365386.16680508	35.74	0.589535537274539	1.278	59.3768058168877	Thermoplasmatota	E2	JAGLML01 sp030601705
GCA_030602585	63.5490530465595	2280491.83968025	41.97	0.620763635816796	1.719	60.565814540126	Halobacteriota	Syntropharchaeia	JAFNKG01 sp030602585
GCA_030603445	47.8529230704936	1761652.70373191	39.81	0.587189457496155	1.304	60.750595295802	Methanobacteriota_B	Thermococci	NM3 sp030603445
GCA_030604065	44.7387538915738	1614484.43140794	56.05	0.576744578110136	1.433	61.0236039973019	Thermoplasmatota	Thermoplasmata	JAUVWO01 sp030604065
GCA_030604085	45.5101432178622	2136401.70484816	50.8	0.579163892366012	1.374	61.7680468559041	Halobacteriota	Methanosarcinia	Methanogaster_A sp030604085
GCA_030605805	39.7275525409819	2059551.3748191	50.74	0.578848893244294	1.365	61.7876952319287	Halobacteriota	Methanosarcinia	Methanogaster_D sp030605805
GCA_030606485	57.103158296512	4182387.64358202	29.24	0.605628556227934	1.337	52.963406511564	Asgardarchaeota	Lokiarchaeia	6H3-1 sp030606485
GCA_030607735	42.0711254135696	2002577.78333125	33.45	0.596254107135409	1.214	61.0756690432843	Thermoproteota	Bathyarchaeia	AD8-1 sp030607735
GCA_030608565	61.268255184161	1996035.87240322	43.19	0.60672046384886	1.425	61.7295133403039	Thermoproteota	Bathyarchaeia	SOJZ01 sp030608565
GCA_030610815	45.0199227395102	2627049.28952043	44.47	0.580973026979188	1.271	60.9779960544845	Halobacteriota	Methanosarcinia	Methanocomedens sp030610815
GCA_030611045	62.402836579792	1659064.5230902	44.42	0.614021366108381	1.685	61.5232696207016	Halobacteriota	Syntropharchaeia	JACGMN01 sp030611045
GCA_030611265	42.3144082907801	2913477.99511002	41.38	0.575569059609558	1.292	59.4796565821145	Halobacteriota	Methanosarcinia	DQIP01 sp030611265
GCA_030612005	42.0880365597308	4094729.9729973	41.65	0.580952445190029	1.229	56.8597589233237	Asgardarchaeota	Thorarchaeia	MP8T-1 sp030612005
GCA_030613375	55.730359937014	1510020.90137165	43.92	0.601567872369688	1.521	59.1206651790322	Micrarchaeota	Micrarchaeia	CAIKOA01 sp030613375
GCA_030614005	36.1606138039915	4086790.42997404	33.51	0.583395598554933	1.204	54.5966178678998	Asgardarchaeota	Heimdallarchaeia	JABLTI01 sp030614005
GCA_030615265	60.4009760429756	2074696.71675014	43.82	0.606972313048388	1.456	62.8183621363591	Thermoproteota	Bathyarchaeia	GCA-020344715 sp030615265
GCA_030615325	49.4865236217227	2502171.97386163	55.32	0.59270101981476	1.446	60.6633962660614	Thermoplasmatota	Thermoplasmata	JAGMCJ01 sp023129265
GCA_030616125	70.2753798382726	1073920.51967902	32.95	0.633117172669478	1.606	53.4988694225704	Aenigmatarchaeota	Aenigmatarchaeia	JAUWXZ01 sp030616125
GCA_030626605	47.0484026581285	1470358.34266517	54	0.587855452897395	1.463	61.1720281655512	Halobacteriota	Methanomicrobia	UBA207 sp002503135
GCA_030627665	57.0599429720038	1935424.81564604	62.66	0.594524899484866	1.56	61.3034477717328	Halobacteriota	Methanomicrobia	UBA206 sp002503105
GCA_030628655	57.9233999785678	1615444.72152951	56.02	0.595754879638438	1.505	60.8741916110325	B1Sed10-29	B1Sed10-29	WALL01 sp023129115
GCA_030629705	48.4154912425277	2407682.68935124	56.19	0.586752988489274	1.379	60.7849574082909	Thermoplasmatota	Thermoplasmata	JAGMCJ01 sp023130895
GCA_030631345	62.385695037643	1408253.12729949	38.5	0.614741820476645	1.522	50.482329232171	Aenigmatarchaeota	Aenigmatarchaeia	JAGLWW01 sp023133195
GCA_030634565	36.9663159733725	2388588.32303431	47.23	0.566481631225823	1.253	57.4354445029831	Thermoplasmatota	Thermoplasmata	JAGLSY01 sp023137005
GCA_030637345	59.821750231817	1191719.13101308	53.37	0.623479135403348	1.699	63.8698477999856	Hadarchaeota	Hadarchaeia	DG-33 sp023129675
GCA_030637625	63.7005523182563	1792894.73684211	39.13	0.610914045492857	1.386	58.4966473248721	Thermoproteota	Bathyarchaeia	JAGLRI01 sp023136395
GCA_030640145	35.3351241770723	1935349.45948839	43.58	0.572725531354505	1.26	55.3648525001938	Thermoplasmatota	Thermoplasmata	JAGLQM01 sp023136815
GCA_030640785	66.9526894588543	1657195.12195122	42.01	0.627044422918351	1.826	60.6192525448511	Halobacteriota	Syntropharchaeia	JAGXOS01 sp023131215
GCA_030647095	46.6379553448203	2523061.46025878	33.09	0.594289744988097	1.262	54.7199172303418	Nanobdellota	Nanobdellia	JAUSKH01 sp030647095
GCA_030647325	54.7866154716761	1615238.57696847	41.78	0.592545590771073	1.368	53.5256087917618	Nanobdellota	Nanobdellia	JACPIL01 sp030647325
GCA_030649345	36.5392270740371	1692128.61736334	34.46	0.576244067032928	1.099	52.0952355159246	Iainarchaeota	Iainarchaeia	JAUSKK01 sp030649345
GCA_030649735	36.6090682599733	1963090.35222052	41.64	0.572068960183949	1.216	57.6805616744742	Iainarchaeota	Iainarchaeia	UBA10191 sp030649735
GCA_030650845	42.7338796020604	3515325.55979775	41.74	0.588644140737615	1.312	60.0277099292372	Halobacteriota	Methanosarcinia	Methanoperedens sp030650845
GCA_030651135	49.2644229412067	2030403.09855114	37.47	0.59314644198314	1.383	55.344605276881	Nanobdellota	Nanobdellia	JACPBO01 sp030651135
GCA_030651375	52.776395119567	2016228.43822844	46.91	0.573247066136187	1.277	59.1991043785524	Nanobdellota	Nanobdellia	JAUSFM01 sp030651375
GCA_030651635	50.7023154567597	2147770.58762133	33.12	0.585869499327849	1.229	60.7090589917017	NA	NA	NA
GCA_030651815	42.8243647085876	3373291.45211123	48.89	0.576564040512683	1.253	60.0809467979541	Halobacteriota	Methanomicrobia	Methanoregula sp030651815
GCA_030653335	41.7971607568488	3089021.53059049	49.12	0.573738545598409	1.23	60.3863944935701	Halobacteriota	Methanomicrobia	Methanoregula sp030653335
GCA_030668825	47.5286844043633	3281100.66634936	33.37	0.590621775908782	1.219	55.3716004036496	Asgardarchaeota	Heimdallarchaeia	UBA460 sp023132955
GCA_030668875	42.2775229189567	3743358.06189869	33.78	0.587619454363632	1.19	55.0581205624818	Asgardarchaeota	Heimdallarchaeia	UBA460 sp030668875
GCA_030669135	61.2730019915566	2302701.018574	58.3	0.604111465397225	1.516	62.9218313818446	Thermoproteota	Bathyarchaeia	RBG-16-57-9 sp030669135
GCA_030670315	48.291676809796	1218445.49435354	47.26	0.597081857804413	1.383	62.3618337457989	Thermoproteota	Bathyarchaeia	JAGLZJ01 sp023131555
GCA_030670545	53.5518082002042	2158622.70207178	36.67	0.590652258696624	1.407	56.2973086031488	Nanobdellota	Nanobdellia	JAGLGH01 sp030670545
GCA_030681145	46.4472355007259	2370936.53662166	32.72	0.589178927736167	1.263	60.417598152321	Methanobacteriota	Methanobacteria	JAUXXK01 sp030681145
GCA_030688545	46.6951503989108	2032099.60587603	49.89	0.578520253472045	1.173	62.0286127921902	Iainarchaeota	Iainarchaeia	VGJJ01 sp030688545
GCA_030691365	46.9807126601988	2404066.67346315	32.79	0.586356860026777	1.237	60.6717208797019	Methanobacteriota	Methanobacteria	UBA349 sp023249725
GCA_030694985	42.1218211891363	2600441.63708499	48.9	0.572735401334342	1.217	60.0670142606722	Halobacteriota	Methanomicrobia	Methanoregula sp030694985
GCA_030695685	45.0219774513083	1959819.27710843	39.42	0.577338956504246	1.21	52.5282457829529	Nanobdellota	Nanobdellia	JAUYPT01 sp030695685
GCA_030697505	53.0306563705583	1864994.43649658	40.68	0.58829433159484	1.316	53.5200644130316	Nanobdellota	Nanobdellia	JACPIL01 sp030697505
GCA_030697685	52.4762841070691	2087659.61613788	33.44	0.5979158151525	1.382	52.8731683711863	Nanobdellota	Nanobdellia	GW2011-AR17 sp030697685
GCA_030697975	31.9019850022841	1575037.7220735	36.31	0.58128095100726	1.234	58.7565714756062	Thermoproteota	Nitrososphaeria	VHBM01 sp030697975
GCA_030700155	57.8906193818023	1713062.37774397	31.83	0.60590789956824	1.431	56.7079057708942	Nanobdellota	Nanobdellia	JAUYJU01 sp030700155
GCA_030704845	49.0726708052488	1681346.02649007	34.69	0.593366687916585	1.308	53.2430366926314	Nanobdellota	Nanobdellia	JAUYKZ01 sp030704845
GCA_030734185	46.349688435584	3341784.45959909	65.8	0.56288732753564	1.555	63.4448942175721	Halobacteriota	Halobacteria	XH8 sp030734185
GCA_030739585	46.0107811149783	1863705.83038869	48.97	0.601809612512993	1.364	63.0012301069607	Thermoproteota	Bathyarchaeia	GCA-2726865 sp030739585
GCA_030740765	40.4415646264992	3783027.74554278	45.75	0.580896402538025	1.277	59.9024759539589	Thermoplasmatota	EX4484-6	JASLWR01 sp030740765
GCA_030740835	26.7884765961348	1886630.15551048	44.54	0.559211637635509	1.158	59.734882845575	Thermoplasmatota	Poseidoniia	MGIIb-O1 sp12570u
GCA_030742015	58.1465295529789	1038996.55884377	33.73	0.605198457741851	1.465	53.9132345971594	Nanobdellota	Nanobdellia	JACPJP01 sp030751755
GCA_030742785	33.5712601917688	1299668.26813086	31.87	0.579662876285741	1.243	57.0408168032389	NA	NA	NA
GCA_030745595	32.7945454054038	1477910.44776119	63.93	0.571868561126374	1.362	64.1238052817329	NA	NA	NA
GCA_030750015	45.3764734692088	4287437.43512859	60.41	0.577411262440591	1.443	62.8097797381306	SpSt-1190	SpSt-1190	JASMDC01 sp030753015
GCA_030750065	32.9846391065311	1372450.88527771	63.84	0.571491721007636	1.355	64.2529497762933	NA	NA	NA
GCA_030751075	27.5669265285147	1861859.38060505	57.39	0.564067210977018	1.221	60.7515742560954	NA	NA	NA
GCA_030752315	19.132584475722	2342892.9807217	58.55	0.546182001946678	1.133	60.5879913686945	Thermoplasmatota	Poseidoniia	Poseidonia sp002694525
GCA_030753365	53.3449461911184	1500428.30851598	35.77	0.606793074500747	1.449	51.7120204192304	Nanobdellota	Nanobdellia	GCA-2687795 sp030753365
GCA_030754535	51.3135755292886	2463145.97172543	47.09	0.57084507294096	1.266	60.801016251602	NA	NA	NA
GCA_030754855	28.7458826062016	1418215.74925241	42.96	0.573242738342277	1.214	62.3379549221142	NA	NA	NA
GCA_030756715	79.4992643212257	1618398.66769152	40.59	0.617899785857974	1.381	67.4448944633152	Thermoproteota	Nitrososphaeria	UBA164 sp030756715
GCA_030756755	67.6029022850216	1774705.74632906	62.19	0.608989594383589	1.488	69.3412941069706	Thermoproteota	Nitrososphaeria	Conexivisphaera sp023256385
GCA_030756795	64.3385830620232	1259438.52459016	32.64	0.61083636556798	1.34	62.8299218054957	Thermoplasmatota	Thermoplasmata	ARK-15 sp023261755
GCA_030913755	26.5582301295567	2661177.89291883	38.24	0.572348760158956	1.098	57.9707140820109	Thermoproteota	Nitrososphaeria	TA-21 sp030913755
GCA_031177355	20.5792148427384	2526462.84408661	33.26	0.566514135717073	1.026	56.2174079146703	Thermoproteota	Nitrososphaeria	Nitrosocosmicus sp031177355
GCA_031200235	36.5975203917982	2103743.31550802	46.16	0.576030934331764	1.102	60.9143670872745	Thermoplasmatota	Thermoplasmata	UBA509 sp002498845
GCA_031254875	42.4941810478725	2797007.43267942	43.79	0.571995271071329	1.055	60.789932521815	Thermoproteota	Bathyarchaeia	Bathycorpusculum termitum
GCA_031256395	35.5546475290904	2695185.63685637	43.68	0.565388470663339	1.005	61.1501278135332	Thermoproteota	Bathyarchaeia	Bathycorpusculum sp031256395
GCA_031267895	40.0490028223789	1984762.5101121	49.75	0.568080175512685	1.279	59.790050529155	Thermoplasmatota	Thermoplasmata	Methanoplasma glyptotermitis
GCA_031272765	39.5126747667611	2653042.722035	26.86	0.583341795021726	1.189	59.2376918054618	Methanobacteriota	Methanobacteria	Methanovirga australis
GCA_031274765	37.1451522501369	3026844.40135725	40.27	0.572058319627193	1.031	60.9056941287627	Thermoproteota	Bathyarchaeia	Bathycorpusculum sp031274765
GCA_031277345	36.878885319367	2198549.74080474	37.52	0.572130852880381	1.069	60.229932684902	Thermoproteota	Bathyarchaeia	Bathycorpusculum soli
GCA_031286225	44.1649429286459	2040722.73744803	25.85	0.58733251240011	1.255	59.9583463102192	Methanobacteriota	Methanobacteria	Methanorudis spinitermitis
GCA_031289325	39.9382105230607	2555561.68831169	23.77	0.587079284413023	1.219	59.1866689755164	Methanobacteriota	Methanobacteria	Methanovirga meridionalis
GCA_031290095	44.0939227210299	1791457.50332005	57.32	0.568863045715382	1.389	60.2310213279917	Thermoplasmatota	Thermoplasmata	Methanoplasma porotermitis
GCA_031316115	23.4614505386717	3379144.7509087	29.41	0.572961524487618	1.069	55.5102466995761	Thermoproteota	Nitrososphaeria	TH1177 sp031316115
GCA_031402215	48.3411431177529	1901842.54606365	32.69	0.578460764042653	1.198	55.8776101694884	Nanobdellota	Nanobdellia	UBA9642 sp031402215
GCA_031625175	45.1164511037313	1755304.11073826	46.61	0.586802709305534	1.139	60.7565040038453	Thermoplasmatota	Thermoplasmata	UBA447 sp031625175
GCA_031852275	42.126729632072	4399094.62080229	65.49	0.572975831915529	1.657	62.1916228894175	Halobacteriota	Halobacteria	CCL63 sp031852275
GCA_031961165	57.6758271309265	1560762.54616554	42.33	0.5865620218224	1.222	61.0053902749782	Thermoplasmatota	Thermoplasmata	JAVRLS01 sp031961165
GCA_031961865	60.0369022603538	1286124.82298199	35.47	0.600925911127449	1.263	60.5918493668917	Thermoplasmatota	Thermoplasmata	JAVRLB01 sp031961865
GCA_032128215	34.8179580330551	1513101.9642463	33.41	0.580788173574502	1.196	57.7712397998348	Thermoproteota	Nitrososphaeria	CSP1-1 sp032128215
GCA_032154965	23.4780673193994	4154675.88887619	38.53	0.564989348502938	1.05	57.6291764795578	Thermoproteota	Nitrososphaeria	TH5896 sp029237515
GCA_032155045	22.2124389664108	2789201.40028443	28.38	0.571765648113147	1.042	55.3162006685764	Thermoproteota	Nitrososphaeria	TH1177 sp032155045
GCA_032159025	68.28507940277	1671552.91906496	44.47	0.640590254675717	1.671	70.9749328446371	Korarchaeota	Korarchaeia	WALU01 sp032159055
GCA_032159035	70.7505231977427	2349022.74545662	52.8	0.642596297566221	1.689	71.7892652512248	Korarchaeota	Korarchaeia	WALU01 sp027491395
GCA_032248935	81.9455819744287	1594154.92233309	38.26	0.630399309708506	1.396	67.3610312320105	NA	NA	NA
GCA_032248975	86.9819546570822	1742345.63903282	36.3	0.635168557668762	1.413	68.0467009811895	NA	NA	NA
GCA_032249015	80.8647119658819	1995645.31498147	34.19	0.626247273570481	1.369	66.5648014551589	NA	NA	NA
GCA_032249075	89.4395011037269	2212476.71863555	61.79	0.627133505081006	1.739	70.7310877175412	Thermoproteota	Thermoprotei	Thermoproteus sp002077075
GCA_032249095	68.8614958370335	2131840.44565903	54.26	0.628544296380044	1.495	69.4436645504381	Thermoproteota	Nitrososphaeria_A	HRBIN02 sp032249095
GCA_032249235	74.6745490793847	1604866.62183367	31.71	0.630327572425962	1.46	62.7982065429393	Thermoproteota	Thermoprotei	DSFO01 sp032249235
GCA_032249255	80.4412670700015	2991597.1912617	44.23	0.645838205400349	1.615	69.9507661683244	Thermoproteota	Thermoprotei_A	AG1 sp032249255
GCA_032249295	87.9091435661777	1726628.38877708	47.63	0.653782168110806	1.625	71.3030106115131	NA	NA	NA
GCA_032249315	83.8455584790168	1697906.42722117	28.6	0.638520043295064	1.478	62.3555886168978	Thermoproteota	Thermoprotei	SCGC-AAA471-B05 sp032249315
GCA_032598985	50.5580579532819	2431868.58089453	38.17	0.583574852882917	1.157	61.101585138328	Thermoproteota	Bathyarchaeia	Bathyarchaeum tardum
GCA_032906765	40.4503580671647	2161214.3727162	57.83	0.589524279960483	1.261	63.3489683515131	Thermoproteota	Nitrososphaeria	DASPPF01 sp032906765
GCA_033271445	14.760276339618	2157001.33570793	35.64	0.569857952761647	1.083	56.9161776984298	NA	NA	NA
GCA_033271505	20.769484871096	1943836.38090715	35.33	0.573275651309371	1.103	55.8591018242003	Thermoproteota	Nitrososphaeria	TA-21 sp014523595
GCA_033272865	18.9246687707307	2098260.30227248	35.84	0.572428390232548	1.098	56.3428248306141	NA	NA	NA
GCA_033471095	15.1502881872988	1639404.14507772	34.13	0.548184881105547	0.944	57.3620369325651	Thermoproteota	Nitrososphaeria	Nitrosoabyssus spongiisocia
GCA_033485155	45.2201612001038	2968022.83780926	58.3	0.580617512781917	1.318	60.9738779741734	Thermoplasmatota	Thermoplasmata	UBA6 sp033485155
GCA_033549165	41.1425018419537	2974693.8156831	44.87	0.578073593493726	1.287	60.6886128993294	Halobacteriota	Methanosarcinia	Methanolobus sp033549165
GCA_033581155	86.3719660453175	1865653.57719204	42.45	0.625795815209773	1.393	69.3937452435083	Thermoproteota	Thermoprotei_A	Ignisphaera sp025058535
GCA_033581255	73.592596364404	1612520.75387032	44.66	0.618394267088712	1.498	63.6612242601224	Thermoproteota	Bathyarchaeia	JANXEA01 sp025059045
GCA_033581295	68.4659614949323	1328478.72340426	54	0.62640959405766	1.447	68.0458063134907	Thermoproteota	Nitrososphaeria_A	JANXDH01 sp025059745
GCA_033581435	87.3663802362201	1681884.48074679	44	0.639821012699017	1.706	67.3781865489885	Thermoproteota	Bathyarchaeia	DRYS01 sp025058595
GCA_033581555	74.0251313291504	1521776.44923668	63.54	0.63333873266053	1.658	70.5629239936275	Thermoproteota	Nitrososphaeria_A	Calditenuis sp025058175
GCA_033582095	92.3374387698493	1256803.35412619	35.9	0.63794974493593	1.927	67.9152228584162	Halobacteriota	Archaeoglobi	WYZ-LMO2 sp025058735
GCA_033582155	82.8886125618324	1271198.75174863	57.38	0.643908302708888	1.723	71.342951716235	Thermoproteota	Thermoprotei_A	DSZV01 sp025058835
GCA_033582295	70.8470768017141	1412407.94622253	41.19	0.631146849675534	1.343	68.5752394370544	NA	NA	NA
GCA_033582315	80.3057925295845	1720308.62126803	37.81	0.644787309424215	1.59	63.8137859496816	NA	NA	NA
GCA_033582615	80.0394200470092	1230696.17665099	34.29	0.632172097458324	1.553	64.6330329623215	Thermoproteota	Methanomethylicia	JANXER01 sp025057955
GCA_033808455	52.5671781993712	2362476.24434389	59.27	0.591115834647137	1.469	60.8654549535403	Halobacteriota	Methanomicrobia	Methanoculleus sp012797575
GCA_033812415	43.0740245828784	2860969.38245978	52.8	0.578457060425037	1.32	61.1670195895908	Halobacteriota	Methanosarcinia	Methanothrix sp017994055
GCA_033813295	45.9170537026421	2330491.42376092	59.04	0.585688187938391	1.284	61.0457682126119	Halobacteriota	Methanomicrobia	Methanolinea_A sp033813295
GCA_033854115	51.0223435436933	1819734.54997926	71.8	0.606368876248985	1.508	65.6489136709219	Thermoplasmatota	Thermoplasmata	UBA184 sp033854115
GCA_034007125	47.0415361621766	1251820.02345666	60.46	0.580049841718866	1.498	60.0911747693647	Thermoplasmatota	Thermoplasmata	JAAYZC01 sp012515075
GCA_034008115	36.5077240690211	3746022.63540825	38.54	0.571717199523757	1.226	58.9977044584037	Halobacteriota	Methanosarcinia	Methanolobus sp034008115
GCA_034066125	49.7500370283393	1548758.76424189	35.27	0.607683517623165	1.4	61.615125627984	Methanobacteriota_B	Thermococci	Methanofastidiosum sp041678455
GCA_034177025	53.4393846546365	1828184.58299216	53.54	0.568847028199187	1.422	58.6529351038512	Thermoplasmatota	Thermoplasmata	SIG5 sp016297775
GCA_034190145	45.7688159504075	2353896.14740369	41.61	0.595715722615723	1.409	60.78080434599	Halobacteriota	Syntropharchaeia	JAXHTN01 sp034190145
GCA_034190245	48.0620677700257	2784433.19838057	42.51	0.598218982902236	1.45	60.6539315111041	Halobacteriota	Syntropharchaeia	JAXHTJ01 sp034190245
GCA_034190325	58.0421868199004	1701507.40242261	44.57	0.609972268796228	1.611	60.2906486523501	Thermoplasmatota	UBA186	UBA287 sp034190325
GCA_034190465	67.941486522403	1946682.33387358	61.2	0.561936770571724	1.506	63.7967908907904	Nanohalarchaeota	Nanosalinia	Asbonarchaeum danakilense
GCA_034190545	53.8404782721993	1988858.70135319	56.01	0.584725553968962	1.577	62.8280815697676	Halobacteriota	Halobacteria	Afararchaeum irisae
GCA_034522195	53.5849625529989	2403462.8342809	58.72	0.584646729413894	1.667	63.058524536696	Halobacteriota	Halobacteria	Halorutilus sp034522195
GCA_034659255	36.4624725750378	2947497.15585893	63.04	0.557475956465374	1.38	61.1969510444866	NA	NA	NA
GCA_034659615	43.2160579378128	1826714.06805485	47.86	0.572083159182031	1.291	60.221840640493	Halobacteriota	Methanosarcinia	JAIOTO01 sp034659615
GCA_034659935	41.578631461164	2024648.19202637	43.88	0.585980136142245	1.309	60.5062901042778	Halobacteriota	Methanomicrobia	DAOVRB01 sp034659935
GCA_034659955	53.000034125407	1906369.68499844	55.37	0.60125129513031	1.556	62.2756831288459	NA	NA	NA
GCA_034659995	55.264260727876	1766652.38040079	42.57	0.619655969540386	1.603	63.2073132483577	Methanobacteriota_B	Thermococci	JAYEIH01 sp034659995
GCA_034660355	45.3989205632732	2878705.81982461	34.74	0.586348260901537	1.326	51.7507568806561	Nanobdellota	Nanobdellia	JAYEIZ01 sp034660355
GCA_034660415	54.6640246714127	2295679.74207415	43.22	0.603040150586898	1.524	61.2912960178131	Halobacteriota	Syntropharchaeia	QENH01 sp034660415
GCA_034660575	62.5595709165267	2306243.69465307	44.34	0.609187269274379	1.571	62.0278124121664	Halobacteriota	Syntropharchaeia	JACGMN01 sp030665925
GCA_034660695	62.0946196770635	1745624.73302008	40.63	0.604634957504091	1.475	58.9303712987879	Thermoplasmatota	E2	JAYEJS01 sp034660695
GCA_034660895	65.5851232841785	1618200.45819015	43.75	0.611883933266409	1.45	61.9201640245312	Thermoproteota	Bathyarchaeia	JAYEKF01 sp034660895
GCA_034667685	36.2180517885581	3736640.54953311	71.08	0.560863768937152	1.259	61.5879477136992	Thermoplasmatota	SW-10-69-26	JAJPHT01 sp034667685
GCA_034667725	40.1179710631547	2597415.31581889	71.17	0.560742104358073	1.328	60.844501684461	Thermoplasmatota	E2	JAHFTW01 sp034667725
GCA_034679805	47.8225837741024	2497143.7858923	58.3	0.585257590560649	1.361	60.672517259591	Thermoplasmatota	Thermoplasmata	UBA6 sp002067635
GCA_034679845	38.7471201102371	2759237.57588229	52.96	0.581426613991583	1.212	60.9354500647051	Halobacteriota	Methanomicrobia	Methanolinea_A sp018262855
GCA_034679905	53.1141142858371	2849107.99159943	61.71	0.592343044494531	1.42	61.0765471961503	Halobacteriota	Methanomicrobia	JASEFH01 sp034679905
GCA_034716815	41.0742746782006	2222997.399896	39.28	0.57821398863701	1.196	60.5142491223238	NA	NA	NA
GCA_034718475	51.2981605735694	1848786.67329687	32.58	0.600354913912815	1.446	57.3292796557439	Nanobdellota	Nanobdellia	JAYEMU01 sp034718475
GCA_034722435	47.6556582371473	2416219.08127209	32.98	0.590502929817199	1.375	53.444627721925	Nanobdellota	Nanobdellia	JAHWHD01 sp034722435
GCA_034928305	52.5557767671703	1449138.73522074	52.59	0.574089999258655	1.399	60.0903087799204	Thermoplasmatota	Thermoplasmata	VadinCA11 sp034928305
GCA_035175045	86.0272391598129	1738565.23623754	62.36	0.646725928021164	1.841	72.6927717517055	NA	NA	NA
GCA_035250685	24.1966919135745	2342886.25374165	35.74	0.568234521745047	1.067	56.5449650999383	Thermoproteota	Nitrososphaeria	TA-21 sp035250685
GCA_035250975	22.9790339013236	2786905.93505039	30.64	0.575617670528162	1.105	55.5987650958886	Thermoproteota	Nitrososphaeria	TH1177 sp035250975
GCA_035252175	25.6959884000257	3783633.69565217	36.6	0.557383648280977	1.012	56.962456780368	Thermoproteota	Nitrososphaeria	JAFAQB01 sp035252175
GCA_035252645	35.7036979024592	1876626.13648811	47.46	0.570620697840019	1.122	58.7017514354171	Thermoproteota	Nitrososphaeria	Nitrosotalea sp035252645
GCA_035253045	27.8958132778735	2318230.07904294	42.29	0.566950593762615	1.138	58.0652666953814	Thermoproteota	Nitrososphaeria	Nitrososphaera sp035253045
GCA_035253345	19.3800165677923	3723589.94679045	28.47	0.568810469420855	1.022	54.9249053593966	Thermoproteota	Nitrososphaeria	TH1177 sp035253345
GCA_035253865	24.2093621613507	2211617.98528059	35.55	0.570526345205326	1.087	56.0292903174799	Thermoproteota	Nitrososphaeria	TA-21 sp035253865
GCA_035256105	51.0892819690242	1845874.91215741	49.39	0.599915171505208	1.384	60.6497671614884	Thermoproteota	Bathyarchaeia	RBG-16-48-13 sp001775995
GCA_035269625	51.5417503036477	3433558.7431694	66.24	0.575625329191345	1.666	62.9425682120241	Halobacteriota	Halobacteria	DATFIX01 sp035269625
GCA_035271165	55.8787409006856	1193273.05202054	49.62	0.578589561017894	1.45	59.7098595273256	Thermoplasmatota	Thermoplasmata	VadinCA11 sp035271165
GCA_035276505	19.2583347682944	2601348.65568083	34.05	0.564071594405427	1.009	55.8018146902872	Thermoproteota	Nitrososphaeria	Nitrosocosmicus sp035276505
GCA_035279165	26.6708923087855	2466039.71318257	33.53	0.567030937063786	1.031	55.8385829528335	Thermoproteota	Nitrososphaeria	Nitrosocosmicus sp035279165
GCA_035282925	48.2974374044056	1270822.83172721	39.08	0.614473449567209	1.495	56.5579708541528	Nanobdellota	Nanobdellia	ASMP01 sp035282925
GCA_035283685	51.5193630141116	2637738.57721226	47.36	0.586694088430649	1.263	62.6308288191305	Thermoproteota	Bathyarchaeia	DATETJ01 sp035283685
GCA_035283785	46.5085134349577	1612149.41356451	35.92	0.606109716899828	1.419	55.2147981473418	Nanobdellota	Nanobdellia	DATETG01 sp035283785
GCA_035283985	52.1553790077196	1765266.55896607	64.51	0.599088425419371	1.587	63.8143395076432	Thermoplasmatota	Thermoplasmata	EA-19 sp035283985
GCA_035288565	39.9955048172515	1287683.48623853	34.51	0.60168416440215	1.458	57.8606831189296	Iainarchaeota	Iainarchaeia	DATDZZ01 sp035288565
GCA_035288785	40.1141761853978	1711707.70664182	50.67	0.583044110822284	1.298	54.3046970095932	Micrarchaeota	Micrarchaeia	JACRGC01 sp035288785
GCA_035288865	48.847263442561	1926059.68971864	36.71	0.583067293081095	1.236	52.8031702040083	Nanobdellota	Nanobdellia	GCA-2688775 sp035288865
GCA_035289005	46.0968588081369	2177601.39049826	46.02	0.574419353972559	1.298	58.5549477100117	Nanobdellota	Nanobdellia	DATDYN01 sp035289005
GCA_035289045	47.7429267402828	1832576.33587786	38.09	0.610032145983281	1.475	52.9024354458692	Nanobdellota	Nanobdellia	DATDYH01 sp035289045
GCA_035289105	55.8759299030313	1800242.20032841	43.53	0.599066632893515	1.452	53.8369382248641	Nanobdellota	Nanobdellia	JACQSR01 sp035289105
GCA_035289205	54.6596650791833	1297529.77826645	45.32	0.591814596129965	1.362	55.6976386215943	Aenigmatarchaeota	Aenigmatarchaeia	DATDXV01 sp035289205
GCA_035289425	53.4463093893339	2078989.92981385	42.11	0.581305372593006	1.278	56.2063000084175	Nanobdellota	Nanobdellia	DATDXC01 sp035289425
GCA_035289485	39.5283973160457	1469547.59181599	46.37	0.581487411628277	1.337	57.4549552878754	Iainarchaeota	Iainarchaeia	UBA10205 sp035289485
GCA_035289625	35.8323339054812	1573229.34863988	40.93	0.577466472551062	1.199	57.2191593330586	Iainarchaeota	Iainarchaeia	UBA10205 sp035289625
GCA_035289665	55.3342464130598	2421231.84777166	43.43	0.592677808339123	1.32	55.7529257979971	Nanobdellota	Nanobdellia	JBBSWA01 sp035289665
GCA_035289745	54.2456548983421	1721287.39495798	48.14	0.593525677855229	1.41	56.0676114329489	Nanobdellota	Nanobdellia	JAUYQE01 sp035289745
GCA_035289845	50.1619273209243	1914365.59139785	37.58	0.595186871138281	1.239	52.6937285588197	Nanobdellota	Nanobdellia	DATDWB01 sp035289845
GCA_035289865	54.3036376958864	2053978.89509621	54.94	0.578372735267345	1.316	59.2648269265522	Nanobdellota	Nanobdellia	JACQNA01 sp035289865
GCA_035290625	48.2998729463721	1849493.72215472	45.9	0.583639110176628	1.27	57.5858122793055	Nanobdellota	Nanobdellia	DATDTY01 sp035290625
GCA_035290865	56.1362367818086	2239654.47897623	37.25	0.60210719861426	1.357	53.1507032565908	Nanobdellota	Nanobdellia	DATDTM01 sp035290865
GCA_035291085	51.699740065579	2239090.75224293	39.2	0.593117800398234	1.365	53.7779875134367	Nanobdellota	Nanobdellia	JACPIL01 sp035291085
GCA_035291225	56.5541235396535	1464689.82630273	40.91	0.591809696100767	1.389	49.868657668047	Aenigmatarchaeota	Aenigmatarchaeia	DATDSO01 sp035291225
GCA_035292785	62.7226625418924	1449982.3037323	41.9	0.589047705204752	1.354	58.6458800585729	Nanobdellota	Nanobdellia	CABMGU01 sp035292785
GCA_035297105	48.3167621661711	1994519.70181044	67.86	0.592171462171837	1.214	64.5438784487069	Thermoplasmatota	Thermoplasmata	UBA184 sp035297105
GCA_035297365	26.6590394033398	2837338.28327146	30.54	0.575086611204072	1.099	55.8593232821144	Thermoproteota	Nitrososphaeria	TH1177 sp035297365
GCA_035297385	47.116848453503	2863068.83689386	39.67	0.576036812230024	1.05	61.7470764793598	Thermoproteota	Bathyarchaeia	UBA11855 sp035297385
GCA_035299465	43.327049539737	2097827.741266	43.34	0.549142870265119	1.031	55.9442697370692	Nanobdellota	Nanobdellia	DATGWN01 sp035299465
GCA_035310965	46.3175626099192	1905921.8783813	63.98	0.603450749622612	1.478	61.5965569772948	Halobacteriota	Methanomicrobia	JACTUA01 sp035310965
GCA_035319165	54.5513088922228	1716633.36052202	39.28	0.594048462282621	1.313	61.6573465806206	Methanobacteriota	Methanobacteria	Methanobacterium sp035319165
GCA_035319845	73.8642213858753	1735032.21188261	53.12	0.643314761569573	1.719	71.8890935298024	Korarchaeota	Korarchaeia	WALU01 sp035319845
GCA_035351515	58.9742967033989	1495425.57835007	29.25	0.610676618366721	1.392	56.368022104705	Nanobdellota	Nanobdellia	MWBV01 sp002069705
GCA_035358455	54.0152127306576	1728505.10024622	34.81	0.607014113207202	1.389	61.665587778526	Methanobacteriota_B	Thermococci	Methanofastidiosum sp023622545
GCA_035360335	53.7500568695445	2085324.58209414	54.8	0.598630354030597	1.497	62.2637692995485	Halobacteriota	Methanosarcinia	Methanothrix_B sp029553285
GCA_035362535	52.3619183816135	2012170.95143924	37.39	0.592102519749492	1.286	61.7885716931734	NA	NA	NA
GCA_035362715	51.7514666752436	1896018.14728846	35.35	0.606214057772728	1.383	61.539909185969	Methanobacteriota_B	Thermococci	Methanofastidiosum sp035362715
GCA_035363015	53.1528297171251	2208511.9047619	37.95	0.592173516696203	1.294	60.8869959551398	Methanobacteriota	Methanobacteria	Methanobacterium sp020855015
GCA_035363095	49.3196847042499	2093884.77631155	31.59	0.584438218295452	1.228	60.2925027643623	Nanobdellota	Nanobdellia	DAOSEK01 sp035363095
GCA_035369905	43.5483765598176	2082160.29292107	55.89	0.5809801655326	1.389	61.785287759181	Halobacteriota	Methanosarcinia	Methanothrix sp018052825
GCA_035373565	55.854690781591	1551077.53096967	33.5	0.609601007355367	1.374	61.3677254207635	Methanobacteriota_B	Thermococci	Methanofastidiosum sp001587595
GCA_035373665	48.3802993486132	2084251.26624092	66.25	0.599578338126053	1.465	61.2608415523808	NA	NA	NA
GCA_035374505	44.4288679661196	2126344.58909683	56.13	0.587380323181562	1.321	61.181033887571	NA	NA	NA
GCA_035378125	49.0603857651317	3104189.14791815	41.12	0.597174173614954	1.366	60.124040256329	NA	NA	NA
GCA_035380685	48.2059499415399	2926832.79395901	56.43	0.594150707469562	1.49	61.7475538182792	Halobacteriota	Methanosarcinia	Methanocrinis sp035380685
GCA_035382285	47.4941563660108	2626777.65178848	53.7	0.587355402651206	1.377	61.3232602747956	Halobacteriota	Methanosarcinia	Methanothrix sp016706325
GCA_035384385	47.8388996510557	2389001.75674279	54.77	0.587281297435488	1.306	61.0223184823533	Halobacteriota	Methanomicrobia	UBA9949 sp016699325
GCA_035389685	44.9256890797285	2348423.24093817	58.17	0.580237381464165	1.333	60.8306662357522	Halobacteriota	Methanomicrobia	MVRE01 sp022711635
GCA_035404685	52.1411043922529	1733240.61486981	49.72	0.587652228866075	1.409	61.4984168999007	Methanobacteriota_B	Thermococci	JAFGGT01 sp036733165
GCA_035409185	51.9055477555901	2701633.87690689	58.53	0.59140405299214	1.444	60.5248078860786	NA	NA	NA
GCA_035420185	42.2358941016172	2698859.72942732	55.01	0.576762887192522	1.275	61.5437656207895	Halobacteriota	Methanosarcinia	MVQI01 sp002067795
GCA_035423365	44.7836359789039	2193809.03385122	53.56	0.585723260430715	1.271	60.8283957591206	NA	NA	NA
GCA_035441385	59.5809132348393	1912150.65268564	60.07	0.596884482022446	1.555	60.976239609166	NA	NA	NA
GCA_035449145	46.3579909539116	2065846.54994851	56.98	0.593276489625705	1.375	61.3520578319199	NA	NA	NA
GCA_035454925	22.1846148954503	2284836.34311512	36.09	0.570267181455569	1.065	56.16497760673	Thermoproteota	Nitrososphaeria	TA-21 sp035454925
GCA_035455105	30.5274640644512	1630030.55335521	32.76	0.575134619084615	1.16	56.9497121039573	Thermoproteota	Nitrososphaeria	Nitrosarchaeum sp035455105
GCA_035455245	30.8631548356921	1753877.57424053	36.34	0.577329090699591	1.146	59.2205193544587	Thermoproteota	Nitrososphaeria	UBA8516 sp035455245
GCA_035457865	37.5057133303104	1400488.52965648	36.08	0.582000270037042	1.213	59.4422965675555	Thermoproteota	Nitrososphaeria	UBA8516 sp035457865
GCA_035458995	30.0730339523731	1521941.09620196	33.53	0.57751077580631	1.266	57.4266456649469	NA	NA	NA
GCA_035476335	45.1764613613969	1595145.31164321	56.42	0.573476602844204	1.304	61.6317414110175	Nanobdellota	Nanobdellia	DSQK01 sp035476335
GCA_035501555	53.2652008790677	2007352.6734926	70.06	0.59917768746429	1.352	65.0067070713972	Thermoplasmatota	Thermoplasmata	UBA184 sp035501555
GCA_035502055	41.1913442735107	2070816.92690654	72.98	0.592104765435274	1.366	64.886364206618	Thermoplasmatota	Thermoplasmata	UBA184 sp035502055
GCA_035502455	57.0831410579677	1856473.07286167	72.85	0.597930000393109	1.518	65.6515691391253	Thermoplasmatota	Thermoplasmata	UBA184 sp035502455
GCA_035504395	54.8860843810154	1974242.28977147	71.58	0.595368906480602	1.423	65.8182060729545	Thermoplasmatota	Thermoplasmata	UBA184 sp035504395
GCA_035505975	41.977776773061	2201679.75051081	52.45	0.580937773882559	1.18	60.8026871326932	Halobacteriota	Methanomicrobia	CAIKOD01 sp035505975
GCA_035506435	42.3877888196471	2059430.04047697	64.43	0.596503188033845	1.403	61.1877339218797	Halobacteriota	Methanomicrobia	JACTUA01 sp035506435
GCA_035506675	48.5638207615636	2052620.68248023	60.13	0.58670679640739	1.416	61.1319128911453	Thermoplasmatota	Thermoplasmata	JAJRAL01 sp035506675
GCA_035526765	35.4068071480739	2619575.21297701	69.4	0.56360605263684	1.245	60.2552853873032	Thermoplasmatota	E2	JAHFTW01 sp035526765
GCA_035527135	37.2676099461762	2726326.33984213	50.18	0.578942792062103	1.297	61.440348842186	Halobacteriota	Methanosarcinia	Methanothrix sp035527135
GCA_035527755	46.8484163597618	1733564.42793769	55.16	0.58746438180717	1.409	60.94917483102	Thermoplasmatota	Thermoplasmata	UBA472 sp035527755
GCA_035527875	32.4876211406443	2044986.96588462	33.85	0.575633351641963	1.175	57.7148714195126	Thermoproteota	Nitrososphaeria	Nitrosomaritimum sp035527875
GCA_035527915	41.2731076712559	1993365.85365854	49.59	0.578443331196351	1.24	60.0488394296174	Halobacteriota	Methanomicrobia	Methanoregula sp035527915
GCA_035528475	47.4263170170727	2253165.26034163	49.55	0.587118639682817	1.29	60.1240804992752	Halobacteriota	Methanomicrobia	SD8 sp035528475
GCA_035528495	31.8223930873249	2079964.12958188	33.69	0.572893069246311	1.15	57.1072505232254	Thermoproteota	Nitrososphaeria	Nitrosomaritimum sp035528495
GCA_035529155	56.0768957255521	1807554.67800729	52.26	0.596088945516084	1.479	61.2314237562873	Thermoplasmatota	Thermoplasmata	JAAEEP01 sp035529155
GCA_035529455	39.451138262529	1853777.45241581	57.89	0.57667073645231	1.452	60.6128893394628	Thermoplasmatota	Thermoplasmata	UBA10834 sp035529455
GCA_035529515	59.8160204507131	2287021.52339219	58.74	0.604312922712586	1.518	63.3199343243893	Thermoproteota	Bathyarchaeia	RBG-16-57-9 sp035529515
GCA_035532555	50.9286098571387	1688129.93576919	67.15	0.59716391180529	1.376	63.993543432553	Thermoplasmatota	Thermoplasmata	UBA184 sp035532555
GCA_035540375	42.9028981794122	3308386.68779715	70.57	0.576387843216407	1.531	61.7610475867856	Thermoplasmatota	SW-10-69-26	DATLGO01 sp035540375
GCA_035541015	45.8708324459633	2305499.53022236	69.47	0.580697942082302	1.486	61.7868366249706	Thermoplasmatota	SW-10-69-26	DATLFM01 sp035541015
GCA_035543435	40.683039386081	2436876.13512532	50.18	0.568276369113797	1.036	59.3902190071786	Thermoplasmatota	E2	SM1-50 sp035543435
GCA_035543455	42.0662675516358	2096996.53324929	50.23	0.581612352578779	1.181	60.441852099018	Halobacteriota	Methanomicrobia	CAIKOD01 sp035543455
GCA_035548435	39.3304678686126	1723404.20449116	33.85	0.577584556402845	1.18	55.771847509424	Nanobdellota	Nanobdellia	DAIEOU01 sp035548435
GCA_035557795	45.2875384424504	2197589.3599335	64.02	0.586797231241533	1.399	63.9068204276233	Thermoplasmatota	Thermoplasmata	RBG-16-68-12 sp035557795
GCA_035560835	43.8474958370917	3744744.13279908	41.61	0.59035558253756	1.292	59.2814740590066	Halobacteriota	Methanosarcinia	Methanosarcina sp035560835
GCA_035561295	34.5674029070999	3591532.14916381	46.75	0.571967862275934	1.108	57.9323735265536	Halobacteriota	Methanomicrobia	Methanospirillum sp035561295
GCA_035562195	45.9048022164242	2233089.92985972	43.07	0.569671826948346	1.037	59.7761916581733	Thermoplasmatota	E2	SM1-50 sp035562195
GCA_035562555	32.3151999585724	2091376.30462209	42.55	0.571378450352961	1.19	56.1982491658508	Thermoproteota	Nitrososphaeria	Nitrososphaera sp035562555
GCA_035575435	36.8862624582851	1754901.12669579	45.29	0.574334175106089	1.209	58.6874237797381	Thermoproteota	Nitrososphaeria	Nitrosotenuis sp035575435
GCA_035615715	75.5585823246402	1980100.28315243	57.27	0.643323217750361	1.635	69.9008241250057	NA	NA	NA
GCA_035615835	79.4421453875065	1698782.67611874	44.28	0.638711567937968	1.458	71.0926574618277	Thermoproteota	Thermoprotei_A	S143-63 sp027081695
GCA_035615915	82.7910908156577	1752686.8593804	44.05	0.638142947211555	1.447	71.3738515108855	NA	NA	NA
GCA_035616075	71.8203038594489	1642579.28118393	40.12	0.630773828604207	1.415	69.2500082030375	NA	NA	NA
GCA_035620415	39.763906935778	1880131.25512715	53.24	0.574021499749242	1.308	59.6918256261442	Thermoproteota	Nitrososphaeria	Nitrososphaera sp035620415
GCA_035620615	31.9863889746221	1594970.72793549	32.95	0.580536616425687	1.176	57.9941156756936	Thermoproteota	Nitrososphaeria	CSP1-1 sp035620615
GCA_035620895	23.2794230351241	2263814.12721081	35.5	0.571478609230567	1.08	56.5503321982861	Thermoproteota	Nitrososphaeria	TA-21 sp035620895
GCA_035622275	53.3100452221193	1823183.11045593	71.8	0.598005729606921	1.508	65.6133636579235	Thermoplasmatota	Thermoplasmata	UBA184 sp035622275
GCA_035622335	35.8051033215655	2044689.76732549	58.37	0.579446195039919	1.127	64.1690148747102	Thermoproteota	Nitrososphaeria	DATJAJ01 sp035622335
GCA_035622475	43.3323667120618	2308503.64479788	56.9	0.58655864659476	1.204	62.9562641568271	Thermoproteota	Nitrososphaeria	UBA183 sp035622475
GCA_035623855	53.6310423825864	1974916.66666667	66.53	0.598313311877981	1.356	64.4902638177315	Thermoplasmatota	Thermoplasmata	UBA184 sp035623855
GCA_035625455	40.6462983375993	2152103.17460317	58.3	0.588761136656796	1.219	63.474569382151	Thermoproteota	Nitrososphaeria	UBA183 sp035625455
GCA_035626895	38.639830178782	2129675.19685039	35.74	0.570273485894546	1.189	56.833213349951	Nanobdellota	Nanobdellia	UBA9642 sp035626895
GCA_035630235	22.1596262233134	3162102.33086981	28.79	0.571963415620138	1.047	55.1358412615754	Thermoproteota	Nitrososphaeria	TH1177 sp035630235
GCA_035631875	25.7296185221049	1963433.93695506	35.12	0.567258474666132	1.032	59.2443261032178	Thermoproteota	Nitrososphaeria	TA-20 sp035631875
GCA_035632695	47.7870971980353	2507693.17137899	66.84	0.590292030851216	1.441	64.3708351400627	Thermoplasmatota	Thermoplasmata	RBG-16-68-12 sp035632695
GCA_035636315	44.0833796783226	2215202.6286966	65.67	0.588470473552068	1.451	64.5374766756617	Thermoplasmatota	Thermoplasmata	RBG-16-68-12 sp035636315
GCA_035636595	44.2441300149474	2294499.68665135	65.01	0.585483827302726	1.407	64.1343923765905	Thermoplasmatota	Thermoplasmata	RBG-16-68-12 sp035636595
GCA_035639375	30.0628264442655	3191025.44074983	33.97	0.569619420255432	1.085	56.743651952142	Thermoproteota	Nitrososphaeria	JAJNBK01 sp035639375
GCA_035642715	34.2370060033499	3601435.8974359	33.95	0.570288970067804	1.102	56.7291202020394	Thermoproteota	Nitrososphaeria	JAJNBK01 sp035642715
GCA_035643435	22.5712860055844	3602405.36820372	39.4	0.567434241267993	1.066	57.2119514470099	Thermoproteota	Nitrososphaeria	TH5896 sp035643435
GCA_035643635	29.037710460274	2483411.23012009	36.01	0.568308975921297	1.063	56.9147724875185	Thermoproteota	Nitrososphaeria	DASQQB01 sp035643635
GCA_035656255	37.2819151980204	2403265.625	69.13	0.581580130415746	1.152	64.9882994519633	Thermoplasmatota	Thermoplasmata	UBA184 sp035656255
GCA_035656275	38.7630477323946	2274275.21437321	67.89	0.589093798158444	1.169	64.9931753367397	Thermoplasmatota	Thermoplasmata	UBA184 sp035656275
GCA_035656295	42.157065607204	2347385.80463809	50.9	0.582374552921723	1.11	62.0731986929922	Thermoproteota	Bathyarchaeia	40CM-2-53-6 sp035656295
GCA_035685445	36.469552781025	1459871.36086662	34.14	0.581423026074474	1.248	58.2723470993861	Thermoproteota	Nitrososphaeria	DRGT01 sp035685445
GCA_035685565	30.4667187663977	1724159.20172355	35.54	0.570722968966199	1.088	58.9216191211859	Thermoproteota	Nitrososphaeria	TA-20 sp035685565
GCA_035691865	24.6672145031985	3225583.56164384	39.2	0.565030582404255	1.04	58.3553405300867	Thermoproteota	Nitrososphaeria	Nitrosopolaris sp035691865
GCA_035703205	37.092149916814	1598170.23809524	33.66	0.577771621550314	1.201	56.9059603342106	Thermoproteota	Nitrososphaeria	Nitrosarchaeum sp035703205
GCA_035706205	27.3441253295499	2503414.06768414	27.47	0.5788542313082	1.096	55.0766890109035	Thermoproteota	Nitrososphaeria	TH1177 sp035706205
GCA_035761745	22.0522830519215	2050280.18223235	35.92	0.57121705900842	1.093	56.7454978214375	NA	NA	NA
GCA_035933635	36.696051126208	2441788.32116788	68.45	0.583709727084735	1.133	65.24238136487	Thermoplasmatota	Thermoplasmata	JAKIVR01 sp035933635
GCA_035935115	30.2971419298174	1854104.6277666	35.47	0.571920327345522	1.085	59.1376557266733	Thermoproteota	Nitrososphaeria	TA-20 sp035935115
GCA_035935655	33.3125213349781	2980566.53177815	51.52	0.577790389866558	1.073	62.5351387096722	Thermoproteota	Bathyarchaeia	40CM-2-53-6 sp035935655
GCA_035945215	38.9046777641753	2003600.12266176	68.11	0.587230918236636	1.173	64.7251483688817	Thermoplasmatota	Thermoplasmata	UBA184 sp035945215
GCA_036003785	34.8292587085814	1969444.69783352	47.77	0.570494758003678	1.234	59.0889154983896	Thermoproteota	Nitrososphaeria	Nitrososphaera sp036003785
GCA_036004585	34.3994747107694	2114204.50723175	47.92	0.570757415595388	1.214	59.009296795105	Thermoproteota	Nitrososphaeria	Nitrososphaera sp036004585
GCA_036012225	45.747906673388	1171540.46112116	35.52	0.593118492410547	1.2	57.6479520337065	Thermoproteota	Nitrososphaeria	JASMAB01 sp030745655
GCA_036012845	50.379878830145	1199978.41985373	34.58	0.597099764013817	1.438	51.9738491704723	Nanobdellota	Nanobdellia	GCA-2688925 sp002688925
GCA_036128415	23.314697647129	2497992.12598425	62.37	0.552847129517642	1.269	60.740496651909	NA	NA	NA
GCA_036135775	23.0662005085482	1754395.44463291	51.07	0.564888376671054	1.164	60.4827622633191	NA	NA	NA
GCA_036145775	26.6863886832888	2353844.84435798	40.29	0.556434881541962	1.053	59.1500876866272	Thermoplasmatota	Poseidoniia	MGIIb-N2 sp002697105
GCA_036154155	29.4248005625138	1674826.87338501	52.53	0.563957376721901	1.174	59.6606158241331	Thermoplasmatota	Poseidoniia	MGIIb-O5 sp036154155
GCA_036171435	56.9172576086279	1478899.12868633	42.6	0.590344798445027	1.379	51.0113537215532	Aenigmatarchaeota	Aenigmatarchaeia	DAIDAN01 sp036171435
GCA_036280615	16.861801439748	2104801.50581793	35.62	0.571687138264996	1.091	56.0416681473635	Thermoproteota	Nitrososphaeria	TA-21 sp036280615
GCA_036336495	25.6991409968817	1802152.49105423	52.49	0.568414719793788	1.195	61.3758323160468	Thermoplasmatota	Poseidoniia	UBA36 sp030748775
GCA_036377555	30.3862443044183	2426333.5895465	29.11	0.577047499113963	1.075	55.8216416463564	NA	NA	NA
GCA_036380115	27.7962036828691	2887106.14767429	28.15	0.572855341649915	1.065	55.4360065477823	Thermoproteota	Nitrososphaeria	TH1177 sp036380115
GCA_036380415	25.1026166351703	3205823.16704916	28.99	0.572868474639811	1.051	55.1771882608039	Thermoproteota	Nitrososphaeria	TH1177 sp036380415
GCA_036381375	35.2367940831243	2844894.67592593	48.8	0.56658943057342	1.197	58.5141744578798	Thermoproteota	Nitrososphaeria	Nitrososphaera sp036381375
GCA_036395115	42.5421627616974	2462555.56693639	65.52	0.587061363739402	1.446	64.8146836404369	Thermoplasmatota	Thermoplasmata	RBG-16-68-12 sp036395115
GCA_036395315	22.9304620961383	3892830.9377139	37.87	0.569443562144315	1.052	57.5059829447763	Thermoproteota	Nitrososphaeria	TA-21 sp036395315
GCA_036396715	35.7909451188073	1731033.20631464	40.82	0.574625949916293	1.188	58.3173877256255	Thermoproteota	Nitrososphaeria	Nitrosotenuis sp036396715
GCA_036478905	47.6925783787212	2075793.40058848	57.07	0.590192650848049	1.447	60.9703130296374	NA	NA	NA
GCA_036480815	46.4689958027195	1925507.93815503	37.88	0.591492015821714	1.236	56.6829932420016	Thermoproteota	Bathyarchaeia	RBG-13-38-9 sp023144075
GCA_036504055	43.9532092150094	2823721.22626498	55.01	0.575226828542214	1.237	59.820527161195	Thermoplasmatota	Thermoplasmata	DASXVU01 sp036504055
GCA_036504475	41.4318973860271	4001636.90806255	38.63	0.588359446561474	1.252	60.0378896725503	Halobacteriota	Methanosarcinia	Methanosarcina sp036504475
GCA_036515035	53.0066629943075	1906379.72549964	44.92	0.59216663363896	1.277	60.1420519835629	Thermoproteota	Nitrososphaeria	VHBL01 sp024860875
GCA_036518375	33.5474278787328	3938286.00520421	35.74	0.563805189466049	1.033	57.0004003950356	Thermoproteota	Nitrososphaeria	JAFAQB01 sp036518375
GCA_036519825	27.8212800154605	2198322.05978617	43.38	0.569266549683868	1.169	57.9845341094641	Thermoproteota	Nitrososphaeria	Nitrososphaera sp036519825
GCA_036520175	16.459228459703	2683635.18197574	29.03	0.574255820731306	1.061	55.418123557499	Thermoproteota	Nitrososphaeria	TH1177 sp036520175
GCA_036521355	23.4450122659981	3481204.04214147	29.1	0.568444331010355	1.024	55.517157775753	Thermoproteota	Nitrososphaeria	Nitrosocosmicus sp036521355
GCA_036522495	33.4447830062437	3303596.27261892	37.05	0.56872553730049	1.087	57.3155009920459	Thermoproteota	Nitrososphaeria	JAFAQB01 sp036522495
GCA_036525555	34.8594265035368	1559907.00839193	34.01	0.577124740587196	1.244	57.0870115532815	Thermoproteota	Nitrososphaeria	Nitrosopumilus sp036525555
GCA_036555525	21.1393269013866	2244764.94800693	35.94	0.568494383411475	1.065	56.6498322343641	Thermoproteota	Nitrososphaeria	TA-21 sp029237505
GCA_036555705	21.4755581535555	4142797.84946236	36.47	0.561988190711201	1.021	57.2267614919946	NA	NA	NA
GCA_036557405	19.3620994489226	2347273.14390467	35.16	0.571712323257088	1.068	56.0641399543321	Thermoproteota	Nitrososphaeria	TA-21 sp036557405
GCA_036558405	18.6987130708863	3721608.19995615	37.91	0.563941177032944	1.011	57.4938516221423	Thermoproteota	Nitrososphaeria	TA-21 sp036558405
GCA_036560565	33.26651676628	1886647.19626168	40.84	0.5684601904692	1.144	58.7423069032227	Thermoproteota	Nitrososphaeria	Nitrosotenuis sp036560565
GCA_036567605	47.4084024809568	3055005.96464592	44.04	0.594165511685891	1.342	60.9949455005018	Halobacteriota	Methanosarcinia	Methanoperedens sp036567605
GCA_036625595	39.5998787039375	3258282.15495574	61.89	0.555195653006489	1.41	62.427100581068	Halobacteriota	Halobacteria	Salinibaculum sp036625595
GCA_036626035	41.5264217064124	4150135.69384077	69.18	0.583038856264548	1.7	63.589002995687	NA	NA	NA
GCA_036626195	61.0937146352373	2347113.52397334	45.93	0.611864762223074	1.756	59.9135889357267	Thermoplasmatota	Thermoplasmata	Natronoplasma sp036626195
GCA_036626215	57.7292781583475	1497262.28804464	34.97	0.596649098753475	1.438	60.3362124060803	Thermoplasmatota	E2	JAZKSG01 sp036626215
GCA_036626435	45.0448566493992	2998777.99978967	65.7	0.569874779449182	1.569	63.6023856592843	Halobacteriota	Halobacteria	SW-9-67-25 sp036626435
GCA_036677555	48.5988058595128	2040523.60338075	58.66	0.585309659620972	1.45	61.2096977737203	Thermoplasmatota	Thermoplasmata	UBA472 sp036677555
GCA_036677945	56.7084449780312	1693397.13419098	41.9	0.598163071093689	1.362	61.5873544124347	Methanobacteriota	Methanobacteria	Methanobacterium sp030693105
GCA_036720895	27.9015965747289	5182654.14364641	39.21	0.563636951943364	1.07	58.0124739640459	Thermoproteota	Nitrososphaeria	Nitrosopolaris nunavutensis
GCA_036733025	60.9334525394418	1212083.14298767	28.42	0.625517741722728	1.572	58.2478204856047	Nanobdellota	Nanobdellia	CAKZRD01 sp937143345
GCA_036749235	31.5659982874239	1865568.25899932	39.14	0.573071689859655	1.091	59.0221196716385	Thermoproteota	Nitrososphaeria	Nitrosotalea sp001920395
GCA_036750675	45.5201164318617	2430112.45314452	60.19	0.580873974392398	1.46	61.3673467974355	Thermoplasmatota	Thermoplasmata	DTU008 sp002504525
GCA_036777785	55.6577725974328	1394609.53989025	29.21	0.594862769105193	1.27	55.8840192376993	Nanobdellota	Nanobdellia	PNOQ01 sp018302135
GCA_036787775	58.0443723783787	1887566.21689155	33.23	0.601996645915832	1.414	56.5815777642111	Nanobdellota	Nanobdellia	DAIQOR01 sp036787775
GCA_036794525	51.3523602087572	2624318.77729258	62.1	0.590164675219419	1.468	61.402735373405	Halobacteriota	Methanomicrobia	Methanoculleus sp036794525
GCA_036800005	50.1437589825232	1658752.10225362	39.13	0.593414350678221	1.28	52.0802093124085	Nanobdellota	Nanobdellia	JAGVYX01 sp018303045
GCA_036803625	39.2872112191491	2458986.67831404	59.39	0.566935087827707	1.29	60.7729131571297	Thermoplasmatota	Thermoplasmata	DAIRED01 sp036795795
GCA_036807565	52.8913248649761	2273584.46324804	38.05	0.591079305194213	1.33	60.9278559040012	Methanobacteriota	Methanobacteria	Methanobacterium_C sp002498385
GCA_036821685	21.1952945796914	2389699.17515769	51.24	0.542710080767248	1.077	59.222213196076	Thermoplasmatota	Poseidoniia	MGIIa-L1 sp938084455
GCA_036833455	41.1231916850201	1459922.79855247	29.15	0.614627833134998	1.379	57.5123503317144	Nanobdellota	Nanobdellia	GW2011-AR1 sp937982425
GCA_036833835	95.9916932282616	1936484.23303046	57.05	0.636145443297316	1.708	70.1754745250273	Thermoproteota	Thermoprotei	Pyrobaculum sp036833835
GCA_036837155	52.4338147950232	1394755.48245614	53.88	0.578868993759145	1.454	60.1264890344861	Thermoplasmatota	Thermoplasmata	RumEn-M2 sp002502965
GCA_036838325	42.7031908296557	4944892.05702648	38.84	0.585799579317763	1.215	60.0511127864136	Halobacteriota	Methanosarcinia	Methanosarcina sp11020u
GCA_036844865	33.7776894820235	2101897.52890501	42.26	0.571848509130783	1.187	57.6091005075136	Thermoproteota	Nitrososphaeria	Nitrososphaera sp036844865
GCA_037128175	37.5415595112097	3088265.44431712	50.8	0.576388691440865	1.27	61.1376580702848	Halobacteriota	Methanosarcinia	Methanothrix sp037128175
GCA_037137755	40.1240062538155	2827797.51712329	49.64	0.577261126099691	1.152	60.4959135674255	Halobacteriota	Methanomicrobia	CAIKOD01 sp037137755
GCA_037439845	59.339173394296	1372292.99363057	33.33	0.604617306322077	1.502	56.022255706043	Nanobdellota	Nanobdellia	JBBIVF01 sp037439845
GCA_037440545	72.6927467980051	1642415.10330088	41.87	0.621565559341576	1.569	64.4229956777149	Thermoproteota	Bathyarchaeia	JAVZIQ01 sp037440545
GCA_037440825	52.2418032726373	1154133.15754779	54.35	0.588993836548467	1.494	56.5787527039717	Micrarchaeota	Micrarchaeia	JAHJBR01 sp037440825
GCA_037441265	44.091252073302	2063586.92098093	51.19	0.57175300727574	1.264	59.841235137786	Thermoproteota	Nitrososphaeria	Nitrososphaera sp037441265
GCA_037442405	58.897009462886	1531728.91361108	39.23	0.598091303860941	1.423	62.1071085715735	Thermoproteota	Nitrososphaeria	JBBIQH01 sp037442405
GCA_037442745	37.556675303274	1764233.81462506	48.82	0.593711497557298	1.255	59.5412079766751	SpSt-1190	SpSt-1190	JBBIPP01 sp037442745
GCA_037443105	71.3296257580394	1617392.55900237	42.14	0.618814563670905	1.612	59.9781983369634	Halobacteriota	JAWCLZ01	JAWCLZ01 sp037443105
GCA_037443975	37.7184626738641	2192429.12300055	47.46	0.570176071459246	1.25	59.0428841739013	Thermoproteota	Nitrososphaeria	Nitrososphaera sp013114715
GCA_037444045	75.7034011738382	1983579.04843183	49.29	0.628103516651396	1.441	66.699736597833	Thermoproteota	Thermoprotei_A	Aramenus sp037444045
GCA_037444485	50.8891784808644	1492669.56386776	47.52	0.586521468233598	1.374	52.0692779257034	Micrarchaeota	Micrarchaeia	JBBIMI01 sp037444485
GCA_037444945	42.707990915511	1607899.98511683	58.54	0.566293758433324	1.204	60.847003660529	Micrarchaeota	Micrarchaeia	JBBILJ01 sp037444945
GCA_037445145	66.1055996022044	1619801.90887808	47.41	0.5920140524933	1.387	61.4561300445808	Nanobdellota	Nanobdellia	JAWAAW01 sp037445145
GCA_037447235	50.2436623254746	1132045.92098512	48.7	0.600951458544387	1.562	57.644518042425	Micrarchaeota	Micrarchaeia	JAVZJR01 sp037447235
GCA_037478935	59.0111998887278	1577453.11366698	54.55	0.609942982131107	1.452	63.5969984009985	Thermoproteota	Methanomethylicia	Methanosuratincola sp037478935
GCA_037481775	60.4138099078404	2074900.8885851	45.52	0.592270512758671	1.292	63.0390348820694	Thermoproteota	Bathyarchaeia	JAOAIV01 sp037481775
GCA_037622285	17.8051656857554	2466298.55577689	51.19	0.542907899669149	1.067	58.7577933583788	Thermoplasmatota	Poseidoniia	MGIIa-L1 sp905182125
GCA_037720485	24.9228799121835	2552606.23869801	34.92	0.566768356807687	1.056	54.7685817031834	Thermoproteota	Nitrososphaeria	Nitrosocosmicus sp037720485
GCA_037917675	79.5963123448166	2015765.83710407	49.7	0.636490296009508	1.774	66.4469599225	Korarchaeota	Korarchaeia	B14-G2 sp037917675
GCA_037917685	79.4070033888927	2382088.80714661	44.75	0.636397828844509	1.518	65.2023456667418	Korarchaeota	Korarchaeia	JAOZGB01 sp037917685
GCA_037928645	69.7875818997276	2023198.07978055	57.99	0.64231308956177	1.723	71.795693874755	Korarchaeota	Korarchaeia	WALU01 sp027078475
GCA_038024865	38.7309008664848	1757189.13818411	39.76	0.584873956693247	1.163	60.041800006859	Thermoplasmatota	Thermoplasmata	JAJZOT01 sp038024865
GCA_038045445	42.6826187904366	2465456.37415137	33.13	0.58898011571999	1.185	56.5985624959642	Nanobdellota	Nanobdellia	SICU01 sp038045445
GCA_038045705	42.3142538528244	2122355.45500251	32.69	0.586699478060688	1.198	56.5822043757323	Nanobdellota	Nanobdellia	SICU01 sp038045705
GCA_038045945	39.7152834502841	1735345.21614423	34.66	0.589297685554669	1.234	55.5291804598402	Nanobdellota	Nanobdellia	JAGVWS01 sp038045945
GCA_038046005	49.4331977062141	1756952.59140217	33.4	0.590992890103874	1.222	55.3982432770108	Nanobdellota	Nanobdellia	JBBSXB01 sp038046005
GCA_038046265	51.9041634815093	1635762.71186441	31	0.612140158694328	1.465	49.0732929547666	Nanobdellota	Nanobdellia	JAGWAC01 sp038046265
GCA_038046345	49.7356568667968	1485693.86647367	33.95	0.594047897748042	1.293	53.9639150005198	Nanobdellota	Nanobdellia	JBBSWJ01 sp038046345
GCA_038046405	44.5459548112132	1588197.16868497	34.91	0.595105273282254	1.277	54.1023111253133	Nanobdellota	Nanobdellia	JACPNH01 sp038046405
GCA_038046425	54.1244526203282	1854282.17002977	46.6	0.601372360162123	1.331	55.9926137622891	Nanobdellota	Nanobdellia	JAHFRS01 sp038046425
GCA_038046445	51.8647066882782	2235026.04166667	36.94	0.597550511165626	1.327	52.5929288860186	Nanobdellota	Nanobdellia	JACRPH01 sp038046445
GCA_038046465	49.8473188186759	1883419.24123579	35.17	0.596906966711776	1.337	51.8742856197494	Nanobdellota	Nanobdellia	JBBSWB01 sp038046465
GCA_038046545	44.1369266624871	2203732.60227752	40.74	0.576732828688039	1.187	59.0712276542084	Nanobdellota	Nanobdellia	JBBSVZ01 sp038046545
GCA_038046605	37.2500250982029	2169769.20015917	46.74	0.575330556528735	1.184	54.0213099808101	Micrarchaeota	Micrarchaeia	JACRGC01 sp038046605
GCA_038046705	34.2169058212172	1441101.81644359	33.01	0.579115619222063	1.2	57.2050351562889	NA	NA	NA
GCA_038046745	61.6832947596768	1630054.77920626	60.86	0.634916693386822	1.799	63.7562519904214	Hydrothermarchaeota	Hydrothermarchaeia	JACQPM01 sp038046745
GCA_038046785	33.3677318526044	1925517.28045326	66.3	0.563206212656022	1.238	59.5651418752794	Thermoplasmatota	E2	JAHFTW01 sp038046785
GCA_038105625	22.3038164305816	2386666.66666667	61.86	0.554348652588289	1.237	61.0928479631569	Thermoplasmatota	Poseidoniia	MGIIa-L3 sp030830875
GCA_038106355	28.1531596333523	2293538.38760062	45.36	0.545089812730902	1.012	60.2363935643523	Thermoplasmatota	Poseidoniia	Poseidonia sp038106355
GCA_038108955	34.1758448976819	1509915.95657757	34.38	0.576778710525415	1.257	57.5379802449923	NA	NA	NA
GCA_038111775	28.0689257632157	1778382.80576426	52.65	0.565110918396233	1.144	60.8593290613486	NA	NA	NA
GCA_038115125	28.6737962179656	1927427.60208409	51.37	0.565113891845256	1.184	60.7495376601164	Thermoplasmatota	Poseidoniia	UBA36 sp001628485
GCA_038128845	34.6789005912559	1026528.18324725	27.86	0.584666374296334	1.167	57.399174516736	Nanobdellota	Nanobdellia	ARS21 sp038128845
GCA_038131005	22.3800368219922	2043119.44091487	30.2	0.572437687106865	1.046	56.5108002087433	Asgardarchaeota	Heimdallarchaeia	Kariarchaeum pelagium
GCA_038146705	25.5626243881592	2430221.34951803	44.8	0.54383266146119	1.022	59.7992898654487	Thermoplasmatota	Poseidoniia	Poseidonia sp038146705
GCA_038147435	32.2405141059669	1497079.89629979	30.91	0.576136210454277	1.205	56.409725215556	Thermoproteota	Nitrososphaeria	Nitrosopumilus sp003702465
GCA_038148515	21.30229847504	2321255.45722714	56.21	0.543340411606191	1.07	60.3080312518009	Thermoplasmatota	Poseidoniia	Poseidonia sp038148515
GCA_038152885	36.3929589162998	1498723.42883549	34.99	0.574366742626816	1.229	57.35527098499	Thermoproteota	Nitrososphaeria	Nitrosopumilus brisbanensis
GCA_038562655	47.6213183811173	4053002.13783976	41.45	0.593104303460248	1.333	60.8867194249557	Halobacteriota	Methanosarcinia	Methanosarcina mazei
GCA_038727015	94.3097476286152	2027822.67915309	55.96	0.630793858452517	1.629	70.1250232391006	Thermoproteota	Thermoprotei	Thermoproteus sp038893495
GCA_038727095	84.7392127839986	2417011.5389602	56.58	0.638623855393902	1.651	70.2533228864109	NA	NA	NA
GCA_038727135	76.5884024939095	1735532.27252353	44.53	0.618082517824318	1.554	65.1309074221727	Thermoproteota	Bathyarchaeia	JAGTQI01 sp038727135
GCA_038727255	84.6617778409952	1575786.94082905	40.52	0.637990736266456	1.406	70.6878483610295	NA	NA	NA
GCA_038728005	67.425213622882	1717396.80851064	41.76	0.619795027203437	1.299	66.4832352944996	NA	NA	NA
GCA_038728085	78.846633851177	1600392.24476073	47.04	0.618827837297858	1.557	65.5531686001155	Thermoproteota	Bathyarchaeia	DRVP01 sp038728085
GCA_038728585	57.1179279561504	2472727.04016372	45.22	0.591638376944569	1.172	61.6922954271084	Thermoproteota	Nitrososphaeria	JAVYTR01 sp038728585
GCA_038729085	33.9967514443944	1563530.3335572	35.58	0.582141890333771	1.156	58.4776862274123	Thermoplasmatota	Thermoplasmata	Ferroplasma sp038729085
GCA_038729425	42.3666134547789	1521329.35260842	44.47	0.582096981793099	1.133	60.6289486715038	Thermoplasmatota	Thermoplasmata	B-DKE sp038729425
GCA_038729445	60.4806712108029	1468170.85427136	72.45	0.609304494276098	1.58	65.3168441262042	Thermoplasmatota	Thermoplasmata	UBA184 sp038729445
GCA_038729465	57.755029606781	1380055.62422744	35.21	0.599259031350043	1.231	60.4723729283371	Thermoplasmatota	Thermoplasmata	JAVRLB01 sp038729465
GCA_038729485	56.1163259399438	1415734.72041612	43.45	0.602015113350126	1.234	62.7635989219539	Thermoplasmatota	Thermoplasmata	GCA-001856825 sp038729485
GCA_038730885	70.3561884350341	2480491.47691925	35.49	0.62170140020717	1.334	60.7035521221618	Thermoproteota	EX4484-205	JAAOZO01 sp017601145
GCA_038732515	89.5872677373541	1431939.30262591	48.99	0.645674550667808	1.545	70.1492195460003	NA	NA	NA
GCA_038733315	83.0745946924399	1294199.18770969	27.79	0.632975752728767	1.501	64.0162174085446	Aenigmatarchaeota	Aenigmatarchaeia	JAHLMO01 sp038733315
GCA_038735125	88.0812794253643	1976636.83980794	40.21	0.623751444101437	1.401	69.7778577597604	Thermoproteota	Thermoprotei_A	Ignisphaera sp038735125
GCA_038736355	75.9220892801233	1336864.55815908	54.89	0.663255802308405	1.92	66.6014780428884	Hadarchaeota	Hadarchaeia	WYZ-LMO6 sp038736355
GCA_038736395	64.5659348416857	1866492.42257852	51.88	0.610691068534935	1.374	67.655286913261	Thermoproteota	Nitrososphaeria_A	Caldarchaeum subterraneum_E
GCA_038736825	53.5016675641966	1477151.18538671	40.96	0.59168907802084	1.385	59.1924841768568	Iainarchaeota	Iainarchaeia	JAPLVS01 sp038736825
GCA_038736885	64.7820894007722	1700977.2834832	51.79	0.613372329373504	1.404	66.8672394501797	NA	NA	NA
GCA_038740345	59.0110921252843	2007036.7885497	48.29	0.598893952385999	1.464	60.5551238407649	Thermoplasmatota	Thermoplasmata	JAJRAN01 sp038740345
GCA_038742305	95.0420022846711	1100090.97660602	26.17	0.646962936588297	1.631	65.395924413931	Aenigmatarchaeota	Aenigmatarchaeia	JAHLMO01 sp038742305
GCA_038815115	100.251613221732	2204319.82232093	56.34	0.635861348716929	1.727	68.9959708357639	NA	NA	NA
GCA_038816475	93.3990495368833	1279711.59179146	44.88	0.644241436135804	1.531	70.4262480361608	Thermoproteota	Thermoprotei_A	UBA285 sp038816475
GCA_038817775	84.4495204196499	1564599.81809914	44.62	0.63199882028434	1.694	64.1580972235022	NA	NA	NA
GCA_038817995	78.5500994752967	1477122.16986553	45.38	0.617844468546076	1.548	65.519407725673	Thermoproteota	Bathyarchaeia	DRVP01 sp038817995
GCA_038818175	79.5179996110151	2510933.74177445	40.85	0.624556161841712	1.507	62.7727135145602	Thermoproteota	Bathyarchaeia	DTEX01 sp038859955
GCA_038819295	77.0626639348545	3218555.90606379	43.46	0.62932868805177	1.403	67.4356985801227	Thermoproteota	Thermoprotei	CALHPJ01 sp038861545
GCA_038819325	83.8068741262609	1552687.19539211	57.75	0.637696732502945	1.649	70.1119654639592	NA	NA	NA
GCA_038819915	79.2267653581523	1836021.72116633	44.79	0.62717549480883	1.636	63.3880379937392	NA	NA	NA
GCA_038820095	64.533608714548	1899408.11579219	43.44	0.627739229924616	1.467	62.6192950239553	NA	NA	NA
GCA_038820405	79.7671829170658	1567919.08831909	41.11	0.630725892371152	1.559	64.1652214922701	Thermoproteota	Bathyarchaeia	DTEX01 sp038820405
GCA_038820435	90.4655194215272	1264229.95427679	43.1	0.634889848495938	1.682	64.9945437647526	Thermoproteota	Bathyarchaeia	DTEX01 sp018396405
GCA_038822555	90.8637991137004	1751260.77706864	43.59	0.635114453604631	1.661	64.4679336847202	Thermoproteota	Bathyarchaeia	DTEX01 sp018396995
GCA_038822705	82.6862568872298	1456695.37002371	41.31	0.626359680391907	1.607	66.6040786479349	NA	NA	NA
GCA_038822855	83.556207201676	1136237.85883877	45.85	0.631484391852331	1.636	67.589120575326	Hadarchaeota	Hadarchaeia	DYTO01 sp038823825
GCA_038822945	77.5685029969539	1201353.5064404	27.91	0.638966144639638	1.507	63.6704660337019	NA	NA	NA
GCA_038823665	80.955278748013	2157938.67306853	39.78	0.629653847725694	1.41	69.6890617561784	NA	NA	NA
GCA_038824035	85.2150635451951	1446506.19430559	41.48	0.638941943041951	1.478	69.9345350795298	Thermoproteota	Thermoprotei_A	UBA285 sp038824035
GCA_038824415	99.6129596953971	1512085.37364275	46.75	0.645956176581516	1.706	68.5140463091515	NA	NA	NA
GCA_038824525	74.9613056859082	1500527.26543705	41.9	0.640605829549787	1.4	68.8821857876267	Thermoproteota	Thermoprotei_A	DTCV01 sp038844925
GCA_038825355	61.8699080077681	1865734.54068867	48.44	0.630419224739406	1.638	63.3754411740107	Thermoproteota	Bathyarchaeia	DTGE01 sp038825355
GCA_038825615	71.3008731225667	3489169.68277624	42.15	0.618537984194859	1.479	54.9679833169997	Asgardarchaeota	Jordiarchaeia	Jordiarchaeum sp030587365
GCA_038825775	64.1579326519102	1403587.43710932	28.73	0.617070092475012	1.409	56.5975475147127	Nanobdellota	Nanobdellia	JAWBOW01 sp038825775
GCA_038826015	61.1710975857679	2517704.20492992	40.44	0.609423201251961	1.421	61.7779763262881	Thermoproteota	Bathyarchaeia	JAWBOR01 sp038826015
GCA_038826135	61.3542086154574	1353764.31553034	38.41	0.616477430845439	1.319	57.0791303243402	Asgardarchaeota	Odinarchaeia	Odinarchaeum sp038826135
GCA_038826715	74.8008581747508	1871327.1494827	42.6	0.613477656741278	1.511	64.7560160440024	Thermoproteota	Bathyarchaeia	JAWBOH01 sp038826715
GCA_038826755	58.3212696523892	1835509.44708473	42.52	0.587798509982219	1.213	62.4806636809802	Thermoproteota	Bathyarchaeia	JAOZHU01 sp038826755
GCA_038828325	65.5262813527251	1898035.77571379	54.34	0.611389592890828	1.393	67.1398791666304	Thermoproteota	Nitrososphaeria_A	Caldarchaeum sp038885755
GCA_038828365	72.9326166147545	1678835.16716039	52.11	0.633523608546558	1.421	70.4568709174825	Thermoproteota	Thermoprotei_A	Zestosphaera sp038727705
GCA_038829665	67.7857626748563	1626187.63326226	52.56	0.626798924807916	1.459	69.8422073395632	Thermoproteota	Nitrososphaeria_A	HRBIN02 sp030550155
GCA_038830485	66.1855276207353	1525735.3745216	26.51	0.606053073882063	1.343	61.2483678495138	NA	NA	NA
GCA_038831005	91.508097511731	1829633.17555938	36.24	0.63072434620398	1.406	68.8481732582703	Thermoproteota	Thermoprotei_A	Ignisphaera sp038831005
GCA_038831615	83.1650742990225	1430931.58809694	44.73	0.630376431169649	1.838	66.7062152872848	NA	NA	NA
GCA_038832005	66.4949377088961	1807414.47521527	51.89	0.608252860075026	1.377	66.6803725911165	Thermoproteota	Nitrososphaeria_A	Caldarchaeum sp038832005
GCA_038833555	93.4961587757032	1682723.28767123	35.08	0.632793685386468	1.427	68.4976389784515	Thermoproteota	Thermoprotei_A	Ignisphaera sp038821645
GCA_038836895	81.643641725831	1493663.76496192	40.87	0.636064525548915	1.435	69.6761234232765	NA	NA	NA
GCA_038840295	80.7777189958016	1599024.51225613	43.62	0.630712544999921	1.617	63.7911567404809	NA	NA	NA
GCA_038840495	76.4528620144622	1644021.54793316	40.68	0.630628243347687	1.744	66.5356474829686	NA	NA	NA
GCA_038840955	79.3116735300457	1794216.66666667	40.73	0.639869714905306	1.562	63.8879810681391	NA	NA	NA
GCA_038841375	91.5434769685116	1368634.19618529	44.96	0.63545729891755	1.702	64.7773424130859	Thermoproteota	Bathyarchaeia	DTEX01 sp038897035
GCA_038841625	75.9524693289681	1954634.82831898	61.69	0.633411559674816	1.615	70.5579761750073	Thermoproteota	Nitrososphaeria_A	Calditenuis fumarioli
GCA_038841775	89.3136478186303	2353358.60250494	37.47	0.632057254171254	1.378	69.8515793066313	Thermoproteota	Thermoprotei_A	Ignisphaera sp038820005
GCA_038843325	83.4951472033282	1190995.45117952	32.47	0.631014485155119	1.72	62.1307180393419	NA	NA	NA
GCA_038843545	79.1227173759198	1501266.6274279	46.47	0.618086208881895	1.556	65.3690328294788	Thermoproteota	Bathyarchaeia	DRVP01 sp038843545
GCA_038844065	82.5259924343475	1808754.77099237	38.73	0.645813124949007	1.443	70.6775288044971	NA	NA	NA
GCA_038844785	63.6531328930959	1910930.10456797	50.42	0.612091400352788	1.382	65.176770635516	Thermoproteota	Nitrososphaeria_A	Caldarchaeum sp038844785
GCA_038845265	65.0712403017773	1456393.59898262	42.81	0.624222223821968	1.394	68.6819414259745	Thermoproteota	Nitrososphaeria_A	CALIKS01 sp038845265
GCA_038845985	68.1511751988963	2118173.58763882	35.14	0.623184281765702	1.375	62.6689315783335	NA	NA	NA
GCA_038846415	77.7276465849104	1773633.3101691	44.26	0.629012530549072	1.62	63.653272104762	NA	NA	NA
GCA_038847255	69.6850130695165	1531414.99243897	51.98	0.629752908092417	1.457	68.9071956119177	NA	NA	NA
GCA_038848005	69.0244423579242	1443371.39689579	42.01	0.609391274827752	1.409	63.7782470628058	Thermoproteota	Bathyarchaeia	JAWCNN01 sp038848005
GCA_038848185	66.2526152690002	2203269.8451708	44.57	0.620343670362907	1.404	60.9519217370582	NA	NA	NA
GCA_038848445	62.7666521836888	1624134.48432531	32.24	0.605023452575688	1.384	59.5424037366752	NA	NA	NA
GCA_038848525	69.4109250259639	1709293.37396997	41.31	0.60698852778832	1.375	63.1738666862891	Thermoproteota	Bathyarchaeia	JAWCNN01 sp038848525
GCA_038849525	66.4492959431879	1496849.75034044	30.01	0.616365277133783	1.432	54.9252797145234	Nanobdellota	Nanobdellia	JAWCMS01 sp038849525
GCA_038849555	62.7556969582064	1893775.39846697	46.52	0.591706258827982	1.297	62.9823560557566	Thermoproteota	Bathyarchaeia	JAOAIV01 sp038849555
GCA_038850275	74.5391162229901	1801216.85606061	39.69	0.62357108284318	1.582	60.0199410840444	Halobacteriota	JAWCLZ01	JAWCLZ01 sp038850275
GCA_038850285	70.0070882693195	1526509.01707871	41.41	0.620550933242774	1.594	59.9214796653818	Halobacteriota	JAWCLZ01	JAWCLZ01 sp038850285
GCA_038850485	65.6492791418173	1343483.9289728	31.53	0.618046419193854	1.498	55.3858011696097	Altiarchaeota	Altiarchaeia	JAWAEV01 sp038891095
GCA_038850615	60.4523948375148	1679268.91991183	45.94	0.592661931382057	1.366	61.6849571905192	Nanobdellota	Nanobdellia	JAWAAW01 sp038850615
GCA_038850735	63.7846276268185	1686282.72782626	43.75	0.6029682175512	1.492	60.2673351282957	Thermoplasmatota	Thermoplasmata	JACIVX01 sp038850735
GCA_038851035	49.5193621975667	2925591.11691705	60.43	0.604920961577602	1.407	63.1714338898172	Thermoplasmatota	DTKX01	JAWCLH01 sp038851035
GCA_038851215	62.6291759534459	867710.68716429	38.18	0.605149154901125	1.402	56.0219101281614	Nanobdellota	Nanobdellia	JAWCLD01 sp038851215
GCA_038851605	67.9996262495055	1378305.86840545	39.06	0.615396233429763	1.511	59.5570941167723	NA	NA	NA
GCA_038851755	72.8139436155163	1412882.18000905	62.48	0.661336408614219	1.92	66.6351676642714	Hadarchaeota	Hadarchaeia	WYZ-LMO6 sp038851755
GCA_038851825	79.1576388054343	1486941.13605131	42.68	0.615584844194142	1.424	60.2965653541914	NA	NA	NA
GCA_038851865	59.8889436931651	1427973.73134328	58.73	0.630003835717634	1.827	68.0551988128248	Thermoproteota	Bathyarchaeia	CALIRQ01 sp038847005
GCA_038852245	70.491448431987	1796977.90368272	54.58	0.61054799449152	1.37	67.2031441907888	Thermoproteota	Nitrososphaeria_A	Caldarchaeum sp038890155
GCA_038852285	66.5826816363017	1963526.38205334	48.88	0.625645503775647	1.563	63.1647973232466	Thermoproteota	Bathyarchaeia	JAWCKG01 sp038852285
GCA_038852475	77.5018829261596	1890814.5091225	50.89	0.638443829264635	1.706	65.1505137965317	Thermoproteota	Bathyarchaeia	JAGTRB01 sp018396865
GCA_038852565	63.7121381628333	2143562.88468238	41.19	0.605002021076123	1.354	62.0757016263583	Thermoproteota	Bathyarchaeia	PIYB01 sp018397065
GCA_038853155	77.0422993000415	1606784.39700458	43.27	0.639412987961463	1.375	70.6413285115208	NA	NA	NA
GCA_038853715	77.8761326978194	1671763.94433056	46.97	0.638785103624778	1.652	63.5948107442763	Thermoproteota	Methanomethylicia	JAWCJE01 sp038853715
GCA_038854475	79.4147215659299	1832454.91564863	41.37	0.631476999686597	1.556	64.9708478218634	NA	NA	NA
GCA_038855695	75.4225807231875	2294566.4924816	47.57	0.628667473180161	1.681	61.729618073715	NA	NA	NA
GCA_038856815	75.1695598790256	1777539.1164289	44.9	0.619639029666874	1.552	65.8220878022528	Thermoproteota	Bathyarchaeia	JANXEP01 sp038865865
GCA_038858225	72.5136277668913	1514468.27524576	33.76	0.626729392017432	1.42	58.8752495375507	NA	NA	NA
GCA_038862705	72.141503299182	1846151.15989025	41.38	0.628531157746854	1.478	62.1147830346057	Thermoproteota	EX4484-205	JAAOZP01 sp011363915
GCA_038862835	64.5348439506731	2684861.0427939	47.53	0.623713964327847	1.458	62.6227889840768	NA	NA	NA
GCA_038863035	67.0628959119027	1473445.36016269	39	0.632722942513093	1.316	68.5513976323412	Thermoproteota	Thermoprotei_A	DTCV01 sp038831135
GCA_038866215	81.6982157260054	2464830.91296842	33.66	0.630619427418888	1.385	59.5804245516041	Thermoproteota	Methanomethylicia	CALHIW01 sp038845975
GCA_038867295	84.3742514185262	1749276.23261694	43.68	0.63371746306391	1.641	67.6539243597017	NA	NA	NA
GCA_038867575	65.0833363404169	1428399.36247723	56.56	0.631805623055009	1.831	67.1548588570239	NA	NA	NA
GCA_038867615	77.6484079158773	2311548.38709677	46.26	0.636829445181224	1.495	70.076233701237	Thermoproteota	Thermoprotei_A	AG1 sp038867615
GCA_038867895	81.3927090067472	2066199.4674413	41.95	0.630152426477892	1.561	64.4215512368268	Thermoproteota	Bathyarchaeia	DTEX01 sp038867895
GCA_038867975	84.1487320714821	1758257.30453863	43.57	0.632009450505505	1.625	63.9672817678456	NA	NA	NA
GCA_038868075	72.3521115586433	1893284.2609216	40.07	0.626980653645942	1.48	62.9136222267768	Thermoproteota	Bathyarchaeia	DTEX01 sp038868075
GCA_038868895	65.750505318173	1819644.19717945	26.74	0.641204338517044	1.526	57.3602709764655	NA	NA	NA
GCA_038868995	67.5978330267779	1508213.31194868	45.06	0.589952974072191	1.38	60.4966418505112	Nanobdellota	Nanobdellia	CABMGU01 sp038868995
GCA_038869035	63.3061783253447	1453088.43022155	34.08	0.604150117690632	1.467	54.3738132472819	Nanobdellota	Nanobdellia	JAWCRX01 sp038869035
GCA_038869435	49.5798593721547	2545537.64604068	41.22	0.581210066422975	1.258	59.7445330744458	Thermoproteota	Nitrososphaeria	JAWCSA01 sp038868975
GCA_038869515	51.7169166711486	2216960.79526416	69.16	0.603136773412271	1.57	64.706011862984	Halobacteriota	Syntropharchaeia	JAWCQZ01 sp038869515
GCA_038869735	49.1187576831542	1133876.63503462	40.02	0.59913404905548	1.299	54.3829921329041	Micrarchaeota	Micrarchaeia	JAWCQO01 sp038869735
GCA_038869755	50.6982544605561	1280690.07758269	30.68	0.608237113458396	1.319	53.9990279420071	Nanobdellota	Nanobdellia	JAWCQN01 sp038869755
GCA_038869955	37.360887223046	1776714.09214092	41.49	0.577309016489549	1.199	58.6329128799068	Thermoproteota	Nitrososphaeria	Nitrosotenuis sp038890395
GCA_038869975	36.9248734639922	1853484.89877199	44.94	0.575268316370519	1.214	58.4644017787644	Thermoproteota	Nitrososphaeria	Nitrosotenuis sp038869975
GCA_038870235	68.9247868753436	1385650.01130454	47.71	0.621940016211835	1.536	66.6401502226576	Thermoproteota	Nitrososphaeria_A	Terraquivivens ruidianensis
GCA_038870455	52.224329085605	1175142.08083324	59.92	0.603469340963413	1.704	59.8793573047603	Micrarchaeota	Micrarchaeia	JAWAFC01 sp038870455
GCA_038870575	63.7318100548949	1756529.58314657	41.96	0.604687336414352	1.396	63.5891607105732	Thermoproteota	Bathyarchaeia	DSLH01 sp038873195
GCA_038871175	72.189079009848	2013434.16578731	41.66	0.619806866198276	1.518	64.2606236108197	Thermoproteota	Bathyarchaeia	JAVZIQ01 sp038871175
GCA_038871215	70.0457369771755	1849084.49125952	43.21	0.607087974051795	1.425	63.8759594332822	Thermoproteota	Bathyarchaeia	JAVZLQ01 sp038882955
GCA_038871515	69.5817952599326	1230204.05823685	43.08	0.617986958294519	1.506	60.6983742988587	Micrarchaeota	Micrarchaeia	JAVZHX01 sp038871515
GCA_038871545	63.1788940584838	1535606.8555439	40.84	0.596854573007532	1.287	60.9397400829283	Nanobdellota	Nanobdellia	0-14-0-80-44-23 sp038874135
GCA_038871875	66.7212195986569	2202953.99515738	27.4	0.637801953003867	1.508	57.7939035687651	NA	NA	NA
GCA_038871895	80.7556251032873	1405458.45997974	34.01	0.626496807885716	1.53	58.7834388824232	Thermoproteota	Nitrososphaeria	JACAEJ01 sp038883135
GCA_038872135	74.1659121996381	1163276.30729503	50.3	0.631834641943774	1.737	66.1436341655895	Hadarchaeota	Hadarchaeia	DYTO01 sp038872135
GCA_038872775	74.563186495094	1406906.12703766	35.4	0.62333021146547	1.531	59.1801557028948	NA	NA	NA
GCA_038873395	70.6067820718048	1434354.80093677	45.01	0.624896075767156	1.538	66.912529746272	NA	NA	NA
GCA_038873445	59.6160785701265	979389.484607402	33.22	0.619106868826914	1.477	61.2408929563262	NA	NA	NA
GCA_038874155	67.0132180599181	1443460.74715755	49.94	0.619837519709488	1.575	63.5816505608586	Hadarchaeota	Hadarchaeia	Hadarchaeum sp038871235
GCA_038874215	64.0365563568685	1387808.48722025	45.15	0.609343440817943	1.558	55.9017576186413	Micrarchaeota	Micrarchaeia	JAVZCV01 sp038874215
GCA_038874315	57.8410169973909	1956454.67918977	39.96	0.612555358509948	1.313	61.8496100778962	Thermoproteota	Nitrososphaeria	JACIWG01 sp029776065
GCA_038874355	75.3726264373418	1224606.81114551	24.12	0.636362586004702	1.551	57.969590725254	Nanobdellota	Nanobdellia	JAVZCO01 sp038874355
GCA_038874595	52.7464295562748	1360704.22535211	44	0.590551209243646	1.32	55.4136098964323	Micrarchaeota	Micrarchaeia	CAILAH01 sp038874595
GCA_038874655	60.0736370297835	1889416.60433807	24.51	0.598808315357611	1.248	52.9122050642183	Nanobdellota	Nanobdellia	JAAXVZ01 sp038874655
GCA_038874795	68.0696882715879	1788396.11605054	52.7	0.641520020171228	1.654	71.3706950776958	NA	NA	NA
GCA_038876475	62.1023877210337	1414936.74856247	31.52	0.617778003788505	1.314	62.460764255202	NA	NA	NA
GCA_038877195	58.2346660125488	1956132.36943787	41.86	0.591927326425767	1.199	61.578411057346	Thermoproteota	Nitrososphaeria	JAKAPW01 sp029775965
GCA_038877215	51.6477197936649	1078805.97014925	45.63	0.579936263115376	1.187	58.3328777458256	Micrarchaeota	Micrarchaeia	JAVZDR01 sp038878295
GCA_038877255	47.9547405291163	1321899.20326107	43.78	0.575161643193405	1.116	59.4908813045603	Micrarchaeota	Micrarchaeia	JAGDXZ01 sp038877255
GCA_038877895	57.8653633793217	1482718.00798487	41.22	0.602456812693695	1.213	62.3663169843008	Thermoplasmatota	Thermoplasmata	GCA-001856825 sp038734825
GCA_038878355	80.713739080479	2007388.19875776	32.12	0.625722683832562	1.277	66.6762989331954	Thermoproteota	Thermoprotei_A	Saccharolobus sp038734615
GCA_038878635	54.9461133218383	1725478.94021739	37.43	0.577428705789869	1.119	57.5888091682264	Micrarchaeota	Micrarchaeia	JAVYWU01 sp038877355
GCA_038878695	68.7141738654187	1124555.19611808	59.77	0.646627675870773	1.84	73.1367592234302	Thermoproteota	Thermoprotei_A	JAVZVD01 sp038878695
GCA_038879535	80.0810136775516	1458516.86823679	45.05	0.642347507525182	1.412	71.1717289406033	NA	NA	NA
GCA_038879695	82.241947863545	1858489.96397324	45.68	0.63901961176306	1.434	71.3140167957059	Thermoproteota	Thermoprotei_A	DRZP01 sp030550455
GCA_038879735	81.655619600958	1629998.99102008	38.7	0.649575074959156	1.426	68.7020373357796	Thermoproteota	Thermoprotei_A	DTCV01 sp020832985
GCA_038879815	85.6803670893844	1455328.83642496	39.5	0.646445035829965	1.586	69.5788710873303	Thermoproteota	Thermoprotei_A	WYEN01 sp038881635
GCA_038880195	55.0396592550104	1614076.1108667	42.5	0.590203353848732	1.432	61.0072644899825	Thermoproteota	Nitrososphaeria	Nitrosocaldus tengchongensis
GCA_038880555	77.937669038478	1961084.83693825	44.39	0.617332925881492	1.526	65.0245949885006	Thermoproteota	Bathyarchaeia	JAGTQI01 sp038880555
GCA_038880655	56.938655574175	1866260.36298454	43.52	0.6135222452208	1.373	63.5236390815154	NA	NA	NA
GCA_038880715	69.7682309335063	1473456.00535296	30.71	0.631710404672858	1.479	59.0075010417213	NA	NA	NA
GCA_038881595	55.1001410048703	1222676.37540453	32.52	0.605523370370203	1.353	56.8136531364838	Micrarchaeota	Micrarchaeia	DTQF01 sp038881595
GCA_038881875	72.18753209601	1783296.80578223	43.07	0.615789461856703	1.505	65.558347046122	NA	NA	NA
GCA_038881895	64.8312820337569	1931024.79338843	35.75	0.619794395166832	1.272	65.85699955418	Thermoproteota	Thermoprotei	JAVZOV01 sp038881895
GCA_038882975	76.0856894742141	1596076.03454076	44.57	0.61805443376241	1.553	64.8174398943921	Thermoproteota	Bathyarchaeia	JAGTQI01 sp038882975
GCA_038883335	52.8709123833604	1300506.74598959	48.07	0.619967638459136	1.518	63.2074590602512	Thermoproteota	Bathyarchaeia	JAVZMI01 sp038883335
GCA_038883475	73.9155320197422	1574643.69158879	43.44	0.613532487155482	1.511	63.4519930743643	Thermoproteota	Bathyarchaeia	JAVZLH01 sp038883475
GCA_038883485	62.7440313890694	2346218.38808792	47.11	0.629708548184438	1.663	62.5007128970185	Thermoproteota	Bathyarchaeia	JAGTQN01 sp038850515
GCA_038883515	74.2637582746708	1271670.17839584	33.72	0.618258634926963	1.458	58.8687311121631	NA	NA	NA
GCA_038883575	70.8833970325767	1834175.81174341	42.28	0.612793839777322	1.464	64.9274633708564	Thermoproteota	Bathyarchaeia	JAVZNZ01 sp038882575
GCA_038883715	76.0549564112664	1687205.67735395	44.86	0.618401952856203	1.55	64.7468522319579	NA	NA	NA
GCA_038884455	51.4194621942343	1840116.6558652	38.98	0.572624661233161	1.067	59.3129687289008	Thermoplasmatota	E2	JAWABU01 sp038884455
GCA_038884575	62.8901335035752	1506468.43019888	48.03	0.591627311833388	1.46	61.5421147423197	NA	NA	NA
GCA_038884615	59.8521294885986	1804155.35035307	37.66	0.589673313801468	1.259	51.9502032108028	Nanobdellota	Nanobdellia	JAWABL01 sp038884615
GCA_038884635	65.2927589800445	1544792.39070788	44.55	0.59579870371519	1.38	61.8678739909012	Nanobdellota	Nanobdellia	JAWAAW01 sp038884975
GCA_038884755	47.1001823802116	1260246.15803074	51.29	0.577452064497011	1.293	56.0337339161352	Micrarchaeota	Micrarchaeia	UBA10210 sp038884755
GCA_038884815	65.6996355508574	1845426.12504978	38.9	0.595561631565921	1.352	56.1614153862465	Nanobdellota	Nanobdellia	JAWABC01 sp038884815
GCA_038885615	62.5573696050281	1337636.6674624	30.71	0.625028425071511	1.6	59.0937332061293	Nanobdellota	Nanobdellia	CAKZRD01 sp038885615
GCA_038885635	68.3150768460816	1948920.20412897	54.63	0.610182049110923	1.363	67.3081820514047	Thermoproteota	Nitrososphaeria_A	Caldarchaeum sp038740895
GCA_038885715	67.2324407448273	1879029.91015581	49.1	0.609171136178391	1.371	66.7192984739884	NA	NA	NA
GCA_038886115	62.3543962852292	1429232.08640674	33.87	0.601055742987456	1.375	55.8676200272542	Micrarchaeota	Micrarchaeia	JAVZJR01 sp038870635
GCA_038886195	77.2243103226219	1409096.069869	30.88	0.616648224054362	1.465	58.9830371673883	Nanobdellota	Nanobdellia	JAVZYK01 sp038886195
GCA_038886475	63.517059299402	2042770.56277056	45.61	0.592805628069554	1.31	63.02176848838	Thermoproteota	Bathyarchaeia	JAOAIV01 sp038848695
GCA_038886545	60.6596535786152	1087021.11708109	30.28	0.60662802069945	1.3	57.3641356018954	NA	NA	NA
GCA_038887275	85.3609941622936	1814160.91954023	37.68	0.648270881574334	1.63	63.7214314642367	Thermoproteota	Nitrososphaeria_A	Geocrenenecus dongiae
GCA_038887295	56.1706867160764	1149978.77421067	44.81	0.584012658180274	1.294	58.1106066378961	Micrarchaeota	Micrarchaeia	JAOAKI01 sp038887295
GCA_038887375	78.3491490526074	1314350.14393859	46.33	0.63753222417192	1.452	70.465916659589	Thermoproteota	Thermoprotei_A	Thermosphaera sp038827615
GCA_038887515	81.1863373747747	1300294.41419641	44.63	0.63168818644241	1.592	67.8504158841449	Thermoproteota	Methanomethylicia	WYZ-LMO8 sp038887515
GCA_038887775	83.0387386393405	1425698.09557191	38.9	0.639206047000654	1.422	70.05070959739	NA	NA	NA
GCA_038887895	87.559816441944	1458269.1689008	39.39	0.630691536825586	1.802	67.2203752324423	NA	NA	NA
GCA_038888395	69.8034299123419	1365594.68199784	29.82	0.615022663500971	1.398	61.5623299815717	Nanobdellota	Nanobdellia	JAWBMQ01 sp038825875
GCA_038888655	81.5838300406559	1917427.10669657	32.28	0.624398195755819	1.414	64.3022285049384	Thermoproteota	Methanomethylicia	Culexarchaeum sp038727515
GCA_038888855	66.7749596427691	1333711.06337272	43.16	0.62491050689985	1.39	69.0226475359349	NA	NA	NA
GCA_038888995	81.7019319353662	1641252	46.92	0.630880299916864	1.826	66.8828511994423	NA	NA	NA
GCA_038889235	83.291282999903	2192858.31202046	48.24	0.633752007107402	1.699	62.2855947752387	Asgardarchaeota	Jordiarchaeia	DTBI01 sp038889235
GCA_038889635	86.221984204716	1566087.00123406	45.14	0.63555888391658	1.676	68.1332430461034	NA	NA	NA
GCA_038890115	66.5154546064174	1175114.20230122	40.96	0.611174020402564	1.474	59.449869241234	Nanobdellota	Nanobdellia	JAWADY01 sp038891615
GCA_038890615	61.6454515894962	1313910.20661799	44.33	0.611251673204738	1.538	62.1568396740813	Micrarchaeota	Micrarchaeia	JAWAFI01 sp038890615
GCA_038890745	72.0015613505476	1241872.48995984	40.81	0.622334693877551	1.607	57.0369418504713	Micrarchaeota	Micrarchaeia	JAWAFD01 sp038890745
GCA_038890785	59.7546174320429	2007036.990279	44.43	0.594109216851282	1.327	55.8280917385901	Micrarchaeota	Micrarchaeia	JAVZJR01 sp038851325
GCA_038890815	57.5144524576514	1302787.7900428	57.38	0.600777838239478	1.584	60.3438555292496	Micrarchaeota	Micrarchaeia	JAWAFC01 sp038890815
GCA_038890875	74.1551387331595	1399725.46328071	31.9	0.623402586366558	1.525	61.2045572435492	Nanobdellota	Nanobdellia	JAWAFA01 sp038890875
GCA_038891035	54.6298605137926	1078058.29118978	42.4	0.583775815948653	1.277	58.3366345935041	Micrarchaeota	Micrarchaeia	JAOAKI01 sp038891035
GCA_038891235	51.9390527982443	2186193.46863088	42.82	0.599309485716708	1.273	58.6619719366321	Thermoplasmatota	Thermoplasmata	SKW197 sp038874435
GCA_038891535	66.4511475563004	2081613.26842522	50.57	0.610024454407351	1.361	67.3697653498446	Thermoproteota	Nitrososphaeria_A	Caldarchaeum sp038896555
GCA_038892375	81.4047947117827	1455399.10813824	53.71	0.640659789468137	1.881	68.2312290189946	Thermoproteota	Nitrososphaeria_A	Wolframiiraptor sinensis
GCA_038893675	87.4123855748134	1787053.54280218	41.21	0.623605425137456	1.411	70.0149120249046	NA	NA	NA
GCA_038893995	54.116938206755	2604760.99854472	53.64	0.586331895439295	1.242	61.2421320944436	Asgardarchaeota	Thorarchaeia	JAWAQK01 sp038893995
GCA_038894155	45.6156269312624	1208912.44601492	32.86	0.597211348333837	1.292	57.0683615816477	Iainarchaeota	Iainarchaeia	UBA10205 sp038895675
GCA_038894255	62.5684895230082	1727190.18240343	45.77	0.595009115389118	1.346	62.5633444387711	Thermoproteota	Bathyarchaeia	JAWAPV01 sp038894255
GCA_038894315	60.1241359476745	1266139.22356091	27.6	0.630122196243306	1.638	58.7412072366757	Nanobdellota	Nanobdellia	CAKZRD01 sp038886595
GCA_038894475	71.3326844336906	1393994.74513925	45.05	0.631713165993216	1.417	69.9464359982418	Thermoproteota	Thermoprotei_A	WYEQ01 sp009904015
GCA_038894495	94.1743151613998	1359773.06420344	38.26	0.640501013400213	1.401	69.9184227174011	Thermoproteota	Thermoprotei_A	UBA285 sp038894495
GCA_038894875	86.0807911283854	1203169.69764588	59.86	0.643443851549853	1.938	68.62651993963	Thermoproteota	Methanomethylicia	JAOAKM01 sp038894875
GCA_038895115	84.6666629248527	1164600	39.91	0.641095626939253	1.973	67.2899022283992	NA	NA	NA
GCA_038895375	79.166822058346	1228568.40769719	34.37	0.622778641844622	1.619	58.4802246716082	Nanobdellota	Nanobdellia	JANXDM01 sp038895375
GCA_038895395	62.5104946746829	1199589.75057926	36.64	0.603701447709677	1.41	60.8076340368797	Iainarchaeota	Iainarchaeia	DTGL01 sp038895395
GCA_038895415	94.8566822835863	2158417.71471568	58.22	0.633983348306276	1.716	69.8445607420217	Thermoproteota	Thermoprotei	Pyrobaculum sp032249215
GCA_038895475	57.1356802205222	1630305.63324011	28.34	0.601929841683392	1.308	53.3502021556392	Nanobdellota	Nanobdellia	UBA9642 sp038895475
GCA_038895815	84.5663852316715	1639971.26742577	41.22	0.631762341333391	1.775	66.3576378402996	NA	NA	NA
GCA_038896155	87.9147970304654	1882342.71223282	58.03	0.641511014142941	1.749	70.6237977688174	NA	NA	NA
GCA_038896455	58.2100033998975	1522526.61307843	41.85	0.592806896161167	1.458	61.281882457062	NA	NA	NA
GCA_038896535	43.6927588555307	1267560.27651324	31.85	0.599404601529132	1.4	61.7730639039324	Micrarchaeota	Micrarchaeia	J096 sp038896535
GCA_038897095	76.0472335232991	1704278.78507911	55.52	0.641182383129246	1.602	66.4000745861281	Hadarchaeota	Hadarchaeia	JAWBSP01 sp038842485
GCA_038897115	84.6709027371438	2756024.65505542	43.94	0.642245391347622	1.533	69.8958889972188	Thermoproteota	Thermoprotei_A	AG1 sp038897115
GCA_038897155	88.3147910976408	2019522.62349523	33.37	0.643026636990236	1.404	68.5327920663775	Thermoproteota	Thermoprotei_A	JAWARQ01 sp038893355
GCA_038897575	65.977186534646	2021014.7601476	46.24	0.620395838374062	1.303	66.8658617030362	NA	NA	NA
GCA_038898155	98.0831486297004	1263710.48252912	36.13	0.643720160229406	1.455	69.3781297611564	NA	NA	NA
GCA_038992015	79.6700873688054	1718109.71505497	45.17	0.616638386143902	1.528	65.8117578606759	NA	NA	NA
GCA_038997165	90.9808573954034	1164160.71428571	24.42	0.639512277798271	1.529	64.5607945501785	Aenigmatarchaeota	Aenigmatarchaeia	JAHLMO01 sp038997165
GCA_038997185	59.7907465593498	1515131.27590972	34.05	0.614892572713311	1.338	53.6074415727298	NA	NA	NA
GCA_038997305	90.4711703272738	1308853.85683125	27.59	0.63489136858908	1.525	66.3532274738999	Aenigmatarchaeota	Aenigmatarchaeia	JAHLMO01 sp038997305
GCA_038998295	82.1922857564725	1491453.32050048	33.11	0.633086478906982	1.536	58.5839471623006	Aenigmatarchaeota	Aenigmatarchaeia	JAVZHQ01 sp038998335
GCA_038998945	69.8997697897727	1853509.94809689	31.8	0.619313432244518	1.403	56.278496766926	Aenigmatarchaeota	Aenigmatarchaeia	JAWADS01 sp038998625
GCA_038999265	61.5438248160147	1342274.03764626	33.7	0.630226106914359	1.513	56.315849830575	Aenigmatarchaeota	Aenigmatarchaeia	CG10238-14 sp038999265
GCA_038999725	80.4071592230303	1294375.66512948	34.92	0.630798451640846	1.528	56.0713561263942	Aenigmatarchaeota	Aenigmatarchaeia	JAVZGQ01 sp038999725
GCA_038999735	75.4568385613264	1117257.92630677	26.39	0.62055631187791	1.355	50.2685495544955	Aenigmatarchaeota	Aenigmatarchaeia	JAHLMR01 sp018920255
GCA_039000015	86.3199121451825	1422815.51724138	33.33	0.635855891510748	1.571	59.2976560927946	Aenigmatarchaeota	Aenigmatarchaeia	JAVZHQ01 sp039000165
GCA_039000425	82.0237174035252	3112182.81535649	35.99	0.626674840529538	1.55	58.7844410735424	Aenigmatarchaeota	Aenigmatarchaeia	JAVZGQ01 sp039000425
GCA_039001005	70.9460495325654	1263823.01808067	28.81	0.639152669459373	1.535	62.3329012453129	Aenigmatarchaeota	Aenigmatarchaeia	SpSt-28 sp039000725
GCA_039091605	65.7475734763543	952056.474085083	48	0.593520616221115	1.359	57.9426733601776	Aenigmatarchaeota	Aenigmatarchaeia	JAHLMS01 sp018920245
GCA_039091825	88.7061109329236	1118906.39145392	33.68	0.64039192583865	1.693	57.7148991966205	Aenigmatarchaeota	Aenigmatarchaeia	JAVZGQ01 sp039090665
GCA_039630055	78.1750621068105	1773367.40553578	39.39	0.642747238996538	1.584	63.8930609753598	Thermoproteota	Nitrososphaeria_A	Geocrenenecus sp039630055
GCA_039630105	84.5479370425824	1247593.19743214	58.67	0.646504822479023	1.757	71.5387713771609	Thermoproteota	Thermoprotei_A	DSZV01 sp039630105
GCA_039630845	57.6672019896704	1582773.36720652	54.61	0.608386541278556	1.451	63.984240972503	NA	NA	NA
GCA_039666435	52.0946170276437	1668690.81632653	35.18	0.605157789940918	1.472	61.3869090724534	Methanobacteriota	Methanobacteria	Methanobacterium_D sp039666535
GCA_039666465	51.8354337693416	2165249.26088286	34.61	0.599828365790015	1.384	61.2980269312055	Methanobacteriota	Methanobacteria	Methanobacterium_D sp039666455
GCA_039679445	50.1879553270491	1742520.46531667	35.42	0.606663828863794	1.399	61.17144856238	Methanobacteriota_B	Thermococci	Methanofastidiosum sp039679445
GCA_039680745	43.0987128595075	3023334.72063261	66.04	0.583098847896911	1.398	61.2823529181239	Halobacteriota	Methanomicrobia	UBA288 sp11384u
GCA_039683215	45.5424740707514	3921785.2712304	33.68	0.588519825735215	1.247	61.6163389970982	NA	NA	NA
GCA_039683275	43.1349013937105	2764665.46876652	54.44	0.581900331354675	1.23	60.2795050340208	Halobacteriota	Methanomicrobia	JBDKRP01 sp039683275
GCA_039698055	41.2794721132701	2460543.21794034	51.37	0.571464995317875	1.197	60.1507511048808	Halobacteriota	Methanomicrobia	Methanoregula sp039698055
GCA_039793645	71.1615530421248	1172327.70636519	41.7	0.611451216305366	1.381	59.0960651119723	Micrarchaeota	Micrarchaeia	JAGDYD01 sp039793645
GCA_039793985	69.342279401201	1265142.50052007	42.57	0.631036434343095	1.448	69.02262369923	Thermoproteota	Thermoprotei_A	ARK-14 sp002899805
GCA_039794045	52.0983395332144	1190223.47383721	51.65	0.575953306598912	1.316	57.2661407025235	Micrarchaeota	Micrarchaeia	JBAMLY01 sp039794045
GCA_039889305	81.5120472082624	1348466.48682299	41.26	0.641420061974231	1.389	69.7745758093104	Thermoproteota	Thermoprotei_A	Zestosphaera sp039889305
GCA_039938515	29.31964518626	2806274.01471073	50.77	0.555605717338812	1.056	58.6337690174026	Thermoproteota	Nitrososphaeria	Nitrososphaera sp039938515
GCA_039938555	34.9894067575785	1910416.19414833	37.16	0.566915214063503	1.073	59.0157190443238	Thermoproteota	Nitrososphaeria	Nitrosotalea sinensis
GCA_039938575	42.216343886183	1816882.71604938	41.85	0.576877523156768	1.203	58.38295859193	Thermoproteota	Nitrososphaeria	Nitrosotenuis sp039938575
GCA_039938615	39.4107320176305	2194867.5789009	52.07	0.566920458758639	1.27	59.8618629391883	Thermoproteota	Nitrososphaeria	Nitrososphaera sp039938615
GCA_040261535	19.7101546411862	2316567.6204451	57.7	0.546675393387795	1.111	60.1837928531497	Thermoplasmatota	Poseidoniia	Poseidonia sp030828165
GCA_040268405	45.1438810569306	3116109.78248491	42.62	0.567934053194704	1.022	61.0077721324353	Thermoproteota	Bathyarchaeia	Bathycorpusculum sp040268405
GCA_040290255	60.0960958899424	1385653.61342619	63.54	0.633953803333582	1.62	68.9922133735603	Thermoproteota	Nitrososphaeria	Australarchaeum erebusense
GCA_040297625	33.3642929098891	2890429.61608775	29.59	0.572143487052494	1.058	55.7237537192816	Thermoproteota	Nitrososphaeria	Nitrosocosmicus sp040297625
GCA_040373355	50.5819033402545	2256565.39912325	31.72	0.595931205032373	1.341	60.8450810764752	Methanobacteriota	Methanobacteria	Methanobacterium_D sp040373355
GCA_040409725	36.347746558729	2496112.01563009	63.37	0.569332330155783	1.579	63.1726710492179	Halobacteriota	Halobacteria	Natronomonas sp040409725
GCA_040414675	23.3856167166928	4647175.56399375	36.24	0.55804224542673	0.981	57.3662365918643	Thermoproteota	Nitrososphaeria	JARBAU01 sp040414675
GCA_040514265	96.0805750226944	1408553.16973415	53.7	0.6365746370327	2.047	69.0456924447066	Halobacteriota	Archaeoglobi	WYZ-LMO2 sp040514265
GCA_040514295	82.0536573163462	1737095.24374333	47.18	0.648085307894072	1.706	71.074096764095	Thermoproteota	Thermoprotei_A	JBEVCE01 sp040514295
GCA_040514325	80.3179649948207	1611998.13355454	56.98	0.635210349942073	1.707	72.5729942649604	Thermoproteota	Thermoprotei_A	QNYQ01 sp040514325
GCA_040514375	96.6938112330965	1616969.25979359	39.59	0.657196375471212	1.611	70.684602706512	Thermoproteota	Thermoprotei_A	QMWW01 sp040514375
GCA_040751795	43.559158056072	2277225.98556358	64.68	0.582259010752264	1.517	61.4199566067957	Thermoplasmatota	Thermoplasmata	UBA9653 sp040751795
GCA_040751885	45.8261150243711	2099504.57092303	38.87	0.604862997669994	1.467	52.6407792679233	Nanobdellota	Nanobdellia	JBFMFP01 sp040751885
GCA_040753215	45.6710189164941	1457876.7808048	55.22	0.601357283400661	1.583	62.1435007370987	Micrarchaeota	Micrarchaeia	CAIXOA01 sp040753215
GCA_040753455	47.1036627374521	2048946.25922023	56.76	0.594190937457015	1.452	62.0397361837421	Thermoplasmatota	Thermoplasmata	JBFMEL01 sp040753455
GCA_040755695	49.5500632436228	1722730.39799022	39.08	0.606503575384207	1.445	54.217449823336	Iainarchaeota	Iainarchaeia	JBFMAK01 sp040755695
GCA_040757035	47.5146254100667	1281135.0929658	35.67	0.593039325236449	1.338	47.9019633535798	Micrarchaeota	Micrarchaeia	JAHJBR01 sp040757035
GCA_040757615	40.5143005880667	2512060.80694937	49.17	0.567491052828375	1.22	58.6570636854923	Thermoproteota	Nitrososphaeria	Nitrososphaera sp040757615
GCA_040757675	40.2768701975492	1693679.91290147	42.85	0.575133877622685	1.196	58.4322958519864	Thermoproteota	Nitrososphaeria	Nitrosotenuis sp040757675
GCA_040758595	38.720953276296	1504729.51520332	56.82	0.584658171548264	1.506	57.5604275426538	Micrarchaeota	Micrarchaeia	Bilamarchaeum sp040758595
GCA_040770465	49.1116248706922	2665811.29303107	57.43	0.593828550772995	1.496	62.0226027495073	Halobacteriota	Methanosarcinia	Methanocrinis sp040770465
GCA_040776945	46.134312443154	2290242.12307042	59.65	0.586483774368615	1.455	60.9002630527024	Thermoplasmatota	Thermoplasmata	UBA6 sp022709105
GCA_040877685	36.518068457443	1561552.51141553	37.4	0.580628538084376	1.209	58.9805696814482	Thermoproteota	Nitrososphaeria	JBBDNF01 sp040877685
GCA_040879765	53.9077031743097	1233288.76378137	32.57	0.603856416772554	1.398	56.0230137460328	Nanobdellota	Nanobdellia	JBBDJQ01 sp040879765
GCA_040902315	31.8956058845686	1782026.8907563	32.96	0.575930755501155	1.18	57.128256291206	Thermoproteota	Nitrososphaeria	Nitrosarchaeum sp023264875
GCA_041082175	64.4259529614302	1716348.56215213	42.86	0.604723925813721	1.42	64.4152625477468	Thermoproteota	Bathyarchaeia	JAGTQX01 sp018396675
GCA_041156085	31.47626649537	3284367.82877317	35.46	0.565544323562808	1.039	57.1606449837916	Thermoproteota	Nitrososphaeria	JAFAQB01 sp041156085
GCA_041287225	95.7960587342095	1555161.7440225	56.49	0.631198243222069	1.691	69.283516963988	Thermoproteota	Thermoprotei	Thermoproteus sp041287225
GCA_041287325	99.6167603232139	1623964.73499691	54.21	0.637055629236345	1.71	69.2553299640328	Thermoproteota	Thermoprotei	Pyrobaculum sp041287325
GCA_041287395	80.9875836673825	1378474.0363173	61.95	0.63101095432603	1.694	72.7812387333736	Thermoproteota	Thermoprotei_A	JBEULI01 sp041287395
GCA_041287455	89.9562820096954	1542154.89342707	41.12	0.648341708297676	1.58	69.8326259107095	Thermoproteota	Thermoprotei_A	WYEN01 sp041287455
GCA_041304525	42.1996225359698	2087586.9278169	59.99	0.57633617427834	1.402	60.9352500483052	Thermoplasmatota	Thermoplasmata	UBA9653 sp041304525
GCA_041304605	46.6164535374828	1736732.107614	59.05	0.587189943963632	1.453	61.1526498220607	Thermoplasmatota	Thermoplasmata	UBA472 sp041304605
GCA_041305085	45.8023050803443	2004288.25048418	39.51	0.577868450851444	1.236	54.6910654077686	Nanobdellota	Nanobdellia	SURF-58 sp041305085
GCA_041305185	57.7630132190073	1928679.4077135	39.74	0.58973709446867	1.384	58.5804424494971	Nanobdellota	Nanobdellia	CABMGU01 sp041305185
GCA_041305345	44.3625188314219	1667210.37388099	50.21	0.584976958032039	1.306	55.7495633390497	Micrarchaeota	Micrarchaeia	JACRGC01 sp041305345
GCA_041305385	44.8012938217594	1738599.60552268	52.35	0.59427322706869	1.387	52.463951505762	Micrarchaeota	Micrarchaeia	JAKAKT01 sp041305385
GCA_041305745	43.6627684556822	2747458.87221935	50.88	0.581333744247781	1.218	60.2636045166453	Halobacteriota	Methanomicrobia	UBA467 sp041305745
GCA_041306075	47.1664512340052	1947070.53849577	61.38	0.588528135305547	1.485	60.4181636384028	Altiarchaeota	Altiarchaeia	JAHIYG01 sp041306075
GCA_041440035	27.6523481233198	1401907.72481803	30.93	0.576910963340643	1.211	56.4744375971736	Thermoproteota	Nitrososphaeria	Nitrosopumilus sp001437625
GCA_041447175	44.8613101502566	3197768.80776881	47.75	0.56589570095713	1.025	61.9754868978157	Thermoproteota	Bathyarchaeia	JADGNF01 sp041447175
GCA_041447305	45.3254257915461	2788929.44535073	38.02	0.584630782009559	1.193	61.0983633413019	Methanobacteriota	Methanobacteria	Methanobacterium formicicum_A
GCA_041478845	56.942845254253	2199551.41863856	46.02	0.593159997794924	1.337	62.5181150092389	Thermoproteota	Bathyarchaeia	JBGQME01 sp041500425
GCA_041479945	47.9790659990499	1596798.99256416	54.87	0.593904691445555	1.298	62.7322198017039	Thermoproteota	EX4484-205	JBGOYZ01 sp041479945
GCA_041479965	53.8465556725067	1855362.13056187	44.03	0.58576736691478	1.386	53.2931841581013	Nanobdellota	Nanobdellia	SM23-78 sp041479965
GCA_041481365	51.3891441833834	1883173.24383752	47.97	0.591612057667104	1.333	62.628579927945	Thermoproteota	Bathyarchaeia	DASPTR01 sp041481365
GCA_041484115	50.5590200630778	1122831.2116926	34.59	0.603009408891762	1.308	55.8099986767178	Nanobdellota	Nanobdellia	ASMP01 sp041484115
GCA_041488275	42.4912853385821	1555140.72566972	57.07	0.563115033466523	1.167	62.1191657705427	Nanobdellota	Nanobdellia	DSQK01 sp041488275
GCA_041489255	42.8274307563558	2810704.61538462	59.05	0.574755019901934	1.228	62.4489385416314	Thermoplasmatota	Thermoplasmata	JAFNFQ01 sp041489255
GCA_041489925	61.5303573608554	1944032.22852957	47.4	0.578215765633991	1.269	60.6307685046133	Nanobdellota	Nanobdellia	JAWAAW01 sp041489925
GCA_041491305	41.1820008925365	2684809.58493795	43.58	0.588400064778039	1.26	59.7687127630056	Halobacteriota	Methanosarcinia	Methanoperedens sp041491305
GCA_041494275	44.6870157331904	1769792.62920383	55.57	0.583349582837205	1.385	60.0124066262543	Thermoplasmatota	Thermoplasmata	COMBO-56-21 sp041494275
GCA_041494285	43.0213258315119	2820937.27689954	49.25	0.581960174271855	1.291	61.7019978483621	Halobacteriota	Methanosarcinia	Fen-7 sp041494285
GCA_041494705	43.9742706649542	2123602.3054755	43.9	0.593494025472528	1.337	59.804717561253	Halobacteriota	Methanosarcinia	Methanoperedens sp041494705
GCA_041500785	51.9836377289452	2491383.72481354	47.38	0.587289119157695	1.292	62.4482168601058	Thermoproteota	Bathyarchaeia	JBGQMW01 sp041500785
GCA_041500865	25.4813677624225	1592366.85487563	51.96	0.56660307770571	1.312	60.9553165248351	Micrarchaeota	Micrarchaeia	JAPLWW01 sp041500865
GCA_041548485	44.3134402369416	1765190.68017971	58.94	0.580622446422107	1.459	60.6951913746115	Thermoplasmatota	Thermoplasmata	UBA10834 sp041548485
GCA_041581335	39.42147067276	2464364.91935484	65.95	0.558369887990024	1.336	59.9445559109752	Thermoplasmatota	E2	JBFGSX01 sp041581335
GCA_041599235	58.030561605459	1505518.58767612	45.4	0.584100911844732	1.403	60.0962969490833	Nanobdellota	Nanobdellia	JBFHWZ01 sp041599235
GCA_041599855	34.1484965791182	4708834.74798281	67.18	0.559555704119831	1.333	61.8775902712614	Thermoplasmatota	SW-10-69-26	JBFILE01 sp041599855
GCA_041601615	32.570849700192	3115021.23854237	61.66	0.551979444302236	1.182	60.2561954340894	Thermoplasmatota	E2	JANQNI01 sp041601615
GCA_041603475	30.8223707591035	1642833.58850548	33.37	0.577876356339431	1.23	57.818875989031	Thermoproteota	Nitrososphaeria	Nitrosopumilus sp041603475
GCA_041636435	42.0335546820786	2251964.8292188	65.84	0.560155278663712	1.431	61.0037067164063	Thermoplasmatota	E2	JBFGSX01 sp041636435
GCA_041640715	72.9998016803001	1460431.34944019	35.32	0.634363131952487	1.506	62.5497388909501	Thermoproteota	Thermoprotei	DSFO01 sp041640715
GCA_041645055	40.426542435295	3297026.16970658	47.79	0.572804106441223	1.167	60.0197047784952	Halobacteriota	Methanomicrobia	Methanoregula sp041645055
GCA_041645325	46.9892184932117	1399455.81756932	46.32	0.592784504093504	1.49	55.4997674090445	Iainarchaeota	Iainarchaeia	JAFCCL01 sp041645325
GCA_041645435	43.7237938386198	3391385.61136055	50.43	0.574296389405114	1.212	60.1664180055658	Halobacteriota	Methanomicrobia	Methanoregula sp041645435
GCA_041648255	45.3940643463413	2021490.78424286	36.4	0.596943940406838	1.304	52.7544065997146	Nanobdellota	Nanobdellia	JAHFKM01 sp041648255
GCA_041648335	48.9391126010229	1364216.69793621	57.77	0.575677532230458	1.39	58.9749212377356	Micrarchaeota	Micrarchaeia	UBA93 sp041648335
GCA_041648455	50.2454702866175	2112481.4726273	31.45	0.603552331092296	1.334	50.9303135533894	Nanobdellota	Nanobdellia	JBAZOZ01 sp041648455
GCA_041648475	41.1028647251642	2803295.55084746	41.24	0.589177310631936	1.326	59.5329814621686	Halobacteriota	Methanosarcinia	Methanoperedens sp041648475
GCA_041649045	51.8112290747913	1735849.51998214	34.11	0.604691257984707	1.428	57.5220269255253	Nanobdellota	Nanobdellia	JAGVXH01 sp041649045
GCA_041649535	41.5603848370061	2365149.88138883	53.4	0.580779305511145	1.247	60.8408320140337	NA	NA	NA
GCA_041649555	38.9149766112946	1470588.87088061	33.81	0.605086227734325	1.381	49.227321551084	Micrarchaeota	Micrarchaeia	JAQTSF01 sp041649555
GCA_041649755	55.9373114348189	1681090.8676839	34.62	0.613349465618068	1.431	56.6790712677286	Nanobdellota	Nanobdellia	JAGVXH01 sp041649755
GCA_041650315	41.5396238865213	1972472.51788519	39.36	0.576517209136649	1.212	55.286816021458	Nanobdellota	Nanobdellia	JAGVYF01 sp041650315
GCA_041650355	42.1659817750446	1290755.75027382	53.61	0.584520385848237	1.397	56.6304129158081	Micrarchaeota	Micrarchaeia	JAHJBR01 sp041650355
GCA_041650395	25.0903260328806	1813714.8765357	54.1	0.553348515707518	1.094	59.1069026964457	Micrarchaeota	Micrarchaeia	JAKALW01 sp041650395
GCA_041651575	61.533927058801	1628526.82313495	27.28	0.601018349505236	1.31	53.6828593559826	Nanobdellota	Nanobdellia	JAQUOT01 sp041651575
GCA_041652095	42.9690786906122	2840210.09268795	56.76	0.582941294667453	1.254	59.67678068229	Halobacteriota	Methanomicrobia	UBA9949 sp10516u
GCA_041652195	46.256574543407	2009947.65451983	30.37	0.593989632941556	1.26	56.3262010534721	Nanobdellota	Nanobdellia	CABMGE01 sp041656875
GCA_041652755	38.3920837714771	1844480	31.5	0.58260277611742	1.168	54.7853571375334	Nanobdellota	Nanobdellia	JAQTTT01 sp041652755
GCA_041653315	46.0839549192898	2470975.20355292	33.53	0.591559285046243	1.306	47.5766123984838	Micrarchaeota	Micrarchaeia	JAHKLY01 sp041653315
GCA_041653395	45.9385257776022	1882275.78475336	32.68	0.579483163664839	1.145	54.818715077301	Nanobdellota	Nanobdellia	JAQTTT01 sp041653395
GCA_041653515	41.5786310014437	2176752.53708041	36.14	0.579409888309487	1.151	57.7656861297326	Nanobdellota	Nanobdellia	JBAZFG01 sp041653515
GCA_041653635	44.0191308222349	1432536.55435474	55.29	0.58559951178931	1.426	62.7351832061503	Micrarchaeota	Micrarchaeia	CAIXOA01 sp041653635
GCA_041654895	61.4404135440627	1758624.62182918	28.7	0.596708138340372	1.29	54.0017358203558	Nanobdellota	Nanobdellia	JAGVXH01 sp041654895
GCA_041655575	46.6791662972966	2624248.47858537	58.3	0.590837743114865	1.467	60.8015967146785	Halobacteriota	Methanomicrobia	Methanoculleus sp012510295
GCA_041657955	39.2386189057101	2364880.06532612	42.49	0.56940923680694	1.057	57.9484259974156	Thermoplasmatota	JASEFT01	JBBABA01 sp041657955
GCA_041658255	42.819965280215	2408698.64162334	37.51	0.571929950049474	1.167	56.0375312451585	Nanobdellota	Nanobdellia	UBA9642 sp041658255
GCA_041659445	41.4277986043172	1759118.4504594	26.93	0.605138070468702	1.327	54.5913898064115	Nanobdellota	Nanobdellia	EX4484-71 sp041659445
GCA_041661025	35.2977238822656	1698336.56205605	57.09	0.561629213626951	1.214	57.4807283742203	Micrarchaeota	Micrarchaeia	DAHXMR01 sp041661025
GCA_041662685	43.6453839517915	2147384.50230995	51.25	0.573151629072682	1.218	59.6644703522634	Halobacteriota	Methanomicrobia	Methanoregula sp041662685
GCA_041664085	36.1804407182775	2876061.91885038	50.62	0.575959742184538	1.29	60.8922643616348	Halobacteriota	Methanosarcinia	Methanothrix sp023229165
GCA_041665465	52.6944026689904	2391292.8209711	35.98	0.590320192674377	1.236	51.9778253582661	Nanobdellota	Nanobdellia	JACRPH01 sp041665465
GCA_041665945	37.1271435148504	1468716.49166152	55.96	0.564852422005556	1.25	58.3045396172795	Micrarchaeota	Micrarchaeia	JBAYHU01 sp041665945
GCA_041670945	48.5352687024259	1481058.27406857	51.7	0.569436083164369	1.396	59.4741922046037	NA	NA	NA
GCA_041671005	45.6426998703034	2035911.94029851	31.86	0.575215281405873	1.118	56.5980071953034	Nanobdellota	Nanobdellia	JACRPI01 sp041671005
GCA_041672285	51.182220369585	1356887.94880139	56.35	0.57478951422273	1.432	60.3793693286869	NA	NA	NA
GCA_041673705	50.3485251537827	1588547.9328602	55.34	0.577501297295418	1.449	59.9214423899358	NA	NA	NA
GCA_041676085	47.3624477270969	2468987.63108362	39.96	0.579082355197631	1.118	60.9358586506434	Thermoproteota	Bathyarchaeia	Bathycorpusculum sp012511995
GCA_041690945	21.5154946492395	3555359.45560312	37.92	0.567199852196495	1.065	57.65222947175	Thermoproteota	Nitrososphaeria	TA-21 sp038201105
GCA_041694885	50.0430267453295	1172784.13424867	48.9	0.598116670949741	1.54	56.1923599365527	Micrarchaeota	Micrarchaeia	JAHJBR01 sp041694885
GCA_041747305	18.3729957395036	3670915.29462738	33.81	0.563734060187121	1.021	56.0246842325358	Thermoproteota	Nitrososphaeria	Nitrosocosmicus sp041747305
GCA_041862315	55.7169295561885	1139787.71796816	50.34	0.617116065586706	1.584	62.8360132122556	Hadarchaeota	Hadarchaeia	DG-33 sp029880065
GCA_900065925	31.8136295769688	2050316.86541738	37.07	0.564165632611793	1.045	58.5895086647886	Thermoproteota	Nitrososphaeria	Nitrosotalea devanaterra
GCA_900620265	29.2864109161927	2329304.71301913	64.8	0.579560603775417	1.538	61.6338952880407	NA	NA	NA
GCA_902158745	54.5161266998085	2006488.96007322	42.71	0.621266091151718	1.791	62.724874669584	Halobacteriota	Methanoliparia	Methanolliviera sp902158745
GCA_902384455	43.6181907637642	2677305.42911069	50.49	0.572071118636893	1.178	59.1930200533186	Altiarchaeota	Altiarchaeia	CABMCB01 sp902384455
GCA_902384525	42.8919062625367	3184886.58669575	40.43	0.587744882334313	1.259	59.24645595686	Halobacteriota	Methanosarcinia	Methanoperedens sp902384525
GCA_902384555	40.7680825305565	1608230.94004441	61.7	0.564123324793944	1.182	58.2505947660556	Micrarchaeota	Micrarchaeia	CAIXYX01 sp902384555
GCA_902384795	38.6082507023223	1745827.40635372	49.69	0.577941667222853	1.3	57.9681526539511	Micrarchaeota	Micrarchaeia	Gugararchaeum adminiculabundum
GCA_902384935	44.5036534941193	1368880.35450517	57.5	0.570531191098468	1.325	60.0023983448798	Micrarchaeota	Micrarchaeia	Norongarragalina meridionalis
GCA_902385255	43.9888857134914	1968146.32490239	36.53	0.582100006778589	1.15	57.1424944035205	Nanobdellota	Nanobdellia	Tiddalikarchaeum anstoanum
GCA_902385765	57.8892521484626	1716797.95649308	42.34	0.581814987203458	1.302	59.6432718231921	Nanobdellota	Nanobdellia	CABMGU01 sp902385765
GCA_902386135	44.6963676141604	3394609.58760729	44.04	0.590194961305554	1.282	60.4089479698291	Halobacteriota	Methanosarcinia	Methanoperedens sp902386135
GCA_902386205	43.4170413216589	3280659.68955786	43.88	0.590496523772713	1.3	60.8817897819158	Halobacteriota	Methanosarcinia	Methanoperedens sp902386205
GCA_902386255	44.8694870689567	2678213.7341707	43.13	0.591544030271229	1.312	59.8896269301735	Halobacteriota	Methanosarcinia	Methanoperedens sp902386255
GCA_902529885	48.4149869453783	1369366.65317685	36.56	0.56578947368421	1.089	56.9718477285334	Nanobdellota	Nanobdellia	CABZYC01 sp902529885
GCA_902763685	48.2844547325635	1745570.68300431	56.13	0.56911076511384	1.366	58.732416118807	Thermoplasmatota	Thermoplasmata	Methanomethylophilus sp902763685
GCA_902768855	42.555530045862	2595565.12493355	26.07	0.57583929114086	1.154	57.228585166062	Methanobacteriota	Methanobacteria	Methanarmilla sp900314605
GCA_902812485	42.9217972619953	2643522.15367358	46.06	0.584663247982696	1.154	54.2675535432311	Thermoproteota	Nitrososphaeria	CADDZS01 sp902812485
GCA_902812495	59.3799609898278	1673706.42430279	44.12	0.60711914459276	1.288	64.3741268602421	Thermoproteota	Nitrososphaeria	CADDZR01 sp902812495
GCA_902827205	78.0369647612326	1479331	29.08	0.648328801073973	1.785	66.4033987100578	Methanobacteriota	Methanococci	Methanocaldococcus lauensis
GCA_903825585	45.3389427204673	1726896.31336406	31.89	0.591437964884464	1.279	55.8979490879251	Nanobdellota	Nanobdellia	CAIPOI01 sp903866625
GCA_903828955	46.7818635715524	1503365.6798919	50.31	0.587458190804554	1.396	60.185986455648	Micrarchaeota	Micrarchaeia	CAIKOA01 sp903828955
GCA_903828975	40.5784247483648	2697870.87338069	49.58	0.580261243581739	1.183	60.0908434520578	Halobacteriota	Methanomicrobia	CAIKOD01 sp903828975
GCA_903834305	36.1522404039729	3752800.20597322	49.2	0.573582661010282	1.125	59.4409594984909	Halobacteriota	Methanomicrobia	CAIKOD01 sp903819595
GCA_903835325	40.1378257598615	1996706.32435817	53.22	0.56894853150519	1.304	55.6382613691535	Micrarchaeota	Micrarchaeia	Bilamarchaeum sp903835325
GCA_903842985	54.7108157607988	1406958.54009925	41.43	0.59143130593273	1.35	60.318889666424	Nanobdellota	Nanobdellia	CAIMOB01 sp903842985
GCA_903851935	41.411193753647	2990503.78102034	52.55	0.572576969671787	1.184	60.1036914115258	Halobacteriota	Methanomicrobia	Methanoregula sp903832665
GCA_903857535	35.8103350559157	3447882.52207846	40.79	0.580882879015525	1.129	59.9132096538902	Halobacteriota	Methanomicrobia	CAIYHQ01 sp903926075
GCA_903877165	40.7843307737075	2196185.02887606	53.94	0.557808462294383	0.962	60.6863709284444	Thermoplasmatota	E2	CAIRCU01 sp903877165
GCA_903883005	36.6880020889299	3413340.5663448	49.89	0.576409577149771	1.256	60.9957422971301	Halobacteriota	Methanosarcinia	Methanothrix sp903871465
GCA_903884115	40.1775618935537	1585331.99195171	50.04	0.561624046174258	1.107	57.0595719931982	Micrarchaeota	Micrarchaeia	CAISDH01 sp903884115
GCA_903884205	46.4419016389142	2546613.29063251	45.42	0.573452964603515	1.1	60.2325837977675	Thermoproteota	Bathyarchaeia	Bathycorpusculum sp903901015
GCA_903900025	42.9776316024638	1858307.43027464	53.84	0.575979632633965	1.258	61.772311493457	Halobacteriota	Methanomicrobia	MVRE01 sp903900025
GCA_903904885	51.3117097091782	2039870.77689553	42.48	0.579046474968194	1.252	58.4372858886243	Nanobdellota	Nanobdellia	CAIVED01 sp903904885
GCA_903907555	54.97895429575	1721387.13929984	40.09	0.584321443113255	1.361	57.2491558239987	Nanobdellota	Nanobdellia	CAIVOO01 sp903907555
GCA_903914545	43.8975290874249	1722283.28083071	56.94	0.577939421998255	1.333	59.9583365292893	Micrarchaeota	Micrarchaeia	CAISET01 sp903884505
GCA_903915225	49.2645595953328	2513066.42941874	45.53	0.589709730714036	1.301	59.0334258632882	Nanobdellota	Nanobdellia	B29-G15 sp903915225
GCA_905171695	55.6112643949335	1961584.37053662	46.48	0.608741807940205	1.496	60.4971548384112	Halobacteriota	Methanosarcinia	EX4572-44 sp905171695
GCA_905479565	34.5528822395426	1645762.27988879	33.61	0.574367547804432	1.202	56.710982583499	Thermoproteota	Nitrososphaeria	Nitrosopumilus sp905479565
GCA_934140855	43.7504314209261	1946787.33532603	58.44	0.568627788883527	1.431	60.235210605481	Thermoplasmatota	Thermoplasmata	Methanoprimaticola sp002504495
GCA_934155295	47.9007976663479	2016622.7365263	58.19	0.570102452933716	1.423	60.7569956619009	Thermoplasmatota	Thermoplasmata	Methanoprimaticola hominis
GCA_934234005	41.988662629506	1843372.4588577	46.26	0.563247812505709	1.271	58.7954978653489	Thermoplasmatota	Thermoplasmata	Methanoprimaticola sp934234005
GCA_934702355	44.1442391947521	1830750.10579771	55.29	0.566558699950331	1.368	60.5646108572777	Thermoplasmatota	Thermoplasmata	Methanoprimaticola sp934702355
GCA_937138345	34.186997090696	3534255.73641891	29.24	0.567233830942793	1.09	55.370284375221	Nanobdellota	Nanobdellia	UBA583 sp937138345
GCA_937141695	32.0714808647171	1194513.95896401	33.97	0.576620441373521	1.264	57.9391806219271	Thermoproteota	Nitrososphaeria	Nitrosopelagicus sp001627235
GCA_937142015	29.1563927228805	4597563.06974772	65.13	0.549520983000035	1.386	63.8632593766174	Halobacteriota	Halobacteria	JAHENP01 sp937142015
GCA_937146515	29.419805905521	3864672.02432667	65.9	0.550659091243327	1.443	63.3585944714272	Halobacteriota	Halobacteria	JAHENP01 sp018609965
GCA_937864385	40.9679476724971	2355354.12537812	54.99	0.584435487398266	1.384	61.559679771267	Halobacteriota	Methanosarcinia	Methanothrix sp937864385
GCA_937873375	50.1685048673276	2307320.31430552	46.21	0.579095544913285	1.169	61.683429933557	Thermoproteota	Bathyarchaeia	JADGNF01 sp937873375
GCA_937876055	30.2086470820841	1795136.9947168	45.56	0.560532623837552	1.188	60.6519614629917	Thermoplasmatota	Poseidoniia	MGIIb-O1 sp937876055
GCA_937877725	80.1514579884323	3537515.77618847	45.94	0.63888404906336	1.829	69.1645629323283	Asgardarchaeota	Baldrarchaeia	Baldrarchaeum yapensis
GCA_937880785	93.2738208299416	3611881.5370623	57.46	0.656789971734054	1.987	72.8004014029825	Thermoproteota	Thermoprotei	B17-G15 sp003649495
GCA_937888385	50.855630489927	1624637.85962163	45.25	0.572636508196061	1.327	58.8293756860207	Thermoplasmatota	Thermoplasmata	SIG5 sp015063195
GCA_937888495	42.3161978097363	2252381.98533209	26.9	0.575205620481723	1.141	58.30008165476	Methanobacteriota	Methanobacteria	UBA412 sp002495685
GCA_937892945	20.6005131661777	2481447.0789538	46.28	0.543331770488093	1.034	58.6368257845865	Thermoplasmatota	Poseidoniia	MGIIa-L1 sp937892945
GCA_937894115	23.099118267219	2897980.36291325	47.67	0.550432796253428	1.078	59.7282136103742	Thermoplasmatota	Poseidoniia	MGIIa-L2 sp937894115
GCA_937894155	22.611185846098	2627383.38461538	48.31	0.549337863752944	1.088	59.3572912590047	Thermoplasmatota	Poseidoniia	MGIIa-L2 sp002502215
GCA_937895425	48.739066622497	1902416.93811075	45.88	0.576963513041704	1.354	59.688613234176	Thermoplasmatota	Thermoplasmata	VadinCA11 sp002498605
GCA_937896355	20.1477011011989	3217239.25002807	34.25	0.564480486777055	1.011	54.0325759203474	Thermoproteota	Nitrososphaeria	Nitrosocosmicus sp013114705
GCA_937896455	18.1292420130797	2388971.38067297	41.8	0.545924253089316	1.023	59.6302320242363	Thermoplasmatota	Poseidoniia	MGIIa-L1 sp009887195
GCA_937896495	31.4705090650362	1487641.40875133	31.54	0.576100915289063	1.2	56.2074897139246	Thermoproteota	Nitrososphaeria	Nitrosopumilus sp937896495
GCA_937897875	24.2307332330088	1476033.8573156	31.05	0.576284259061894	1.207	56.6766427250708	Thermoproteota	Nitrososphaeria	Nitrosopumilus sp937897875
GCA_937898665	88.4330354078216	2015525.62128876	54.77	0.656940349091765	2.025	67.2284037477752	Thermoproteota	Bathyarchaeia	B23 sp937898665
GCA_937899195	24.0622845620798	2355670.43048694	53.97	0.556164256366211	1.132	59.107932726445	Thermoplasmatota	Poseidoniia	UBA60 sp028283345
GCA_937899285	32.213176944578	1509788.59496964	63.47	0.573633589085736	1.334	64.2850213251182	Thermoplasmatota	Poseidoniia	UBA8886 sp003193815
GCA_937900195	19.8912729580929	2872736.55715516	53.87	0.547250776290921	1.113	59.6512634895876	Thermoplasmatota	Poseidoniia	Poseidonia sp002502295
GCA_937907075	21.6118756518396	2450692.94657246	60.2	0.554314299009506	1.249	60.4881368722041	Thermoplasmatota	Poseidoniia	MGIIa-L3 sp002723635
GCA_937911265	24.3716950132738	1722248.23529412	55.25	0.56104385827425	1.208	59.1981403759508	Thermoplasmatota	Poseidoniia	Thalassarchaeum sp002495735
GCA_937912225	43.7266248104575	2630538.5097057	29.72	0.579464887110024	1.248	56.2928650308053	Nanobdellota	Nanobdellia	JAHIUF01 sp937912225
GCA_937915175	18.6428835023523	2444132.93413174	51.83	0.541971949257386	1.069	58.865738459038	Thermoplasmatota	Poseidoniia	MGIIa-L1 sp9513u
GCA_937916545	41.8204639225085	1984376.2564808	57.68	0.559301063004699	1.269	59.630509989239	Thermoplasmatota	Thermoplasmata	Methanomethylophilus sp002495325
GCA_937920125	31.6813977242103	1756112.0620792	39.24	0.57134449709876	1.239	56.8728124036082	Thermoproteota	Nitrososphaeria	Nitrosopumilus sp032127635
GCA_937921685	72.4496400469152	1569410.48746064	52.99	0.631418158799474	1.493	67.9285801957117	Thermoproteota	Nitrososphaeria_A	HRBIN02 sp937921685
GCA_937965765	42.914802023065	2055368.92361111	42.43	0.571777673104098	1.246	58.2136169501811	Thermoplasmatota	Thermoplasmata	Methanomassiliicoccus_A sp905202485
GCA_938017545	25.9653637292656	1348078.56237761	31.17	0.578242935382916	1.223	55.6238242732362	Thermoproteota	Nitrososphaeria	Nitrosopumilus sp938073915
GCA_938027595	97.5237797839601	1290840.94684385	50.78	0.635672290056926	1.589	69.7665353865299	Thermoproteota	Thermoprotei	Pyrobaculum sp938027595
GCA_938030705	22.4030486776662	2491754.81957489	55.32	0.546768413833203	1.111	60.030145961404	Thermoplasmatota	Poseidoniia	Poseidonia sp938030705
GCA_938030895	58.0676498481172	1509852.61768588	42.84	0.598175442163041	1.497	61.4758779364753	Thermoproteota	Nitrososphaeria	Nitrosocaldus sp938030895
GCA_938034445	71.754029681371	2025890.31821259	35.98	0.625436528353376	1.426	62.3102010353862	Thermoproteota	Nitrososphaeria	JACIWG01 sp938034445
GCA_938036345	80.863485555734	1969089.96629505	54.59	0.63437334743522	1.594	69.0562877331183	Thermoproteota	Thermoprotei	CALHPJ01 sp938036345
GCA_938042195	61.3279715803106	1482204.65116279	57.6	0.631297361157295	1.84	67.9208286934054	Thermoproteota	Bathyarchaeia	CALIRQ01 sp938042195
GCA_938045545	65.074307144785	2515833.43676306	48	0.62494147889526	1.512	62.3648006554936	Thermoproteota	EX4484-205	JAAOZP01 sp938045545
GCA_938045815	76.7207459942718	1594110.17838405	43.27	0.63946797665556	1.396	70.4017745832567	Thermoproteota	Thermoprotei_A	Zestosphaera sp938045815
GCA_938048195	45.5321893589131	1974827.36435771	44.79	0.570561476596579	1.21	58.3229244124817	Thermoplasmatota	Thermoplasmata	Methanomassiliicoccus_A sp905203995
GCA_938048735	67.1484846812829	1788798.40672715	51.53	0.63939882217684	1.723	64.7455797317546	Thermoproteota	Bathyarchaeia	JAGTRB01 sp938048735
GCA_938048785	75.4825249271978	1722837.9083603	44.71	0.632931888435775	1.814	66.6774311471769	Halobacteriota	Archaeoglobi	WYZ-LMO2 sp938048785
GCA_938049375	26.9918470092559	2237767.59577447	36.11	0.5639478475831	1.07	59.4603224034827	Thermoplasmatota	Poseidoniia	MGIIb-O3 sp002172375
GCA_938074535	72.3737091635893	1293878.99592362	63.29	0.663761148117821	2.011	67.3616003274013	Hadarchaeota	Hadarchaeia	WYZ-LMO6 sp938074535
GCA_938074605	84.370099463247	1806461.74259177	35.47	0.632049139409198	1.386	69.4728483623709	Thermoproteota	Thermoprotei_A	Ignisphaera sp938074605
GCA_938075675	20.3020702272632	2325520.75657087	48.57	0.54500225987737	1.055	58.6788933677266	Thermoplasmatota	Poseidoniia	MGIIa-L1 sp938075675
GCA_938083505	69.0234069010385	1316899.463654	43.53	0.626000591225518	1.523	67.0223519473647	Thermoproteota	Nitrososphaeria_A	Terraquivivens sp938083505
GCA_938084675	16.8263950468012	2310812.80495061	48.76	0.547068577697845	1.066	59.5535029955846	Thermoplasmatota	Poseidoniia	Poseidonia sp938084675
GCA_938091495	68.2575496906191	1501658.36221837	38.89	0.617092476198708	1.528	59.3756303894673	Thermoproteota	Nitrososphaeria	JACAEJ01 sp938091495
GCA_938091805	74.1976183155682	1982607.58907913	43.25	0.62133395218144	1.58	62.8568102072732	Thermoproteota	Bathyarchaeia	DTEX01 sp938091805
GCA_943788655	17.025148764655	2459802.45150541	51.56	0.540793009495664	1.066	59.3947916903317	Thermoplasmatota	Poseidoniia	MGIIa-L1 sp009887095
GCA_943842745	22.5131323128056	2717018.58004184	51.25	0.54112860839037	1.066	59.4317993680554	Thermoplasmatota	Poseidoniia	MGIIa-L1 sp002502605
GCA_943844695	18.0738460317853	2322280.22303951	49.12	0.544261227488666	1.047	59.2792344220176	Thermoplasmatota	Poseidoniia	MGIIa-L1 sp002506275
GCA_944319735	44.0567078735523	1925823.56770833	41.03	0.570731537980884	1.203	57.9747993365087	Thermoplasmatota	Thermoplasmata	Methanomassiliicoccus_A sp944319735
GCA_944320495	45.4977117387083	1946938.91029169	61.63	0.568045611546995	1.406	60.7127685247414	Thermoplasmatota	Thermoplasmata	Methanoprimaticola sp944320495
GCA_944322255	43.0357677597677	2098897.55011136	60.92	0.566732120474854	1.387	60.4170968028593	Thermoplasmatota	Thermoplasmata	Methanoprimaticola sp944322255
GCA_945861715	41.1134901807155	2066386.5412215	38.75	0.565384635734959	1.081	51.6174526529504	Nanobdellota	Nanobdellia	CAMAVK01 sp945861715
GCA_946542835	47.891490360983	1780518.98293278	33.02	0.577529945733064	1.209	60.124003586201	Methanobacteriota	Methanobacteria	Methanosphaera sp11921u
GCA_949291775	48.9550873265885	1608759.14913083	61.14	0.571668382441594	1.479	60.1645933003521	Thermoplasmatota	Thermoplasmata	SIG5 sp944321505
GCA_949291795	41.221674665399	1828260.82354186	60.83	0.567563469120588	1.364	60.3707248261025	Thermoplasmatota	Thermoplasmata	Methanoprimaticola sp944320485
GCA_949292635	47.1613337267255	1615147.05882353	58.99	0.571271209497077	1.433	59.9739927329889	Thermoplasmatota	Thermoplasmata	SIG5 sp949292635
GCA_949295765	47.8182703991477	1973330.00665336	60.3	0.569035377839083	1.426	60.3216691244303	Thermoplasmatota	Thermoplasmata	Methanoprimaticola sp949295765
GCA_949372615	21.2661265481053	2427295.93715478	46.62	0.545241854245817	1.047	58.2807653449862	Thermoplasmatota	Poseidoniia	MGIIa-L1 sp905182715
GCA_949372875	20.0871672038797	2643894.67238212	46.49	0.541850397334627	1.032	58.4230227839536	Thermoplasmatota	Poseidoniia	MGIIa-L1 sp949372875
GCA_949529495	24.8839957026399	2395956.73256248	45.66	0.550556982987477	1.094	59.4218293377288	NA	NA	NA
GCA_951812655	33.3232295963595	1874129.9719888	38.01	0.567816510873752	1.229	56.5546423266972	Thermoproteota	Nitrososphaeria	Nitrosopumilus sp951812655
GCA_958295735	15.9326121023417	3681547.6744186	69.86	0.56983601650771	1.581	62.3210944352595	Thermoproteota	Nitrososphaeria	Cenarchaeum sp958295735
GCA_959597175	44.0089106161564	2039108.8794926	60.31	0.567043602000497	1.367	60.1596334888031	Thermoplasmatota	Thermoplasmata	Methanoprimaticola sp959597175
GCA_959607685	50.5947164061693	2136393.79811341	55.25	0.56637324821276	1.33	59.723073764931	Thermoplasmatota	Thermoplasmata	Methanoprimaticola sp945492685
GCA_963422575	25.6339296452073	2469908.21580479	36.59	0.562634559807592	1.196	56.8612109171647	Thermoproteota	Nitrososphaeria	Nitrosopumilus sp963422575
GCA_963578705	36.6627618366379	1390648.39650146	64.74	0.574222483233561	1.369	64.4279377756842	Thermoplasmatota	Poseidoniia	UBA8886 sp963578705
GCA_963580065	30.3780491481081	1503971.77184183	42.86	0.572280874821594	1.202	62.3946067514943	Thermoplasmatota	Poseidoniia	CG-Epi1 sp963577905
GCA_963580425	28.0445971597856	2380050.62305296	60.02	0.555828253041618	1.213	60.964963560464	Thermoplasmatota	Poseidoniia	JAKUTA01 sp937897085
GCA_963582685	25.3614045559363	2161828.37640176	53.15	0.551218363324018	1.167	60.2106685740737	Thermoplasmatota	Poseidoniia	CAUZSM01 sp963582685
GCA_963586845	46.0729465089475	2030755.39975122	60.43	0.568358371604266	1.414	60.29131273186	Thermoplasmatota	Thermoplasmata	Methanoprimaticola sp963586845
GCA_963589775	46.249643497386	1539738.22551228	47.11	0.57249531130612	1.387	59.0725235042343	Thermoplasmatota	Thermoplasmata	Methanarcanum sp963640855
GCA_963606955	44.4716540780356	2018867.62860728	29.66	0.569717757446391	1.143	58.796655519501	Methanobacteriota	Methanobacteria	Methanocatella sp963606955
GCA_963607185	41.8203446925272	2401974.52229299	58.63	0.561689110275301	1.403	60.5844324723387	Thermoplasmatota	Thermoplasmata	Methanoprimaticola sp963640995
GCA_963617815	43.0179592070603	2821797.33156908	59.17	0.562409520713331	1.348	60.6518163117456	Thermoplasmatota	Thermoplasmata	Methanoprimaticola sp963605395
GCA_963625795	43.9737456608473	1577929.40671602	47.79	0.570658186819279	1.342	59.0543412567798	Thermoplasmatota	Thermoplasmata	Methanarcanum sp963625795
GCA_963627635	43.7792719627433	1957563.30472103	51.49	0.564681291459696	1.258	59.0489797339879	Thermoplasmatota	Thermoplasmata	Methanomethylophilus sp963591575
GCA_963632755	46.2551865827992	1564946.08879493	52.32	0.56941266636339	1.389	58.428431473835	Thermoplasmatota	Thermoplasmata	Methanarcanum sp963632775
GCA_963634695	39.0173893480214	2209482.83261803	52.46	0.560500867840317	1.209	59.3740395554019	Thermoplasmatota	Thermoplasmata	Methanomethylophilus sp963631655
GCA_963635855	43.2365596180198	2432560.80270477	46.19	0.554585068579055	1.095	58.7429737569223	Thermoplasmatota	Thermoplasmata	Methanomethylophilus sp963635855
GCA_963637895	41.7405609727476	2082942.74300932	59.95	0.563725982739949	1.403	60.648823630728	Thermoplasmatota	Thermoplasmata	Methanoprimaticola sp963637895
GCA_963642905	43.4702618510839	1842501.87748096	46.68	0.570368024150424	1.349	58.975397049088	Thermoplasmatota	Thermoplasmata	Methanarcanum sp963643255
GCA_963643445	40.5324102810126	1521339.98498015	57.99	0.569835137674216	1.455	59.8687900589524	Thermoplasmatota	Thermoplasmata	Methanomethylophilus sp963643445
GCA_963645865	46.2058233493805	2524703.80194518	59.86	0.567035979265407	1.388	60.1533330968005	Thermoplasmatota	Thermoplasmata	Methanoprimaticola sp963645865
GCA_963646785	44.6623611460657	2060114.80686695	52.92	0.562479309190511	1.213	59.2334658422477	Thermoplasmatota	Thermoplasmata	Methanomethylophilus sp963646785
GCA_963650175	45.1525147957265	2379800.25255424	60.59	0.568625331009062	1.398	60.2057084031176	Thermoplasmatota	Thermoplasmata	Methanoprimaticola sp963650175
GCA_963651945	42.8748366652812	1674040.16913319	51.72	0.569247479518113	1.377	58.5401100836097	Thermoplasmatota	Thermoplasmata	Methanarcanum sp963651945
GCA_963656905	41.4857804729836	2664791.13289518	57.45	0.562487324178905	1.359	60.55129453548	Thermoplasmatota	Thermoplasmata	Methanoprimaticola sp963656905
GCA_963662625	31.1304744683572	2051316.63171835	63.4	0.577038382361575	1.442	59.3483306128636	Thermoproteota	Nitrososphaeria	JAPOPJ01 sp963662625
GCA_963663855	44.7281289696075	2589362.44449144	61.67	0.580063506938489	1.319	60.8172300783983	Thermoplasmatota	Thermoplasmata	UBA6 sp963663855
GCA_963665475	30.8733768596299	2949063.00671763	62.49	0.555885245273541	1.346	61.1008578672824	Thermoproteota	Nitrososphaeria	VYCS01 sp963665475
GCA_963665795	44.9526371862806	1688692.2018834	46.05	0.567692342493332	1.272	59.1128213682526	Thermoplasmatota	Thermoplasmata	Methanogranum sp963676045
GCA_963667665	25.4421589277049	2087696.9763849	34.37	0.565727776383326	1.143	57.5975626637134	Thermoproteota	Nitrososphaeria	Nitrosopumilus sp963667665
GCA_963675495	39.7157914979752	2902452.02989295	40.55	0.569642376171134	1.219	59.5234241057964	Halobacteriota	Methanosarcinia	Methanolobus sp963675495
GCA_963676195	34.6019605270584	3070355.48374066	43.99	0.566012762345361	1.168	60.543333507191	Halobacteriota	Methanosarcinia	Methanococcoides sp963676195
GCA_963676235	42.2768827215339	1750773.70256844	42.46	0.562072801118447	1.173	58.7708206079986	Thermoplasmatota	Thermoplasmata	JALNYB01 sp963676235
GCA_963676575	42.1907023710146	1691553.95533292	48.91	0.577031643369981	1.239	59.0279433609432	Halobacteriota	Methanomicrobia	Methanocorpusculum sp963676575
GCA_963676675	40.2674525000796	3040128.54007733	48.59	0.571722158111439	1.159	59.883775208559	Halobacteriota	Methanomicrobia	Methanoregula sp963676675
GCA_963677865	33.36337170504	4058496.5431844	51.03	0.571864171095307	1.272	61.1908646499894	Halobacteriota	Methanosarcinia	Methanothrix sp028682845
GCA_963677995	40.6064136139774	1824339.12306715	49.11	0.578395747317929	1.26	59.0164910713791	Halobacteriota	Methanomicrobia	Methanocorpusculum sp963677995
GCA_963678495	33.6818949140021	3069977.80468119	50.13	0.572023944921276	1.234	61.5145399668278	Halobacteriota	Methanosarcinia	Methanothrix sp963682135
GCA_963692915	19.670474959896	1841085.73987016	59.41	0.555254084844851	1.332	60.9260158063263	Thermoproteota	Nitrososphaeria	JAHRAL01 sp963692915
GCA_963693095	13.8386228468294	2243054.62278934	60.41	0.539215849357908	1.177	61.012849805499	Thermoproteota	Nitrososphaeria	JAHRAL01 sp963693095
GCA_963919815	30.0603490442527	1356555.66881867	33.84	0.585468460192732	1.234	57.4879874295589	Thermoproteota	Nitrososphaeria	CSP1-1 sp016276965
GCA_963919885	35.5689707746589	1560635.48732595	33.21	0.581745786195671	1.212	58.3804338859361	Thermoproteota	Nitrososphaeria	CSP1-1 sp022573065
GCA_963932565	21.091408836004	2324925.8012221	42.09	0.548050141872267	1.033	58.5648718248582	Thermoplasmatota	Poseidoniia	MGIIa-L1 sp905182185
GCA_963932705	21.5574995413536	2353883.48333739	52.38	0.543612585324159	1.087	59.3471222104537	Thermoplasmatota	Poseidoniia	MGIIa-L1 sp905181785
GCA_963934175	27.8490087162213	1805537.13049748	55.98	0.556854566026669	1.257	60.4039313966304	Thermoplasmatota	Poseidoniia	MGIIb-O1 sp002498525
GCA_963934235	22.0627084480468	2409888.76529477	44.97	0.549484396858595	1.064	59.8542134299242	Thermoplasmatota	Poseidoniia	MGIIa-L2 sp009887135
GCA_963934565	29.01747067961	1890909.09090909	52.69	0.556076254898481	1.226	59.3706052155921	Thermoplasmatota	Poseidoniia	MGIIb-O1 sp8684u
GCA_963934815	16.5371460638943	2326653.65377577	48.33	0.546839015157939	1.054	59.6114603425951	Thermoplasmatota	Poseidoniia	Poseidonia sp949373095
GCA_963935135	27.36130839292	1702875.30189399	59.4	0.561719711166598	1.251	60.0797280236386	Thermoplasmatota	Poseidoniia	Thalassarchaeum sp019654055
GCA_963968125	22.1476637413948	2559581.52241401	46.16	0.546004936585063	1.049	58.3882463718969	Thermoplasmatota	Poseidoniia	MGIIa-L1 sp028822955
GCA_963968405	24.2089460629038	2258085.08029913	49.05	0.547780816136007	1.097	60.2585432774947	Thermoplasmatota	Poseidoniia	MGIIa-L2 sp937911445
GCA_963968505	31.4795100859856	1725240.5157451	45.19	0.561683183591311	1.174	60.5541433737576	Thermoplasmatota	Poseidoniia	MGIIb-O1 sp002497025
GCA_963969045	18.8101229104203	2412512.01182703	55.15	0.545893519882667	1.123	60.3243009953526	Thermoplasmatota	Poseidoniia	Poseidonia sp002689105
GCA_963977645	33.26353852665	1552766.21517454	38.23	0.570561809047632	1.137	57.9195375967802	Thermoproteota	Nitrososphaeria	Nitrosotenuis sp002499525
GCA_963978345	23.2057008758058	2667235.35085604	53.51	0.544257357370594	1.074	59.8473526129395	Thermoplasmatota	Poseidoniia	Poseidonia sp038124565
GCA_963979395	22.2720792538876	2240950.88454376	41	0.552371688720458	1.059	58.6930832928518	Thermoplasmatota	Poseidoniia	MGIIa-L1 sp018667575
GCA_963980615	16.4406488965723	2394868.90468023	48.75	0.546248448799692	1.056	59.7056699426326	Thermoplasmatota	Poseidoniia	Poseidonia sp018662715
GCA_963989695	27.203441547914	1864302.03045685	47.59	0.566511948239654	1.146	60.2420059853741	Thermoplasmatota	Poseidoniia	MGIIb-O5 sp028283505
GCA_963990265	27.7161080637007	1954243.23634507	38.05	0.566896272997241	1.118	59.3128637776867	Thermoplasmatota	Poseidoniia	MGIIb-O2 sp002498985
GCA_963990755	21.8541196976919	2412409.84615385	44.69	0.549527645153184	1.076	59.525556960039	Thermoplasmatota	Poseidoniia	MGIIa-L2 sp002171315
GCA_963991825	27.9134181746925	1961358.92116183	51.84	0.555202890446149	1.218	59.5580571362858	Thermoplasmatota	Poseidoniia	MGIIb-O1 sp002497895
GCA_963992115	28.0142194639318	1707958.33840906	47.59	0.563082649007294	1.143	59.7968992647251	Thermoplasmatota	Poseidoniia	MGIIb-O5 sp002501805
GCA_963997415	21.4285626194021	2440716.67285555	50.45	0.544190102976366	1.095	59.6800918183488	Thermoplasmatota	Poseidoniia	MGIIa-L1 sp8160u
GCA_963997625	49.7342667078786	1384615.56829035	28.03	0.615979932008081	1.446	52.8995129752934	Nanobdellota	Nanobdellia	NP1466 sp002731115
GCA_963997685	22.5802898670231	1274547.79494068	33.31	0.575248536766406	1.225	57.238589501578	Thermoproteota	Nitrososphaeria	Nitrosopelagicus sp937896695
GCA_963998425	24.8842792680844	1792123.14736715	47.22	0.560804068170997	1.125	59.7567733984119	Thermoplasmatota	Poseidoniia	MGIIb-O5 sp002499865
GCA_963998875	26.5746319442177	1800480.45805327	37.5	0.567695575934328	1.115	59.3371866404032	Thermoplasmatota	Poseidoniia	MGIIb-O2 sp002504905
GCA_963999185	28.4256119901901	1970369.15396742	48.55	0.565084717641493	1.144	61.0132856970762	Thermoplasmatota	Poseidoniia	MGIIb-N1 sp002499585
GCA_963999725	40.9651324870037	1768908.91638225	46.01	0.588927950249409	1.236	60.8903880744668	Thermoproteota	Nitrososphaeria	UBA141 sp002495315
GCA_964000085	25.4546147644257	2256014.61632156	39.65	0.554731198179601	1.046	59.4799551881374	Thermoplasmatota	Poseidoniia	MGIIb-N2 sp002502625
GCA_964001055	27.4723066652754	1702089.49880668	51.5	0.556719870776981	1.175	60.0982471978031	Thermoplasmatota	Poseidoniia	Thalassarchaeum sp002714745
GCA_964001175	22.5851481305021	2379502.04474381	38.98	0.55252749705418	1.047	58.9228866498327	Thermoplasmatota	Poseidoniia	MGIIa-L1 sp964001175
GCA_964001615	21.3025282528098	2437796.71407553	39.64	0.547960476639542	1.041	59.3253862407654	Thermoplasmatota	Poseidoniia	MGIIa-L1 sp9596u
GCA_964003245	25.7993861583195	1850185.27488496	38.03	0.567786121151759	1.127	59.0299085928728	Thermoplasmatota	Poseidoniia	MGIIb-O2 sp964003245
GCA_964004435	27.5229012484801	1633893.15862417	51.45	0.566603918325599	1.197	60.0543775396135	Thermoplasmatota	Poseidoniia	MGIIb-O5 sp002498925
GCA_964004455	28.6915529898801	1859086.42865729	45.64	0.558581787480819	1.178	60.1209871803602	Thermoplasmatota	Poseidoniia	MGIIb-O1 sp002502175
GCA_964004875	29.1501695056804	1945350.87719298	48.22	0.558198101901338	1.18	60.4167638033176	Thermoplasmatota	Poseidoniia	Thalassarchaeum sp002501885
GCA_964005235	30.1291839452624	1190874.8349934	33.64	0.577284985285724	1.262	57.3390481694535	Thermoproteota	Nitrososphaeria	Nitrosopelagicus sp902552015
GCA_964005665	20.4676419452477	2315779.13522578	41.97	0.544302906490542	1.004	59.5734657853065	Thermoplasmatota	Poseidoniia	MGIIa-L1 sp002726395
GCA_964007955	25.8370011254353	2228772.62375644	42.16	0.557213241118654	1.115	59.2994357009293	Thermoplasmatota	Poseidoniia	MGIIa-K1 sp002710015
GCA_964011325	37.2630853608966	1574709.05678085	34.64	0.586502969247377	1.249	57.4745887883257	Thermoproteota	Nitrososphaeria	UBA213 sp002713325
GCA_964011885	24.2157548239936	1720161.81635725	51.18	0.563444500468198	1.174	60.5434440232687	Thermoplasmatota	Poseidoniia	UBA36 sp001629235
GCA_964012725	51.2180572618955	1723333.33333333	27.89	0.59555028312696	1.347	48.9166721668574	Nanobdellota	Nanobdellia	CAXGTL01 sp964012725
GCA_964012785	23.3647897897563	2404943.86227545	48.43	0.549434262620163	1.095	59.872113213859	Thermoplasmatota	Poseidoniia	MGIIa-L2 sp002698145
GCA_964013155	24.1143512300804	2310007.70613922	61.64	0.556995079944033	1.29	60.3909767105452	Thermoplasmatota	Poseidoniia	MGIIa-L3 sp11892u
GCA_964013535	22.7614378899869	2266584.54512679	43.29	0.549649779866626	1.058	59.7598324078205	Thermoplasmatota	Poseidoniia	MGIIa-L1 sp002495945
GCA_964013665	49.8433500398942	1572567.76633747	33.14	0.59636663696655	1.332	54.3773649824323	Nanobdellota	Nanobdellia	UBA489 sp002505585
GCA_964014005	20.1164331218825	2506687.50766213	47.02	0.548529690127045	1.07	59.5520664414991	Thermoplasmatota	Poseidoniia	MGIIa-L2 sp002722615
GCA_964015875	22.6884358181978	2391061.07784431	49.86	0.545371655959981	1.089	59.2441163350071	Thermoplasmatota	Poseidoniia	MGIIa-L1 sp964015875
GCF_000007185	101.121914112676	1703657.65403558	61.16	0.653096543803188	2.25	72.8771278565834	Methanobacteriota	Methanopyri	Methanopyrus kandleri
GCF_000009965	80.9442581130681	2088737	52	0.643656452145994	1.791	70.1067430433515	Methanobacteriota_B	Thermococci	Thermococcus kodakarensis
GCF_000011005	50.6220856754494	2957635	54.92	0.585304083639056	1.357	60.4664451069752	Halobacteriota	Methanocellia	Methanocella paludicola
GCF_000011125	81.0243153430735	1779300.93776641	56.31	0.644510541083953	1.705	72.2162673684826	Thermoproteota	Thermoprotei_A	Aeropyrum pernix
GCF_000011185	62.1694729026978	1683275.62400425	39.92	0.593347604507373	1.225	61.2680308092446	Thermoplasmatota	Thermoplasmata	Thermoplasma volcanium
GCF_000011205	83.7320318396654	2753966.27491058	32.79	0.630164168451106	1.326	67.3234095065285	Thermoproteota	Thermoprotei_A	Sulfurisphaera tokodaii
GCF_000013445	42.9833433173004	3650605.56127703	45.15	0.577981888794746	1.183	59.5388556754562	Halobacteriota	Methanomicrobia	Methanospirillum hungatei
GCF_000013725	41.3984215980151	2634303.83631714	40.76	0.574939792782823	1.262	59.672081719842	Halobacteriota	Methanosarcinia	Methanococcoides burtonii
GCF_000015145	87.9217588177827	1728704.89423476	53.74	0.642761598374534	1.727	72.4177263820575	Thermoproteota	Thermoprotei_A	Hyperthermus butylicus
GCF_000015205	98.5599491939869	1874963.55610307	49.6	0.644043822604502	1.706	69.4761770186929	Thermoproteota	Thermoprotei	Pyrobaculum islandicum
GCF_000015225	86.1978387903714	2037520.2247191	57.65	0.643700135097245	1.673	69.4705827280675	Thermoproteota	Thermoprotei	Thermofilum pendens
GCF_000015765	43.1173356700691	1883897.29673312	50.01	0.577413155838125	1.239	59.5508781680206	Halobacteriota	Methanomicrobia	Methanocorpusculum labreanum
GCF_000015805	101.989988023905	2044062.05493388	57.15	0.638671821135811	1.78	69.1890451438625	Thermoproteota	Thermoprotei	Pyrobaculum calidifontis
GCF_000015945	83.9781872301332	1654186.8548557	35.73	0.648929924978201	1.492	68.9951453188574	Thermoproteota	Thermoprotei_A	Staphylothermus marinus
GCF_000016125	54.142817739977	1789046	32.98	0.602757650693736	1.387	60.9131451872374	Methanobacteriota	Methanococci	Methanococcus maripaludis_D
GCF_000017165	54.9426765841236	1743939.97769441	31.33	0.607641638507217	1.346	60.6390587798764	Methanobacteriota	Methanococci	Methanococcus vannielii
GCF_000017185	52.4842299869382	1614047.71698889	30.04	0.605656044288234	1.344	59.8605900138314	Methanobacteriota	Methanococci	Methanofervidicoccus aeolicus
GCF_000017625	38.8631951454955	2588764.12501273	54.51	0.571372752434593	1.174	60.5345034441277	Halobacteriota	Methanomicrobia	Methanoregula boonei
GCF_000018305	75.2745362071234	2132806.69335797	43.1	0.620175835594863	1.15	68.959352989687	Thermoproteota	Thermoprotei	Caldivirga maquilingensis
GCF_000018465	38.555572443998	1815558.37563452	34.17	0.570258217364471	1.202	58.0133654588558	Thermoproteota	Nitrososphaeria	Nitrosopumilus maritimus
GCF_000019805	99.5803131091613	1836487.49610875	59.91	0.639729433108608	1.814	70.9873657716867	Thermoproteota	Thermoprotei	Pyrobaculum neutrophilum
GCF_000021965	32.8614887581927	2952143.21785678	55.35	0.566315172817809	1.067	59.9821704314671	Halobacteriota	Methanomicrobia	Methanosphaerula palustris
GCF_000022365	82.2533434389824	2045438	53.56	0.646519905401954	1.779	70.3416494605763	Methanobacteriota_B	Thermococci	Thermococcus gammatolerans
GCF_000023945	40.7266178554318	3285332.56034574	62.9	0.558418420014878	1.437	62.4281524926471	Halobacteriota	Halobacteria	Halorhabdus utahensis
GCF_000023985	76.0852699593471	1520785.99535869	32.22	0.644376859328517	1.892	66.4447507824388	Methanobacteriota	Methanococci	Methanocaldococcus fervens
GCF_000024185	38.9491610412058	3075283.21641713	32.64	0.565502945840641	1.185	56.3531709277235	Methanobacteriota	Methanobacteria	Methanobrevibacter ruminantium
GCF_000024625	77.0171691222533	1777557.25961053	31.58	0.640617534279577	1.76	66.3485785629734	Methanobacteriota	Methanococci	Methanocaldococcus vulcanius
GCF_000025285	87.5835926042296	1564361.61697018	42	0.643798371134958	1.947	67.8773906848197	Halobacteriota	Archaeoglobi	Archaeoglobus_B profundus
GCF_000025325	42.3398959701778	5558624.84675112	64.26	0.561772649069971	1.547	61.4790847518058	Halobacteriota	Halobacteria	Haloterrigena turkmenica
GCF_000025505	89.7350747398907	2196266	44.14	0.642043148674228	1.944	68.6681101387922	Halobacteriota	Archaeoglobi	Ferroglobus placidus
GCF_000025525	79.3084368974182	1789058.62173343	32.04	0.644518011468026	1.851	66.6684695855881	Methanobacteriota	Methanococci	Methanocaldococcus sp000025525
GCF_000025865	41.0131743881125	2015649.03846154	42.62	0.576952295027259	1.287	60.8287968457678	Halobacteriota	Methanosarcinia	Methanohalophilus mahii
GCF_000026045	39.0265139526208	2888032.76966705	63.12	0.556750194250194	1.571	62.8487545170857	Halobacteriota	Halobacteria	Natronomonas pharaonis
GCF_000063445	52.1344359594652	3179916	54.6	0.58217104952711	1.285	60.2213733750703	Halobacteriota	Methanocellia	Methanocella_A arvoryzae
GCF_000069025	32.9190936599499	2844873.68084426	65.71	0.535861898168762	1.405	62.0674738365109	Halobacteriota	Halobacteria	Halobacterium salinarum
GCF_000091665	81.9434997081192	1755551.40752699	31.29	0.645122172088225	1.86	66.5687412574316	Methanobacteriota	Methanococci	Methanocaldococcus jannaschii
GCF_000092185	81.8981681434562	1365054.43234837	46.73	0.639002044257427	1.429	70.6775764537518	Thermoproteota	Thermoprotei_A	Thermosphaera aggregans
GCF_000092305	91.413505298323	1328194	33.62	0.661956208374257	1.995	67.0333353177753	Methanobacteriota	Methanococci	Methanocaldococcus infernus
GCF_000092465	82.3088820673314	1609314.66395112	36.84	0.648717821450999	1.516	69.0203632605614	Thermoproteota	Thermoprotei_A	Staphylothermus hellenicus
GCF_000144915	73.5118625819842	1626402.56493859	57.22	0.610797149156721	1.305	71.8325232098042	Thermoproteota	Thermoprotei_A	Acidilobus saccharovorans
GCF_000147875	43.5473731257053	2894523.05812888	47.4	0.584045635378229	1.282	59.6684101457486	Halobacteriota	Methanomicrobia	Methanolacinia petrolearia
GCF_000148385	81.4467061814818	2395456.56341439	45.43	0.626320244821355	1.278	69.0949931666976	Thermoproteota	Thermoprotei	Vulcanisaeta distributa
GCF_000151205	82.1362220100211	2086428	54.78	0.648408016764413	1.808	70.3465515784239	Methanobacteriota_B	Thermococci	Thermococcus sp000151205
GCF_000179575	61.6220487355836	1692518.41388356	29.28	0.616010366578494	1.432	63.0085897658104	Methanobacteriota	Methanococci	Methanofervidicoccus okinawensis
GCF_000186365	80.2403492968546	1362179.04880323	53.14	0.641774801172039	1.52	71.5789256820255	Thermoproteota	Thermoprotei_A	Desulfurococcus mucosus
GCF_000190315	79.089661132816	2433301.22777307	42.39	0.622254264901406	1.221	67.6121458352236	Thermoproteota	Thermoprotei	Vulcanisaeta moutnovskia
GCF_000191585	43.5870280943785	2634063.6150474	35.83	0.580189243554396	1.137	61.477421476763	Methanobacteriota	Methanobacteria	Methanobacterium_B lacus
GCF_000193375	94.3745571842208	2000891.8974783	59.65	0.628840225274008	1.658	70.7779975193711	Thermoproteota	Thermoprotei	Thermoproteus uzoniensis
GCF_000194625	79.290260850233	1941352.45483311	47.05	0.627127442036053	1.799	67.55984082471	Halobacteriota	Archaeoglobi	Archaeoglobus_C veneficus
GCF_000195915	62.2410377600819	1668165.44078456	45.99	0.58523380782686	1.229	61.4209205585109	Thermoplasmatota	Thermoplasmata	Thermoplasma acidophilum
GCF_000195935	93.2817278455726	1768562	44.71	0.657928171030422	1.914	70.4876672871314	Methanobacteriota_B	Thermococci	Pyrococcus abyssi
GCF_000196655	39.6104030076806	2430046.45526156	36.42	0.573633050345566	1.176	60.5782275331776	Halobacteriota	Methanosarcinia	Methanohalobium evestigatum
GCF_000211475	92.1731250351844	1861320	42.74	0.660076067041781	1.917	70.4461129467586	Methanobacteriota_B	Thermococci	Pyrococcus sp000211475
GCF_000214415	78.731844995611	1870847.54313389	32.3	0.640058378416398	1.793	65.4036871179236	Methanobacteriota	Methanococci	Methanotorris igneus
GCF_000214725	52.4217069790623	2596391.72104405	35.73	0.588725539320314	1.273	61.673736289966	Methanobacteriota	Methanobacteria	Methanobacterium_C paludis
GCF_000215995	90.5801466628458	1716818	51.64	0.654628859772356	1.986	70.2386891140763	Methanobacteriota_B	Thermococci	Pyrococcus yayanosii
GCF_000217715	45.9687593439261	4574380.84234849	65.18	0.562013135911144	1.59	62.1022042006583	Halobacteriota	Halobacteria	Halopiger xanaduensis
GCF_000217995	48.5285319366563	2165074.41530829	39.16	0.578670626114603	1.277	60.0954419760592	Halobacteriota	Methanosarcinia	Methanosalsum zhilinae
GCF_000220175	35.6265518054494	1799524.28923215	32.67	0.573473605500109	1.156	57.2048805995112	Thermoproteota	Nitrososphaeria	Nitrosarchaeum koreense
GCF_000221185	78.6071250623772	2011320	56.08	0.640132264391823	1.779	69.5910942394145	Methanobacteriota_B	Thermococci	Thermococcus sp000221185
GCF_000223395	93.9027880104104	1874953.71783135	54.9	0.648792274111901	1.838	71.9405042448312	Thermoproteota	Thermoprotei_A	Pyrolobus fumarii
GCF_000230735	41.8952660778492	4573154.08045373	63.99	0.561244766626684	1.549	62.1788777340969	Halobacteriota	Halobacteria	Natrinema pellirubrum
GCF_000234805	99.2501234532175	2510653.10274669	56.97	0.637260063691266	1.723	70.509118200422	Thermoproteota	Thermoprotei	Pyrobaculum ferrireducens
GCF_000235565	49.3149331678708	2591506.90454591	60.6	0.605882542513079	1.602	62.0535578921888	Halobacteriota	Methanosarcinia	Methanocrinis harundinaceus
GCF_000243255	41.3604192759986	3258623.63839967	42.19	0.585071039105709	1.319	59.236870473397	Halobacteriota	Methanomicrobia	Methanoplanus limicola
GCF_000243315	68.0560842211937	2972309.31532862	47.58	0.628494385671742	1.36	66.7045800278045	Thermoproteota	Thermoprotei_A	Metallosphaera yellowstonensis
GCF_000243455	78.3075105528892	1835115.52820099	32.43	0.64007435087449	1.769	65.5261033880185	Methanobacteriota	Methanococci	Methanotorris formicicus
GCF_000253055	91.0521200240142	1921475.37562604	55.13	0.629987037043724	1.581	70.807368360866	Thermoproteota	Thermoprotei	Thermoproteus tenax
GCF_000258425	73.6001332550763	1340792.76349222	37.47	0.625331421212525	1.373	68.5846685913131	Thermoproteota	Thermoprotei_A	Fervidicoccus fontis
GCF_000263735	88.6462995314151	1736885	42.29	0.65628127006885	1.891	70.5434280973192	Methanobacteriota_B	Thermococci	Pyrococcus sp000263735
GCF_000264495	85.6550219089702	1423955.90551181	55.64	0.643422838309422	1.503	71.4733149437311	Thermoproteota	Thermoprotei_A	Thermogladius calderae
GCF_000275865	45.2013444813578	2501111.56022635	60.96	0.583612538259729	1.404	61.6879502721437	Halobacteriota	Methanomicrobia	Methanofollis liminatans
GCF_000296615	43.9694329088967	3372736.08005962	68.48	0.560514045414822	1.71	62.4385830866577	Halobacteriota	Halobacteria	Halorubrum ruber
GCF_000299395	29.518062174094	1958199.18934569	33.59	0.572655304199207	1.197	57.1496157831973	Thermoproteota	Nitrososphaeria	Nitrosopumilus sediminis
GCF_000303155	39.4061682973302	3172003.58182225	48.35	0.568651599586414	1.224	59.1440416035211	Thermoproteota	Nitrososphaeria	Nitrososphaera gargensis
GCF_000308215	52.1689252698856	2730262.58205689	60.48	0.584440616905742	1.426	60.7122099187333	Thermoplasmatota	Thermoplasmata	Methanomassiliicoccus luminyensis
GCF_000317795	66.4015667492458	1642610.17309122	30.03	0.616015742253944	1.197	68.324843911998	Thermoproteota	Thermoprotei_A	Caldisphaera lagunensis
GCF_000320505	48.4052812910385	2112994.21607106	28.98	0.575235854435432	1.215	59.0361955406794	NA	NA	NA
GCF_000327485	42.4514751735391	2947913.05256558	55.2	0.574459370904325	1.227	60.3068845198646	Halobacteriota	Methanomicrobia	Methanoregula formicica
GCF_000327505	77.1393797399254	1453661.74388023	44.13	0.626945690084704	1.613	64.687080354898	Thermoplasmatota	Thermoplasmata	Aciduliprofundum sp000327505
GCF_000328525	37.1726858833724	3295385.87345395	64.34	0.552124344862158	1.451	61.6014666043306	Halobacteriota	Halobacteria	Halovivax ruber
GCF_000328665	43.8456243064883	2742535.36782538	41.87	0.574664848227471	1.208	60.0826724367818	Halobacteriota	Methanosarcinia	Methanomethylovorans hollandica
GCF_000328685	44.6037996687721	4403509.23752169	64.66	0.57093057767393	1.639	61.8264669628029	Halobacteriota	Halobacteria	Natronococcus occultus
GCF_000328945	28.4895676047188	1884073.27094271	34.19	0.571681738549251	1.202	57.9625277462067	Thermoproteota	Nitrososphaeria	Nitrosopumilus koreensis
GCF_000334895	33.5713577475594	3583147.48016077	66.02	0.557120369207331	1.493	62.0240293793476	Halobacteriota	Halobacteria	Halococcus agarilyticus
GCF_000336655	47.7205127669688	4428474.02266	65.32	0.570028145797839	1.657	62.1370533763241	NA	NA	NA
GCF_000336675	35.784587035902	3669715.57368252	65.39	0.562323697720739	1.444	62.098801813464	Halobacteriota	Halobacteria	Halococcus hamelinensis
GCF_000336695	34.2654877658418	3172381.76033934	63.82	0.558528521994258	1.459	61.9174542603718	NA	NA	NA
GCF_000336715	34.0060913483911	4178628.58321303	61.8	0.55427406209045	1.404	61.6556587188372	Halobacteriota	Halobacteria	Halococcus thailandensis
GCF_000336755	35.9587045663577	4083628.84893573	61.15	0.553828763954716	1.371	61.7296260139826	Halobacteriota	Halobacteria	Haloferax elongans
GCF_000336775	37.774093356694	4278521.56490562	65.85	0.557518131927257	1.469	61.5286144029417	Halobacteriota	Halobacteria	Haloferax gibbonsii
GCF_000336915	35.6694452058147	3690308.0872914	64.02	0.555571057621178	1.443	62.2048833363211	Halobacteriota	Halobacteria	Halococcus saccharolyticus
GCF_000336955	37.526766751378	3820983.67431287	62.03	0.554510883904091	1.389	62.0404458545477	Halobacteriota	Halobacteria	Haloferax larsenii
GCF_000336995	38.3962800063324	3309405.94059406	67.19	0.557802368933912	1.617	62.1551523845338	Halobacteriota	Halobacteria	Halorubrum aidingense
GCF_000337035	41.2027411644887	3817881.23167155	66.99	0.557694812093463	1.607	62.0903412286703	Halobacteriota	Halobacteria	Halorubrum coriense
GCF_000337095	42.3604413607876	4534610.61123177	65.64	0.56247651092232	1.511	61.6515290282337	Halobacteriota	Halobacteria	Halogeometricum pallidum
GCF_000337135	33.6162117588986	4402609.31753167	60.41	0.548898986426729	1.377	61.8500106316584	Halobacteriota	Halobacteria	Natrialba chahannaoensis
GCF_000337195	41.4768029811413	4413225.56866049	63.95	0.558393998161655	1.506	61.3204928150813	Halobacteriota	Halobacteria	Natrinema versiforme
GCF_000337215	41.0081702440837	4688020.02451982	64.28	0.560787003191733	1.589	61.5877487147872	Halobacteriota	Halobacteria	Natronolimnohabitans innermongolicus
GCF_000337235	37.5388520986529	5033552.30894973	62.25	0.559945827997328	1.502	61.7304553748105	NA	NA	NA
GCF_000337275	38.1051356749088	4680369.74075648	60.77	0.547022160719643	1.317	62.4243572840865	NA	NA	NA
GCF_000337295	38.2708759505143	4030780.3767336	60.27	0.556502589249591	1.368	61.494696810923	NA	NA	NA
GCF_000337335	43.6830738339145	3419314.303444	68.07	0.559894853807346	1.685	62.3043835090165	NA	NA	NA
GCF_000337355	40.0045937022172	3886758.29485665	66.85	0.560210061110828	1.607	62.2253511262979	Halobacteriota	Halobacteria	Halorubrum kocurii
GCF_000337375	39.3835201365769	3646377.08932184	68.01	0.561987737321594	1.666	62.2276691070339	Halobacteriota	Halobacteria	Halorubrum lipolyticum
GCF_000337415	42.5356001782058	3543979.55924625	68.02	0.559442031874426	1.686	62.08235812367	Halobacteriota	Halobacteria	Halorubrum tebenquichense
GCF_000337475	41.9535570550735	3699228.02226657	61.79	0.555927069747603	1.457	61.6000860726307	Halobacteriota	Halobacteria	Natrinema limicola
GCF_000337495	44.5475514143167	4946977.62337795	65.16	0.56297694245827	1.572	61.655758098889	Halobacteriota	Halobacteria	Haloterrigena salina
GCF_000337515	37.3947271158377	3280441.65316045	64.45	0.552959175895375	1.448	61.6835092943517	Halobacteriota	Halobacteria	Halovivax asiaticus
GCF_000337555	37.5625679749095	4495432.27518628	62.38	0.551411135732409	1.396	62.1661201655402	Halobacteriota	Halobacteria	Natrialba asiatica
GCF_000337575	33.3684411399822	4257093.43977075	61.72	0.549315596503573	1.409	61.9063294944634	Halobacteriota	Halobacteria	Natrialba hulunbeirensis
GCF_000337595	35.82400433455	4800820.30036251	61.51	0.54956049745909	1.372	61.7568984766136	Halobacteriota	Halobacteria	Natrialba taiwanensis
GCF_000337675	42.9994496011876	4508038.17495152	64.36	0.571844122636956	1.62	61.6243796846239	Halobacteriota	Halobacteria	Natronococcus amylolyticus
GCF_000337735	40.1592851085292	3535234.98161013	61.77	0.557082395335779	1.464	61.6919325153153	Halobacteriota	Halobacteria	Natronorubrum sulfidifaciens
GCF_000337775	39.2889668424755	4049550.9909166	61.79	0.54920508764912	1.35	60.7606026786722	Halobacteriota	Halobacteria	Haloarcula vallismortis
GCF_000337795	38.3322803836501	3953268.2372391	66.29	0.557747282065575	1.507	61.6847576097138	NA	NA	NA
GCF_000337815	34.5867533533324	3521093.22742475	61.85	0.554205661924122	1.393	61.747719659692	Halobacteriota	Halobacteria	Haloferax mucosum
GCF_000337875	34.6555547638402	4523506.09443818	61.05	0.549734295117795	1.409	61.9676445836743	NA	NA	NA
GCF_000337915	40.1939848607533	3644951.5596721	66.88	0.561276318600731	1.633	62.3741229960966	Halobacteriota	Halobacteria	Halorubrum saccharovorum
GCF_000363885	84.799999622031	1314635.23519164	29.35	0.652674217947822	1.96	66.7988718881628	NA	NA	NA
GCF_000379085	40.137353755115	3833160.85847854	65	0.555133416571702	1.484	62.6369774231029	Halobacteriota	Halobacteria	Halomicrobium katesii
GCF_000385565	71.6301867155396	2078801.92172956	43.24	0.625542131477866	1.737	66.1098610584427	Halobacteriota	Archaeoglobi	Archaeoglobus_A sulfaticallidus
GCF_000403645	43.8190129420745	3322711.03399	66.59	0.55803723595856	1.567	62.9352954182798	Halobacteriota	Halobacteria	Salinarchaeum sp000403645
GCF_000404225	39.360704148055	2095975.47743056	41.26	0.566360888606903	1.178	57.9627166424886	Thermoplasmatota	Thermoplasmata	Methanomassiliicoccus_A intestinalis
GCF_000415985	28.8815173679131	4009077.62658934	47.77	0.534587011320823	1.094	60.5830116661514	Halobacteriota	Halobacteria	Haloquadratum walsbyi_B
GCF_000427685	37.4223354162441	4018978.83597884	65	0.560128005804787	1.533	62.8447709220775	Halobacteriota	Halobacteria	Haloplanus natans
GCF_000455345	46.8714559988306	4102892.55330322	66.06	0.567386172735474	1.644	62.6460271979387	Halobacteriota	Halobacteria	Halopiger_A goleimassiliensis
GCF_000455365	42.561987413586	3970304.87804878	63.95	0.563749004897675	1.56	62.2860960939639	Halobacteriota	Halobacteria	Halopiger_B djelfimassiliensis
GCF_000470655	40.0605269278447	3411211.10267809	62.74	0.55889369453883	1.493	62.8004722780381	Halobacteriota	Halobacteria	Halorhabdus tiamatea
GCF_000485535	44.1235306051134	3725799.44689132	62.63	0.574567481847137	1.506	62.1418557488715	Halobacteriota	Halobacteria	Halalkalicoccus jeotgali
GCF_000493245	40.4151004535059	3855786.37510513	64.37	0.557864741118488	1.504	61.5081167515141	NA	NA	NA
GCF_000495475	37.913841420159	3828614.43900406	70.11	0.558732652731019	1.64	62.9027244120815	Halobacteriota	Halobacteria	Halorarum tyrrellense
GCF_000517445	89.777985923151	2049991.62303665	40.3	0.647805979474346	1.822	70.063253143384	Methanobacteriota_B	Thermococci	Thermococcus_B paralvinellae
GCF_000517625	42.4362340199485	4216776.56425436	60.9	0.559868309744872	1.423	61.1515105123	Halobacteriota	Halobacteria	Halostagnicola larsenii
GCF_000591035	79.5599423148774	1700760.86956522	56.73	0.643851466404374	1.677	72.4064635569361	Thermoproteota	Thermoprotei_A	Aeropyrum camini
GCF_000591055	33.6003400259466	3067157.75063185	64.53	0.56410742594635	1.553	62.7802005615019	Halobacteriota	Halobacteria	Natronomonas moolapensis
GCF_000632495	71.1133688560566	2558672.71400271	35.63	0.61787073372883	1.269	65.580881674534	Thermoproteota	Thermoprotei_A	Acidianus copahuensis
GCF_000685395	36.53803770164	1919402.28633642	41.76	0.570147946588547	1.169	58.0390662471001	Thermoproteota	Nitrososphaeria	Nitrosotenuis chungbukensis
GCF_000691865	50.7552780894303	2588247.9894126	61.41	0.591516067241562	1.51	61.6023435613423	Halobacteriota	Methanomicrobia	Methanoculleus sp000691865
GCF_000698785	36.9967654296768	2789602.73670271	52.72	0.565230649388811	1.247	60.1271107401832	Thermoproteota	Nitrososphaeria	Nitrososphaera viennensis
GCF_000710615	40.6851319575619	4008088.19026233	57.76	0.558067558804457	1.31	61.6632969531778	Halobacteriota	Halobacteria	Haladaptatus cibarius
GCF_000711215	41.335339826233	1832360.30828516	49.46	0.574265163495383	1.335	58.727225287609	NA	NA	NA
GCF_000711905	62.9557721385042	1527174.85622036	54.57	0.611953425571739	1.606	62.3378471331464	Halobacteriota	Methanosarcinia	Methermicoccus shengliensis
GCF_000725425	82.5924983563052	1859370	43.04	0.643477215427102	1.802	69.5453999627497	Methanobacteriota_B	Thermococci	Palaeococcus pacificus
GCF_000730285	33.5318367088176	3260177.66497462	50.14	0.559380920372853	1.188	59.8862867903862	Thermoproteota	Nitrososphaeria	Nitrososphaera evergladensis
GCF_000731985	41.1355413600031	3964011.13328432	64.56	0.558343098040181	1.526	60.9999821932	Halobacteriota	Halobacteria	Natrinema altunense
GCF_000739065	74.4097043942682	1621991.72636465	30.79	0.645101787290287	1.872	66.6445393423801	Methanobacteriota	Methanococci	Methanocaldococcus bathoardescens
GCF_000739555	43.7681002997997	3090681.93703587	69.04	0.563765086721356	1.6	62.8904076537378	Halobacteriota	Halobacteria	Halolamina rubra
GCF_000739575	43.0257611863816	4064379.61595273	64.11	0.562133952400102	1.467	63.5311527314335	Halobacteriota	Halobacteria	Halobellus rufus
GCF_000739595	38.7187735505583	3911916.61348649	65.13	0.56122657386878	1.613	62.8658120150109	Halobacteriota	Halobacteria	Halorubrum halophilum
GCF_000744455	44.0751607187144	2541037.5433585	32.57	0.590017103449913	1.236	61.316352682657	Methanobacteriota	Methanobacteria	Methanobacterium_B sp000744455
GCF_000745485	47.3829501518423	3435166.68365787	33.17	0.586678247529667	1.206	60.6582584388988	NA	NA	NA
GCF_000746205	42.2881642477245	2946303.63036304	66	0.554965342117905	1.609	62.5904756390056	Halobacteriota	Halobacteria	Halorubrum sp000746205
GCF_000755225	40.73627826521	3523009.0844136	63.73	0.559523844305697	1.437	62.4801643354967	Halobacteriota	Halobacteria	Halapricum salinum
GCF_000755245	35.4486200685714	3927761.89482471	62.29	0.559410564984775	1.411	62.145300131521	Halobacteriota	Halobacteria	Halococcus sediminicola
GCF_000769655	80.3502210868573	2126164	53.45	0.645360214383647	1.807	70.5063404255529	Methanobacteriota_B	Thermococci	Thermococcus eurythermalis
GCF_000784335	46.250611008585	4574114.80235492	65.41	0.561189454423661	1.588	62.3360121815978	NA	NA	NA
GCF_000784355	44.8219707935678	2842007.53334012	47.43	0.585679843911169	1.309	59.4467163606125	Halobacteriota	Methanomicrobia	Methanolacinia paynteri
GCF_000789255	73.5806914418784	1878662.29177183	46.84	0.623172611955988	1.734	67.3064480218887	Halobacteriota	Archaeoglobi	Geoglobus acetivorans_B
GCF_000800805	42.3042703514248	1616361.56351792	49.21	0.571636028839439	1.27	59.0605183418472	Thermoplasmatota	Thermoplasmata	Methanoplasma termitum
GCF_000802205	18.4828594153672	3665675.82006625	34.14	0.560518761179427	0.985	55.8606877854723	Thermoproteota	Nitrososphaeria	Nitrosocosmicus oleophilus
GCF_000816105	84.595264671654	1920914	52.86	0.647110865737256	1.822	70.044298704409	Methanobacteriota_B	Thermococci	Thermococcus guaymasensis
GCF_000828575	59.4741254802142	1764724.23284739	49.35	0.607025989128377	1.563	62.5011447387065	Methanobacteriota	Methanobacteria	Methanothermobacter sp000828575
GCF_000949015	41.4952873491929	1855936.27190653	34.02	0.58833148317969	1.143	59.2182085708041	Thermoplasmatota	Thermoplasmata	Acidiplasma aeolicum
GCF_000955905	28.4583563869994	1815097.4680708	41	0.565503726871945	1.121	57.9924855502602	Thermoproteota	Nitrososphaeria	Nitrosotenuis cloacae
GCF_000966265	76.5311713919049	2235718.91782349	54.3	0.643196605586141	1.787	69.9375929186185	Methanobacteriota_B	Thermococci	Palaeococcus ferrophilus
GCF_000969965	46.730123333163	4214461.64816135	41.69	0.591954625585627	1.312	60.4330645787355	Halobacteriota	Methanosarcinia	Methanosarcina sp000969965
GCF_000969985	40.2092500076373	4995608.26631375	39.25	0.5849799875941	1.211	59.9204596348659	Halobacteriota	Methanosarcinia	Methanosarcina barkeri_B
GCF_000970045	46.7707647288377	4289974.53397168	45.93	0.59558065859605	1.391	60.7233820087874	Halobacteriota	Methanosarcinia	MTP4 sp000970045
GCF_000970085	42.8424662389773	5111090.96465315	42.94	0.587316384556992	1.258	60.3763248716559	Halobacteriota	Methanosarcinia	Methanosarcina siciliae
GCF_000970265	45.4665585387309	4216978.71040033	41.82	0.590596314287364	1.314	60.4200605223748	Halobacteriota	Methanosarcinia	Methanosarcina lacustris
GCF_000970285	44.9308090749252	5109036.95408735	41.31	0.589078030226935	1.271	60.4058289180187	Halobacteriota	Methanosarcinia	Methanosarcina horonobensis
GCF_000970305	39.16924285274	4642620.38073908	39.08	0.586111693383789	1.218	60.3314409694361	Halobacteriota	Methanosarcinia	Methanosarcina barkeri_A
GCF_000970325	48.2762207819234	2418335.68975964	44.02	0.57845374479376	1.332	60.3992233470782	Halobacteriota	Methanosarcinia	Methanococcoides methylutens_A
GCF_000979475	43.7770750791743	4145766.52745238	42.77	0.58987882409412	1.281	60.3601118923276	Halobacteriota	Methanosarcinia	Methanosarcina sp000979455
GCF_000993805	74.18830109256	1787720.97149828	47.94	0.632474317459989	1.423	67.9595753873632	Thermoproteota	Thermoprotei	Infirmifilum uzonense
GCF_001006045	79.5526809034905	1770093	53.11	0.630220569101401	1.818	67.8208508945164	Halobacteriota	Archaeoglobi	Geoglobus ahangari
GCF_001017125	49.8774425924409	2564075.18022657	62.29	0.591090701105788	1.494	61.4255681637461	Halobacteriota	Methanomicrobia	Methanoculleus sediminis
GCF_001261915	40.5548796972369	3533131.04948341	67.53	0.562214268427258	1.675	62.3786728139752	Halobacteriota	Halobacteria	Halorubrum sp001261915
GCF_001280425	40.7475752848388	4098873.86457473	62.05	0.549708112779518	1.356	62.4910383472436	Halobacteriota	Halobacteria	Haloarcula rubripromontorii
GCF_001282785	42.5358241837755	2966068.40288673	67.94	0.56426682900336	1.56	62.3787940424055	Halobacteriota	Halobacteria	Halolamina sediminis
GCF_001305655	45.2182261020024	2301368.46405229	62.76	0.562395276044343	1.508	62.9048999523567	Halobacteriota	Halobacteria	Halanaeroarchaeum sulfurireducens
GCF_001317345	85.1357990352032	1843304.28614855	39.28	0.647440779918162	1.778	69.8320111105247	Methanobacteriota_B	Thermococci	Thermococcus_A sp001317345
GCF_001368915	39.8142657739172	4148765.24075222	65.95	0.558558344822253	1.493	61.9452700409438	NA	NA	NA
GCF_001412615	84.6257131776276	2072116.31002355	53.91	0.637822335825447	1.683	71.6893789363331	Thermoproteota	Thermoprotei_A	Pyrodictium delaneyi
GCF_001433455	87.4798783512949	2388527	41.84	0.645956155050685	1.797	70.1546222408556	Methanobacteriota_B	Thermococci	Thermococcus_B barophilus
GCF_001462205	42.3221167071494	3427811.01363492	67.94	0.562229547457282	1.688	62.1248021686662	Halobacteriota	Halobacteria	Haloparvum sedimenti
GCF_001462395	86.0517206816721	1649605.33007832	63.5	0.648674431037917	1.901	72.6685461141703	Thermoproteota	Thermoprotei_A	Pyrodictium occultum
GCF_001469865	38.0068248267833	3958213.47385824	60.81	0.558163566870896	1.41	61.4933305750211	Halobacteriota	Halobacteria	Haloferax profundi
GCF_001469875	38.1220052075549	4034909.07212234	65.6	0.556342188179296	1.476	61.671598182266	Halobacteriota	Halobacteria	Haloferax marisrubri
GCF_001469955	37.2662974675042	4060298.61541641	62.53	0.558708389859568	1.394	61.7198568266964	Halobacteriota	Halobacteria	Haloprofundus marisrubri
GCF_001477655	40.5708044880438	2719198.20397691	31.81	0.564236570698198	1.121	59.2827943157962	Methanobacteriota	Methanobacteria	Methanocatella millerae_A
GCF_001481595	74.3387768205613	2306379.31034483	36.7	0.622132009805966	1.245	66.6584144248839	NA	NA	NA
GCF_001481685	84.8146347736643	1462831.96979232	44.9	0.643768672641912	1.617	70.971136722306	Thermoproteota	Thermoprotei_A	Ignicoccus islandicus
GCF_001485535	46.7813184982514	3164380.84234849	65.95	0.551340452627437	1.53	61.6278758325646	Halobacteriota	Halobacteria	Halobacterium sp001485535
GCF_001485575	38.8336727716774	4499653.17919075	60.95	0.547432938347657	1.319	62.5196863550908	Halobacteriota	Halobacteria	Haloarcula sp001485575
GCF_001541925	28.9108568660524	1567842.49291785	31.4	0.574086865670903	1.194	55.9770124836692	Thermoproteota	Nitrososphaeria	Nitrosopumilus sp001541925
GCF_001542905	43.7076336343002	3464704.65673508	67.97	0.566805809319581	1.705	62.4227165956566	Halobacteriota	Halobacteria	Halorubrum aethiopicum
GCF_001548675	47.7602660467823	2417371.33134836	34.25	0.568877830438631	1.19	59.4480474409419	Methanobacteriota	Methanobacteria	Methanocatella sp001548675
GCF_001571385	40.7110119177286	2740772.57119774	60.33	0.580733686457305	1.376	61.4343777606185	Halobacteriota	Methanomicrobia	Methanofollis ethanolicus
GCF_001592435	83.7546703262195	1896106	51.74	0.644992509252509	1.816	70.2161349670293	Methanobacteriota_B	Thermococci	Thermococcus peptonophilus
GCF_001593955	44.0359269124534	4184619.42809083	61.67	0.575067991542042	1.485	61.976854894576	Halobacteriota	Halobacteria	Halalkalicoccus paucihalophilus
GCF_001602375	49.3792161736344	2568359.93280134	62.04	0.590261085668823	1.477	61.3693811618248	Halobacteriota	Methanomicrobia	Methanoculleus horonobensis
GCF_001625445	39.3393258402347	5021735.20664547	60.18	0.560099753538051	1.326	61.4141281444892	Halobacteriota	Halobacteria	Haladaptatus sp001625445
GCF_001639265	20.2402234682555	2777515.719919	26.98	0.5665457499451	0.98	58.8645411208198	Methanobacteriota	Methanobacteria	Methanacia filiformis
GCF_001639275	43.0940622477988	2210962.7104638	27.7	0.576585651941421	1.172	58.8108344333221	Methanobacteriota	Methanobacteria	Methanocatella oralis
GCF_001639285	28.9525036567628	2787670.44240222	26.79	0.572380754009581	1.078	59.959891174142	Methanobacteriota	Methanobacteria	Methanobaculum cuticulare
GCF_001639295	33.3540923194847	2535553.92208338	25.71	0.582505618472657	1.144	59.3592830289232	Methanobacteriota	Methanobacteria	Methanoflexus curvatus
GCF_001647085	84.7946418918799	1928800	51.11	0.640837559779123	1.764	69.5167446096142	Methanobacteriota_B	Thermococci	Thermococcus piezophilus
GCF_001663375	76.9557236254116	2476957.0458032	48.46	0.624850852843533	1.225	67.3302704889046	Thermoproteota	Thermoprotei	Caldivirga sp001663375
GCF_001719125	83.4294661246591	2788710.58091286	34.78	0.623828399137057	1.232	66.6893161841989	Thermoproteota	Thermoprotei_A	Saccharolobus sp001719125
GCF_001726015	44.6208891752882	1888610.91637456	42.21	0.580501881603705	1.33	60.9636253206406	NA	NA	NA
GCF_001729375	43.0135710730258	4352952.25491194	39.26	0.589043542849531	1.26	59.9039664243753	NA	NA	NA
GCF_001729965	40.3715570859437	1887929.90501146	27.69	0.569385610680732	1.037	60.5164980189686	Methanobacteriota	Methanobacteria	Methanosphaera sp001729965
GCF_001748385	81.6548311154835	2064503.41941411	49.07	0.631469606162981	1.331	69.7655013960903	Thermoproteota	Thermoprotei	Vulcanisaeta thermophila
GCF_001861355	35.3547052262106	4680054.14793625	61.47	0.550184859148105	1.411	62.3491445719574	Halobacteriota	Halobacteria	Natrialba sp001861355
GCF_001870125	15.1788205806972	3240599.39301973	33.94	0.558910984910371	0.977	56.1780393582513	Thermoproteota	Nitrososphaeria	Nitrosocosmicus hydrocola
GCF_001886955	42.828943965066	2223585.97164481	63.62	0.566817118153334	1.423	62.5303310563958	Halobacteriota	Halobacteria	Halodesulfurarchaeum formicicum
GCF_001889405	43.2250784110197	2025997.99699549	42.4	0.577353677781785	1.282	60.7799339508571	Halobacteriota	Methanosarcinia	Methanohalophilus halophilus
GCF_001953745	41.7615805510725	4184835.99663583	65.25	0.563228601990681	1.59	62.1543573445204	Halobacteriota	Halobacteria	Natrinema saccharevitans
GCF_001971705	37.9695529228413	3918876.17490805	61.35	0.55771084568971	1.486	61.290398473194	Halobacteriota	Halobacteria	Natronorubrum daqingense
GCF_001989615	41.4729463829425	3857292.02817189	65.58	0.560428150874797	1.532	63.4781058145587	Halobacteriota	Halobacteria	Halorientalis sp001989615
GCF_002009985	66.2255969465913	1831778.80571909	51.93	0.625255477278006	1.622	64.8419501261139	NA	NA	NA
GCF_002010295	83.2011249422619	2279225	44.27	0.628353204974629	1.783	67.3298325099395	NA	NA	NA
GCF_002025255	43.2551838884493	3624445.14172158	66.75	0.563136451111038	1.559	62.1355496739385	Halobacteriota	Halobacteria	Halolamina sp002025255
GCF_002067645	43.1998031815583	2933835.78557465	56.43	0.573503676039263	1.221	60.6469181521671	NA	NA	NA
GCF_002072215	36.4265527657196	2525336.70729188	25.44	0.573362720403023	1.089	59.2793089076516	Methanobacteriota	Methanobacteria	Methanobinarius arboriphilus
GCF_002078355	41.922040074191	1969962.26008195	36.49	0.58407151288998	1.132	58.5747013353703	Thermoplasmatota	Thermoplasmata	Ferroplasma acidiphilum
GCF_002116695	67.6566753969622	2884782.09531988	30.62	0.613487228316264	1.2	65.4245092940103	Thermoproteota	Thermoprotei_A	Acidianus manzaensis
GCF_002153915	46.485112796833	1631766.41863475	37.9	0.606296014574412	1.415	62.0037117997292	Halobacteriota	Methanonatronarchaeia	Methanonatronarchaeum thermophilum
GCF_002156705	42.5403148216217	4128291.14588804	64.11	0.564456816915636	1.582	61.9122338633362	Halobacteriota	Halobacteria	Natrarchaeobaculum aegyptiacum
GCF_002156965	29.4950473834727	1546595.40595861	31.44	0.575426747578537	1.209	56.080815847114	Thermoproteota	Nitrososphaeria	Nitrosopumilus catalinensis
GCF_002177135	34.6292203981893	4115118.79730866	60.2	0.55068794726282	1.423	61.9286597120185	Halobacteriota	Halobacteria	Natronolimnobius baerhuensis
GCF_002201895	103.98789039786	1447384.44308695	57.99	0.648592300519022	2.2	72.8620660134628	Methanobacteriota	Methanopyri	Methanopyrus sp002201895
GCF_002208625	50.9565812322482	1983757.48812229	24.39	0.576217271286935	1.182	58.7130380971349	Methanobacteriota	Methanobacteria	Methanarmilla sp002208625
GCF_002214165	43.3127532516271	1498437.45082612	39.36	0.580855524744863	1.126	55.3142716228261	NA	NA	NA
GCF_002214365	80.7632142014174	1866819	56.45	0.647052867911927	1.853	70.3149921540993	Methanobacteriota_B	Thermococci	Thermococcus celer
GCF_002214385	83.5733128005622	1674122	51.67	0.647918794062825	1.861	70.4760080193115	Methanobacteriota_B	Thermococci	Thermococcus gorgonarius
GCF_002214465	81.3283945774221	1922421	54.69	0.643118430545629	1.794	70.2685839367225	Methanobacteriota_B	Thermococci	Thermococcus barossii
GCF_002214485	82.6925880044863	1785673	54.24	0.644067262704405	1.842	69.9467100393263	Methanobacteriota_B	Thermococci	Thermococcus pacificus
GCF_002214505	79.1289135232108	2029167	54.99	0.641700538994254	1.787	70.1353679626344	Methanobacteriota_B	Thermococci	Thermococcus siculi
GCF_002214525	80.2845955143919	1522818	54.88	0.650199638350344	1.889	70.118682106202	Methanobacteriota_B	Thermococci	Thermococcus sp002214525
GCF_002214545	79.210678863575	2065932	53.45	0.644034535019267	1.796	70.0956841658378	Methanobacteriota_B	Thermococci	Thermococcus thioreducens
GCF_002214565	81.7712412425035	1868990	55.6	0.642646425138387	1.821	70.060137394542	Methanobacteriota_B	Thermococci	Thermococcus radiotolerans
GCF_002214585	75.3071048330894	2043143	53.09	0.640388138328419	1.72	70.2303823400924	Methanobacteriota_B	Thermococci	Thermococcus profundus
GCF_002243045	40.2874641220723	3196042.2136942	41.32	0.575210923125252	1.248	60.4889489829472	Halobacteriota	Methanosarcinia	Methanolobus psychrotolerans
GCF_002252755	44.7881109003173	4064971.20307167	67.61	0.562026618707062	1.637	62.7745149506341	Halobacteriota	Halobacteria	Halorubrum sp002252755
GCF_002252985	41.9777537293009	3869155.11012702	67.62	0.564633664517504	1.651	63.3390043724176	Halobacteriota	Halobacteria	Halorubrum halodurans
GCF_002286985	43.4494984351839	3729684.10976388	67.4	0.56220447075286	1.672	62.1478622400976	Halobacteriota	Halobacteria	Halorubrum salipaludis
GCF_002287175	47.4201593612774	3533866.85696809	33.19	0.586373535641867	1.21	61.1324161783443	Methanobacteriota	Methanobacteria	Methanobacterium_D bryantii
GCF_002287195	44.7479081373754	2066667.73847803	28.03	0.561209307861691	1.039	59.8337134462435	Methanobacteriota	Methanobacteria	Methanosphaera cuniculi
GCF_002355635	38.7218606555641	3212262.90205812	65.97	0.560898179534047	1.559	63.0517537695965	Halobacteriota	Halobacteria	Halopenitus persicus_A
GCF_002355655	44.7444743014438	3276110.40204212	68.63	0.561228671591307	1.748	62.4085021923779	Halobacteriota	Halobacteria	Halorubrum trapanicum_A
GCF_002495725	45.3403098163989	3764601.75188429	39.83	0.591029967273806	1.284	59.8481841596267	NA	NA	NA
GCF_002498315	42.8011030937169	2344405.96536883	60.78	0.583985598339078	1.418	61.2933913684185	Halobacteriota	Methanomicrobia	Methanofollis sp002498315
GCF_002499755	46.9050840350658	2853030.66989508	60.02	0.588472642968327	1.423	61.7361039571348	Halobacteriota	Methanomicrobia	Methanoculleus sp002508705
GCF_002502735	40.233772665636	2426923.54677797	56.37	0.573186557740456	1.241	59.5565567546279	Halobacteriota	Methanomicrobia	Methanoregula sp002502735
GCF_002505485	45.7030387098829	3936922.5214072	40.12	0.591192878733997	1.288	59.0085964076738	Halobacteriota	Methanosarcinia	Methanosarcina sp002505485
GCF_002506515	79.9383437933352	1978310.41466795	42.13	0.620897279101954	1.196	68.364756942702	Thermoproteota	Thermoprotei	Caldivirga sp002506515
GCF_002572525	40.1827882888001	5167611.36085002	62.27	0.558952642459704	1.47	61.1724074917466	Halobacteriota	Halobacteria	Natrinema sp002572525
GCF_002727125	41.9394013938062	3697405.45567266	65.87	0.558528157226932	1.584	62.1681314851038	Halobacteriota	Halobacteria	Halorubrum persicum
GCF_002787055	29.0817768266437	1877649.07622525	42.18	0.568915941094271	1.155	58.5673128345192	Thermoproteota	Nitrososphaeria	Nitrosotenuis aquarius
GCF_002835825	47.7668893900402	2825029.14507772	56.57	0.575459350030977	1.273	60.1682877106384	Halobacteriota	Methanomicrobia	Methanoregula sp002835825
GCF_002844195	47.9825647580485	4768961.56230626	66.86	0.575426946087592	1.643	62.4754920688379	Halobacteriota	Halobacteria	Halegenticoccus soli
GCF_002906215	55.580503322431	1781663.361974	41.54	0.592847423357633	1.431	61.0080028662969	Thermoproteota	Nitrososphaeria	Nitrosocaldus cavascurensis
GCF_002906575	35.8176522454125	5138580.28518289	65.67	0.562885881226026	1.431	62.5252199720653	Halobacteriota	Halobacteria	Salinigranum rubrum
GCF_002952775	43.8578483390005	3423351.9322174	63.11	0.575495824554151	1.621	63.3711199620321	Halobacteriota	Halobacteria	Halalkaliarchaeum desulfuricum
GCF_003058365	38.3551539691103	2878562.36786469	65.74	0.550063316444822	1.488	64.3216198229712	Halobacteriota	Halobacteria	Halococcoides cellulosivorans
GCF_003170075	40.8664234370508	1982699.4118254	54.97	0.572960545913416	1.249	60.3907004295708	Halobacteriota	Methanomicrobia	Methanoregula sp003170075
GCF_003173335	38.9979871279658	3821763.38373519	42.3	0.576390885090858	1.135	58.7455265071183	Halobacteriota	Methanomicrobia	Methanospirillum stamsii
GCF_003173355	33.4199836675304	3811158.5055482	43.13	0.568830117243394	1.045	58.4110239443929	Halobacteriota	Methanomicrobia	Methanospirillum lacunae
GCF_003201675	61.7668444903642	2675481.12314649	43.73	0.619076370989562	1.287	66.4952199829035	Thermoproteota	Thermoprotei_A	Metallosphaera hakonensis
GCF_003201765	71.7584100218349	2329845.72662758	31.06	0.615038641834537	1.22	65.8752512575396	Thermoproteota	Thermoprotei_A	Acidianus sulfidivorans
GCF_003201835	68.5470759220149	3099425.80713009	31.9	0.615173148791858	1.228	65.0742579499497	Thermoproteota	Thermoprotei_A	Aramenus brierleyi
GCF_003205235	62.710759350642	1901285.18321827	43.95	0.583703804718396	1.213	61.5153575024961	Thermoplasmatota	Thermoplasmata	Thermoplasma sp003205235
GCF_003268005	40.9431137512365	3117831.28600935	32.93	0.551740850417038	0.983	59.1969115909793	Methanobacteriota	Methanobacteria	Methanosphaera sp003268005
GCF_003287355	40.4079112617782	3812942.99085301	66.11	0.566588236213382	1.631	62.3233967252319	Halobacteriota	Halobacteria	Halorubrum sp003287355
GCF_003336245	36.5431175881458	3670594.68404178	66.22	0.560329214735666	1.533	63.6265626596801	Halobacteriota	Halobacteria	Haloplanus salinus
GCF_003342675	40.1178120140158	3899194.0483571	66.01	0.560803632586222	1.537	63.0213930780059	Halobacteriota	Halobacteria	Haloplanus rubicundus
GCF_003344565	43.4172810368402	4837798.55057242	64.36	0.574503597566625	1.59	62.9343501775463	Halobacteriota	Halobacteria	Saliphagus infecundisoli
GCF_003351065	43.9814838109306	4008055.38334367	65.6	0.567707980699355	1.559	62.5900401381951	NA	NA	NA
GCF_003351865	83.6876839773145	1517619.81636565	35.1	0.654374511117133	1.832	63.9277989702985	Methanobacteriota	Methanococci	Methanofervidicoccus sp003351865
GCF_003369835	45.9240578776749	4462771.25650709	68.07	0.560955622642115	1.591	62.1427537058929	Halobacteriota	Halobacteria	Halorussus rarus
GCF_003382685	40.8463320809377	3965201.44628099	65.88	0.557353821200035	1.517	62.1578800856754	Halobacteriota	Halobacteria	Halorussus litoreus
GCF_003383085	38.9079238646884	4069251.91155197	65.96	0.557414255334738	1.463	61.6895287487926	Halobacteriota	Halobacteria	Haloferax prahovense
GCF_003383095	38.717954533019	4145563.13287869	65.44	0.556399326262756	1.46	61.7137093450672	Halobacteriota	Halobacteria	Haloferax sp003383095
GCF_003430825	41.09406392168	3979963.23915555	62.36	0.562852418346928	1.552	61.9166820576687	Halobacteriota	Halobacteria	Natrarchaeobaculum sulfurireducens
GCF_003431325	72.4213549967172	1665457.20160156	57.78	0.612619324691461	1.349	71.7743931046733	Thermoproteota	Thermoprotei_A	Acidilobus sp003431325
GCF_003491305	53.5936491736204	2464459.17014986	41.4	0.589694119181196	1.245	62.0243532452477	Methanobacteriota	Methanobacteria	Methanobacterium sp003491305
GCF_003605575	34.9945623417349	2555800.37274798	61.22	0.543932511710649	1.367	61.0451835521663	Halobacteriota	Halobacteria	Halonotius aquaticus
GCF_003605635	34.1832336196219	3162433.53998109	59.7	0.543572905011381	1.325	60.9033370211128	Halobacteriota	Halobacteria	Halonotius pteroides
GCF_003610195	45.4754195095056	5110000	64.36	0.561638205095002	1.549	62.1420545373563	Halobacteriota	Halobacteria	Halopiger aswanensis
GCF_003665925	41.7537694689073	4000196.32155404	63.53	0.555762866238865	1.415	62.8977336862197	Halobacteriota	Halobacteria	Halobellus inordinatus
GCF_003666015	43.4527398375148	4403772.60157413	66.43	0.560003973224879	1.653	62.6243005721337	Halobacteriota	Halobacteria	Halorubrum sp003666015
GCF_003666025	44.2890594335617	3517495.2137843	68.78	0.559829799524908	1.7	62.5388538616692	NA	NA	NA
GCF_003670115	40.9410906855522	4766733.75561913	62.87	0.563151301464442	1.48	61.6299864419808	NA	NA	NA
GCF_003675855	40.2017753029759	3923458.67030774	67.23	0.557847159510243	1.6	62.4714242027052	Halobacteriota	Halobacteria	Halostella salina
GCF_003697815	46.0901169732849	3802836.82713578	61.83	0.573064179823557	1.505	61.8351306386074	Halobacteriota	Halobacteria	Halalkalicoccus subterraneus
GCF_003697845	40.8925080081489	3825167.67805813	66.09	0.566385301918572	1.657	62.1427473549307	Halobacteriota	Halobacteria	Halorubrum sp003697845
GCF_003721435	43.2397331615506	3810123.37800468	67.66	0.561670953145055	1.653	62.7849218882159	Halobacteriota	Halobacteria	Halorubrum sp003721435
GCF_003722075	44.2701375430515	2009425.45157669	42.56	0.577645997698456	1.303	60.8160598802687	Halobacteriota	Methanosarcinia	Methanohalophilus sp003722075
GCF_003722115	45.7944060400402	2082259.38908363	41.91	0.5777596923373	1.285	60.759662353164	NA	NA	NA
GCF_003730195	40.4275501521179	5333150.7569386	66.81	0.556873306495449	1.541	62.5705292490577	Halobacteriota	Halobacteria	Halosimplex salinum
GCF_003781945	40.005312500247	3955562.6530395	66.46	0.562206783471684	1.643	62.2749645372993	Halobacteriota	Halobacteria	Halorubrum sp003781945
GCF_003838065	47.1461014653523	1748677.09520356	50.52	0.585806127768017	1.385	60.0604376598748	Halobacteriota	Methanomicrobia	Methanocalculus sp003838065
GCF_003841465	44.4105803528384	4851219.51219512	63.86	0.567882638843835	1.605	61.9790169269727	Halobacteriota	Halobacteria	Natrarchaeobius chitinivorans_A
GCF_003841485	42.068666199273	3691357.23296888	61.13	0.563906703486296	1.501	61.617768101447	Halobacteriota	Halobacteria	Natrarchaeobius halalkaliphilus
GCF_003841505	42.6589843350325	4665392.31712301	61.93	0.565932884983696	1.534	61.9038480335169	Halobacteriota	Halobacteria	Natrarchaeobius chitinivorans
GCF_003852135	78.6495652911523	2745010.79913607	35.83	0.627612337005806	1.306	67.6159650124033	NA	NA	NA
GCF_003856835	43.2417860777042	3619644.55466005	65.68	0.560722639686777	1.512	62.8642340991476	NA	NA	NA
GCF_003862495	34.669217715043	3872723.32308997	57.11	0.551967997990212	1.224	61.5529181165697	Halobacteriota	Halobacteria	Halocatena pleomorpha
GCF_003948265	69.0533372384159	1962677.46228926	48.67	0.639494013316442	1.654	71.3597192154577	Korarchaeota	Korarchaeia	Korarchaeum cryptofilum
GCF_003977755	44.6363279432274	5063487.80238849	64.48	0.561680108637548	1.533	61.8225012980245	NA	NA	NA
GCF_003990725	39.2001677780705	3290603.11284047	66.64	0.555345225177117	1.572	62.1597804389251	Halobacteriota	Halobacteria	Halorubrum sp003990725
GCF_004087835	41.681214655054	3563258.14024701	63.77	0.556890929646546	1.499	61.5696664104776	Halobacteriota	Halobacteria	Halorussus pelagicus
GCF_004099695	45.9349233191712	3622904.40802199	42.46	0.591901935169454	1.311	60.624560944745	Halobacteriota	Methanosarcinia	Methanosarcina sp004099695
GCF_004102725	47.0058889299723	2832873.32646756	59.96	0.584880322202295	1.367	60.7232148884692	Halobacteriota	Methanomicrobia	Methanoculleus_A taiwanensis
GCF_004114375	39.5098772715372	3905488.12945811	65.89	0.557479203876023	1.606	62.1911450903978	Halobacteriota	Halobacteria	Halorubrum sp004114375
GCF_004118325	36.4994417565032	4172367.0511381	65.69	0.557384928689617	1.479	62.433670701027	Halobacteriota	Halobacteria	Halorientalis pallida
GCF_004143485	40.237571285623	3857567.62274166	64.62	0.559413523555316	1.547	62.1127968015853	Halobacteriota	Halobacteria	Halorussus amylolyticus
GCF_004150385	38.2938852207027	3952683.32966307	62.39	0.550303062594784	1.356	62.3272123796007	NA	NA	NA
GCF_004297185	43.5117754095376	2382022.02910267	59.54	0.581149515779372	1.364	61.2544749805469	Halobacteriota	Methanomicrobia	Methanofollis fontis
GCF_004310395	79.1132477163087	1319894.05710826	35.25	0.652776082638943	1.819	63.7054128327107	Methanobacteriota	Methanococci	Methanofervidicoccus abyssi
GCF_004698125	42.7628194529495	4692118.47495011	69.99	0.5617458831665	1.655	62.7762669704695	Halobacteriota	Halobacteria	Halosimplex halophilum
GCF_004745425	42.371124615683	2626354.60992908	43.58	0.578294931315925	1.288	60.4823458957293	Halobacteriota	Methanosarcinia	Methanolobus halotolerans
GCF_004765785	44.593128927307	4407785.03623558	64.17	0.563895196594174	1.506	62.8410668655846	Halobacteriota	Halobacteria	Halorussus ruber
GCF_004765795	42.3189200604087	3841706.64489129	66.92	0.559982890954459	1.602	63.1711771132743	Halobacteriota	Halobacteria	Halorussus marinus
GCF_004765815	40.4925106485357	4851727.05930387	65.11	0.55685734181439	1.5	61.94943442557	Halobacteriota	Halobacteria	Halorussus salinus
GCF_004785955	42.7760253037712	3933654.02793824	68.45	0.560032497014883	1.646	62.8881525137603	Halobacteriota	Halobacteria	Halostella litorea
GCF_004799685	44.5558071085961	3878260.41989865	65.86	0.566310163432169	1.525	62.9822692370067	NA	NA	NA
GCF_004916935	36.3369047917422	4508948.50005119	65.78	0.559590301886971	1.44	62.5630553105812	Halobacteriota	Halobacteria	Salinigranum halophilum
GCF_004944975	45.2775547526488	3642692.38856182	62.06	0.566345951260622	1.503	62.7749063093726	Halobacteriota	Halobacteria	Halorhabdus amylolytica
GCF_005049285	40.6950425255546	3855441.23841618	64.23	0.557574325058973	1.461	62.272324694694	Halobacteriota	Halobacteria	Halorientalis salina
GCF_005155585	41.8711643991208	3153234.13928498	65.63	0.565242559617442	1.525	61.9063596988567	NA	NA	NA
GCF_005406125	40.6616152193859	4353086.2923204	62.07	0.551558245579503	1.354	62.5696637502462	Halobacteriota	Halobacteria	Haloarcula mannanilytica
GCF_005435015	42.726548055811	3882919.59157626	66.58	0.560056402890962	1.669	62.3762982591268	Halobacteriota	Halobacteria	Halorubrum sodomense
GCF_005435165	41.2043086019212	3581207.67737761	67.37	0.559762211532029	1.682	63.1808480321906	Halobacteriota	Halobacteria	Halorubrum sp005435165
GCF_005435175	41.8762480054725	3704143.51112531	67.01	0.557085376843227	1.636	62.0482303414294	Halobacteriota	Halobacteria	Halorubrum californiense
GCF_005435225	42.0312075302754	3593038.71516699	68.01	0.559917078971956	1.665	62.3567256744934	NA	NA	NA
GCF_005543295	35.5661205476708	3537185.75274384	58.33	0.554907841293283	1.36	61.8526236588685	Halobacteriota	Halobacteria	Halalkalirubrum salinum
GCF_005576615	41.9708109655845	4831996.07194542	63.43	0.55988838051956	1.507	62.1040971850006	Halobacteriota	Halobacteria	Natrinema versiforme_A
GCF_005890195	40.6005456187391	3968168.25963659	64.34	0.556694089695212	1.518	61.3749880210402	Halobacteriota	Halobacteria	Natrinema pallidum
GCF_006274605	76.1198429853581	2234233.42334233	54.86	0.642188335214112	1.793	69.6808128992799	Methanobacteriota_B	Thermococci	Thermococcus indicus
GCF_006543045	37.3691659231242	4619467.71557009	62.08	0.557202599080395	1.467	62.2662715464714	Halobacteriota	Halobacteria	Salinadaptatus halalkaliphilus
GCF_006546655	41.9033543988288	2949074.9343567	40.2	0.571369277383472	1.25	59.972719271768	Halobacteriota	Methanosarcinia	Methanolobus vulcani_A
GCF_006740685	33.8440577430236	1654844.40520856	33.76	0.574402810511953	1.231	58.1422185342592	Thermoproteota	Nitrososphaeria	Nitrosopumilus sp006740685
GCF_006861655	33.1306238568464	2655147.02837026	62.68	0.546149680522632	1.398	61.1703757025697	Halobacteriota	Halobacteria	Halonotius roseus
GCF_006861665	38.9726522887103	2942358.91063477	61.54	0.547145131117662	1.412	61.2048629682012	Halobacteriota	Halobacteria	Halonotius terrestris
GCF_007421925	32.6855165436704	4135455.95373335	68.06	0.561823644928234	1.584	63.7561477682987	Halobacteriota	Halobacteria	Haloglomus irregulare
GCF_007655485	40.0352745068004	3622498.91915262	62.9	0.561456123463348	1.445	62.5605432345137	Halobacteriota	Halobacteria	Halobellus captivus
GCF_007671685	40.1228704861026	3908698.14932993	65.97	0.560633574886146	1.608	62.7540158228225	Halobacteriota	Halobacteria	Halorubrum salsamenti
GCF_007671725	43.4533322484831	3385300.99978728	68.63	0.564360795872607	1.711	62.3341001893919	Halobacteriota	Halobacteria	Halorubrum depositum
GCF_007826885	16.1083935391116	2865193.37016575	34	0.563015966187475	1.007	56.2060798241002	Thermoproteota	Nitrososphaeria	Nitrosocosmicus arcticus
GCF_007833275	43.403664830327	2652829.05803196	66.16	0.553876842279073	1.504	61.7919917574357	Halobacteriota	Halobacteria	Salarchaeum sp007833275
GCF_008122205	43.6107470414571	5426973.56333571	63.19	0.5660766237291	1.55	61.9688157789098	Halobacteriota	Halobacteria	Natronococcus pandeyae
GCF_008152015	77.5766194179903	2165038	54.98	0.64039365407724	1.778	69.5678575599994	Methanobacteriota_B	Thermococci	Thermococcus celericrescens
GCF_008245225	41.8710879591427	4417037.42640875	62.51	0.566177662815701	1.536	61.8383675018043	Halobacteriota	Halobacteria	Natrarchaeobius swarupiae
GCF_008326425	59.8831899050723	2658325.5475968	42.39	0.606601243778959	1.218	66.5594716826125	Thermoproteota	Thermoprotei_A	Sulfuracidifex tepidarius
GCF_008389435	18.0814620248906	3543797.1205627	33.42	0.559744591556862	0.981	56.1214283780812	Thermoproteota	Nitrososphaeria	Nitrosocosmicus sp008389435
GCF_008709555	68.0581965687974	1552123.22173494	46.8	0.585664213435751	1.256	61.3892679897955	Thermoplasmatota	Thermoplasmata	Thermoplasma sp008709555
GCF_008729005	39.0844443514878	4127790.04954583	61.64	0.54999374123233	1.341	62.2080287645442	Halobacteriota	Halobacteria	Haloarcula sp008729015
GCF_008806815	36.5883114873752	3680194.25501137	61.69	0.558997377037806	1.406	61.75626096246	Halobacteriota	Halobacteria	Haloferax litoreum
GCF_008806915	38.1204526622792	3603126.67906592	60.79	0.559323746037342	1.396	61.719640780442	Halobacteriota	Halobacteria	Haloferax marinisediminis
GCF_008831545	40.4560286398609	4542952.94477901	61.52	0.557895949968679	1.377	60.6460159925715	Halobacteriota	Halobacteria	Halorussus halophilus
GCF_009184545	32.8695299759678	2794453.31372755	64.27	0.555998477342938	1.435	60.5645558443566	Halobacteriota	Halobacteria	Halosegnis rubeus
GCF_009217585	40.4609162457842	3287508.4997875	65.64	0.555930581881907	1.478	62.7020865776676	Halobacteriota	Halobacteria	Halomicrobium mukohataei
GCF_009392895	41.0090041771727	4571575.90412111	61.34	0.556829826969081	1.439	61.6463103944567	Halobacteriota	Halobacteria	Natronorubrum aibiense
GCF_009428885	80.0494197958317	2415090.81473793	34.36	0.626295188670947	1.35	66.6967942499445	Thermoproteota	Thermoprotei_A	Acidianus ambivalens
GCF_009601705	79.037592769135	2647027.7864502	34.74	0.625489409369732	1.261	67.7900162691896	Thermoproteota	Thermoprotei_A	Saccharolobus sp009601705
GCF_009617975	58.2590124755715	1666888.69863014	43.24	0.576357129326442	1.431	56.9361950818577	Nanohalarchaeota	Nanosalinia	Nanohalobium constans
GCF_009663395	33.6067225992383	2907483.45762	65.06	0.55253964994504	1.424	60.7666038779172	Halobacteriota	Halobacteria	Halosegnis longus
GCF_009674625	35.7930250417107	3596509.60942343	61.06	0.559830001449077	1.407	61.6189228629242	Halobacteriota	Halobacteria	Haloferax marinum
GCF_009729035	80.4928525737608	2072670.28267446	37.61	0.628207789314878	1.322	67.2085919560016	Thermoproteota	Thermoprotei_A	Stygiolobus azoricus
GCF_009729515	61.971779406357	2260825.66932352	38.6	0.608893447473273	1.23	66.5350693700846	Thermoproteota	Thermoprotei_A	Sulfuracidifex metallicus
GCF_009729545	80.8423702338606	2306365.71191366	34.36	0.626163603897948	1.338	66.9823855990838	Thermoproteota	Thermoprotei_A	Acidianus infernus
GCF_009741925	38.9411156869599	3523563.33571501	63.9	0.564955687910999	1.517	62.2702459436295	Halobacteriota	Halobacteria	Natronomonas sp009741925
GCF_009778815	36.2014000073844	2958899.91728701	42.97	0.56497629177164	1.001	60.8079462244929	Thermoproteota	Bathyarchaeia	Bathycorpusculum hydrogenotrophicum
GCF_009785285	41.2667798684605	2537227.16741861	43.37	0.56919312610762	1.039	61.1523390818545	NA	NA	NA
GCF_009791395	35.1105728886168	4241929.33083177	66.8	0.557983025359488	1.486	61.9395024167128	Halobacteriota	Halobacteria	Halomarina oriensis
GCF_009797925	41.7097534024496	2671895.47820761	62.42	0.557679165811362	1.429	62.3593604296753	Halobacteriota	Halobacteria	Halorhabdus sp009690625
GCF_009806985	35.923209457584	3306553.92469687	68.34	0.56230951021819	1.687	62.014350265937	Halobacteriota	Halobacteria	Halorubrum sp009806985
GCF_009831455	42.1604865770507	3438830.25415944	68.72	0.574943075342052	1.637	63.6446509190413	Halobacteriota	Halobacteria	Salinirussus salinus
GCF_009831555	47.2925490846913	3881409.71606034	66.75	0.551586684646096	1.487	62.403709705622	Halobacteriota	Halobacteria	Halobacterium bonnevillei
GCF_009831575	43.5034989028738	3409217.51916815	63.97	0.566623234761493	1.482	62.8770486995052	Halobacteriota	Halobacteria	Halovenus carboxidivorans
GCF_009831625	36.4637346954682	3901390.78321967	67.62	0.559936843133119	1.62	62.7379658161161	Halobacteriota	Halobacteria	Halobaculum saliterrae
GCF_009834785	38.9799497100342	4655469.96322027	62.45	0.558668622498174	1.519	61.3720342493456	Halobacteriota	Halobacteria	Natronorubrum halalkaliphilum
GCF_009900715	33.6330228736311	3780163.14264248	64.71	0.5606399256652	1.417	62.1578553270859	Halobacteriota	Halobacteria	Halococcus salsus
GCF_009914725	38.0514437532677	2321453.71646697	50.69	0.568712565376208	1.234	59.578969204603	Halobacteriota	Methanomicrobia	Methanogenium sp009914725
GCF_010119195	43.1302110463637	3910099.09165978	66.73	0.555457923935928	1.457	62.6481315881052	Halobacteriota	Halobacteria	Haloarcula salina
GCF_010747475	43.9724403640598	4517425.96577518	64.95	0.558403663816694	1.47	62.0632175918968	Halobacteriota	Halobacteria	Halorussus sp010747475
GCF_011043775	35.7055929438714	4797087.88898234	58.85	0.549935800899928	1.401	61.9432332681175	Halobacteriota	Halobacteria	Natronolimnobius sp011043775
GCF_011440285	49.204989174359	4202310.91150352	67.18	0.561917678525334	1.632	62.1908913779773	Halobacteriota	Halobacteria	Halostella limicola
GCF_011440375	37.1159240062985	3807865.66862229	68.12	0.546202773242578	1.562	61.8035580437701	Halobacteriota	Halobacteria	Halorubellus sp011440375
GCF_011620785	42.3503847019665	2188078.17248245	52.75	0.586291698336289	1.39	61.1843192482825	Halobacteriota	Methanosarcinia	Methanothrix sp011620785
GCF_011620795	47.0654862373598	2530259.0342181	62.02	0.58898834721417	1.45	61.9034195087337	NA	NA	NA
GCF_011627345	43.176927702862	3306665.62075097	67.08	0.562642936885575	1.566	62.3558649445866	Halobacteriota	Halobacteria	Halolamina pelagica
GCF_011734195	47.9137005276191	3044905.58334184	67.94	0.556389528872209	1.59	61.7833493643642	Halobacteriota	Halobacteria	Halobacterium sp011734195
GCF_012027285	82.7688419818883	1931684	55.8	0.645659297272576	1.826	70.2258062482909	Methanobacteriota_B	Thermococci	Thermococcus cleftensis
GCF_012027305	79.7648974240907	2023001	53.51	0.644621198229115	1.828	70.2062445048178	Methanobacteriota_B	Thermococci	Thermococcus sp012027305
GCF_012027325	90.5026841127357	2277370	41.19	0.647662835249042	1.821	70.3634876727865	NA	NA	NA
GCF_012027355	80.5687458540523	2167521	52.56	0.641962270368235	1.788	68.9949669494554	Methanobacteriota_B	Thermococci	Thermococcus sp012027355
GCF_012027395	85.7332957193708	2002356	51.86	0.641472043893577	1.781	70.0383380920357	Methanobacteriota_B	Thermococci	Thermococcus sp012027395
GCF_012027425	85.18580170984	2009005.97831594	39.69	0.647643978165321	1.784	69.6551637176684	Methanobacteriota_B	Thermococci	Thermococcus_A sp012027425
GCF_012027455	85.3169760310568	2014437	50.81	0.64075802506252	1.774	69.911231787442	Methanobacteriota_B	Thermococci	Thermococcus onnurineus
GCF_012027495	76.1453772877563	2139369	55.68	0.641375770661209	1.796	69.6076447907841	Methanobacteriota_B	Thermococci	Thermococcus sp012027495
GCF_012027555	88.4630408337597	1795455	52.58	0.64452037715985	1.848	69.9309960225842	Methanobacteriota_B	Thermococci	Thermococcus sp012027555
GCF_012027595	76.454047994638	2048798	52.21	0.638814291336054	1.694	69.8924230897473	Methanobacteriota_B	Thermococci	Thermococcus sp012027595
GCF_012027615	76.9742205674805	2374878	54.38	0.641326644681684	1.766	70.1210824942261	Methanobacteriota_B	Thermococci	Thermococcus sp012027615
GCF_012027635	84.4599401311452	1921837	54.58	0.646877117530734	1.804	70.3500418146109	Methanobacteriota_B	Thermococci	Thermococcus sp012027635
GCF_012027645	77.7741056955031	1991402	55.37	0.639002101588364	1.754	69.3051885099107	Methanobacteriota_B	Thermococci	Thermococcus sp012027645
GCF_012163165	48.2462108968457	4255489.96954102	65.47	0.57316677554249	1.64	61.9891267467064	Halobacteriota	Halobacteria	Natronococcus jeotgali
GCF_012222305	85.9581613116818	2850818.5998978	32.64	0.62820003819441	1.283	67.1157919401079	Thermoproteota	Thermoprotei_A	Sulfurisphaera sp012222305
GCF_013177915	56.4642069840508	1878843.19556968	53.69	0.599563940845947	1.509	61.9845298169061	NA	NA	NA
GCF_013329165	45.6953825923217	2113761.7589149	51.63	0.587363378808967	1.371	58.0215754132929	NA	NA	NA
GCF_013329655	45.6312344836807	4395375.80012389	43.52	0.593605342665478	1.342	60.2417925834565	NA	NA	NA
GCF_013329775	90.8246333716754	1724643	41.81	0.659766019202405	1.886	70.6788329060106	NA	NA	NA
GCF_013329805	98.6484214545336	2221200.74272746	51.26	0.638351990897679	1.666	70.2067146035688	NA	NA	NA
GCF_013340765	70.8162687437038	1825775.48682703	62.07	0.611812946287039	1.498	69.2775051409067	Thermoproteota	Nitrososphaeria	Conexivisphaera calida
GCF_013342145	43.4223258605596	4650597.67061708	65.7	0.563067274863436	1.605	61.5345233760555	NA	NA	NA
GCF_013343295	66.4707536156539	2289301.71416553	44.8	0.619411794561973	1.282	66.7788331389344	Thermoproteota	Thermoprotei_A	Metallosphaera tengchongensis
GCF_013377755	46.4196822123782	2270283.69510348	61.14	0.586126369058596	1.455	61.5886030209986	Halobacteriota	Methanomicrobia	Methanofollis tationis
GCF_013388945	39.7762031242578	2199596.24931053	54.54	0.571424273522559	1.322	60.5439604821797	Thermoproteota	Nitrososphaeria	Nitrososphaera sp013388945
GCF_013391085	46.1529260140217	3373261.21205756	64.36	0.563196969298361	1.551	62.1301193567536	Halobacteriota	Halobacteria	Natronomonas halophila
GCF_013391105	46.6856773447885	3827722.72170004	67.45	0.566060973317511	1.613	61.8088452121687	Halobacteriota	Halobacteria	Natronomonas salina
GCF_013401515	40.9669000902652	4424406.86730789	67.2	0.566126428995543	1.57	62.2502564682546	Halobacteriota	Halobacteria	Halorarum halophilum
GCF_013402815	40.2005774073255	4947070.90314671	60.14	0.556687906787254	1.409	61.7082655578121	Halobacteriota	Halobacteria	Natrinema halophilum
GCF_013402875	42.1614245536835	4400449.47303162	68.65	0.571847475327484	1.656	62.533369267817	Halobacteriota	Halobacteria	Halorarum salinum
GCF_013407145	30.4886505837437	1751463.14138472	33.01	0.573622544572838	1.219	57.2608788044036	Thermoproteota	Nitrososphaeria	Nitrosopumilus cobalaminigenes
GCF_013407165	29.4289307205396	1774244.4593687	33.05	0.571103842218819	1.187	56.7428304131369	Thermoproteota	Nitrososphaeria	Nitrosopumilus oxyclinae
GCF_013407185	32.587604165783	2358186.35968723	33.45	0.571641189321665	1.164	56.5876288519575	Thermoproteota	Nitrososphaeria	Nitrosopumilus ureiphilus
GCF_013407275	36.3618962710826	1997642.89602613	41.25	0.568779731013413	1.153	58.0916707281044	Thermoproteota	Nitrososphaeria	Nitrosotenuis sp013407275
GCF_013415885	41.0358136224553	4705542.48503308	67.76	0.55737744581548	1.589	63.2088892765981	Halobacteriota	Halobacteria	Halosimplex rubrum
GCF_013760955	54.9415505080667	1760041.03693324	33.14	0.602070948439989	1.372	60.8230917472204	Methanobacteriota	Methanococci	Methanococcus maripaludis_A
GCF_013839425	41.6178663958393	3006529.64676199	61.5	0.557522283830578	1.431	62.2169892237302	Halobacteriota	Halobacteria	Halorhabdus salina
GCF_013839515	37.5691536506882	2954737.9610928	64.5	0.569055283221318	1.589	62.7588097316627	Halobacteriota	Halobacteria	Natronomonas sp013839515
GCF_014078525	30.4532420272661	1974258.44184507	33.35	0.575464663119239	1.211	57.1467736045777	Thermoproteota	Nitrososphaeria	Nitrosopumilus sp014078525
GCF_014078535	33.5306741185162	1784996.68947252	33.79	0.574734372616363	1.219	57.7308036712989	Thermoproteota	Nitrososphaeria	Nitrosopumilus piranensis
GCF_014202105	84.7089890110502	2782396.52529382	32.53	0.628613910457624	1.295	67.477025080177	Thermoproteota	Thermoprotei_A	Sulfurisphaera ohwakuensis
GCF_014212355	41.2973811368472	3606530.27485018	66.45	0.561665171514365	1.532	63.4489400894322	Halobacteriota	Halobacteria	Halobellus ruber
GCF_014646535	66.4167645852119	2111823.52941176	52.23	0.606105840124351	1.286	66.0454127008026	Thermoproteota	Thermoprotei	Thermocladium modestius
GCF_014646795	55.9706373800448	1809318.11040117	55.86	0.596215569703485	1.279	61.4203730493551	Thermoplasmatota	Thermoplasmata	Thermogymnomonas acidicola
GCF_014646875	32.8260347927783	3216102.95659467	65.36	0.555091212063015	1.46	63.9303584116897	Halobacteriota	Halobacteria	Halobellus salinus
GCF_014647155	44.2759779781279	3212174.04642601	67.22	0.556547074626931	1.58	61.930909052767	Halobacteriota	Halobacteria	Halarchaeum nitratireducens
GCF_014647415	38.7653545610292	4304522.08918249	61	0.548378680550271	1.32	62.7302377181189	Halobacteriota	Halobacteria	Haloarcula sebkhae
GCF_014647455	41.8239009812914	3147414.15192508	67.94	0.558175456795516	1.574	61.4466692217957	NA	NA	NA
GCF_014647475	41.818087751634	3450387.87383893	66.91	0.551523783154761	1.51	61.7715745032257	Halobacteriota	Halobacteria	Halocalculus aciditolerans
GCF_014648235	65.0715568076519	2416698.91919712	51.12	0.621908349817934	1.338	68.2505249677688	Thermoproteota	Thermoprotei_A	Sulfodiicoccus acidiphilus
GCF_014876775	80.247235672695	1806294.8561271	53.86	0.639811388543255	1.56	69.2254190071713	Thermoproteota	Thermoprotei	Infirmifilum lucidum
GCF_014889545	59.2177324072623	1686426.75094301	49.69	0.607928620062396	1.596	62.3358176819473	Methanobacteriota	Methanobacteria	Methanothermobacter thermautotrophicus_A
GCF_014962245	78.8016786102097	1370909.66386555	47.61	0.637624068859465	1.424	70.6536663001619	NA	NA	NA
GCF_015062915	44.3481498720512	2273402.65939311	36.94	0.568623110169578	1.208	59.7210113139998	Methanobacteriota	Methanobacteria	Methanocatella thaueri_B
GCF_015062935	43.448993054284	2819759.70216607	34.16	0.567260012714558	1.18	58.4784140243319	Methanobacteriota	Methanobacteria	Methanocatella sp015062935
GCF_015062985	46.6944620213114	2240708.19829552	34.98	0.572627005770402	1.256	58.092707310318	Methanobacteriota	Methanobacteria	Methanocatella sp015062985
GCF_015063065	49.4469702431368	2697869.1313223	32.46	0.570923367170016	1.187	59.5164470338459	NA	NA	NA
GCF_015351695	52.7855452342291	2489840.96238149	41.3	0.589664158485076	1.25	61.6889502906158	NA	NA	NA
GCF_015351715	41.8795103791514	2424166.49452592	25.57	0.575795876585197	1.115	59.3384811141676	Methanobacteriota	Methanobacteria	Methanobinarius arboriphilus_A
GCF_015521575	94.1437672784776	1828465.73617379	43.87	0.646228505584116	2.016	68.9087318841033	Halobacteriota	Archaeoglobi	Ferroglobus sp015520115
GCF_015521605	79.4645989337517	2030369.03690369	54.48	0.642165908768289	1.781	70.1746373547525	Methanobacteriota_B	Thermococci	Thermococcus sp015521605
GCF_015523155	62.2381725928636	1600658.65598576	30.48	0.621220913222415	1.513	62.4482157098894	NA	NA	NA
GCF_015709365	58.4286494668653	1704020.6185567	32.88	0.600256353538785	1.355	60.6638964741221	NA	NA	NA
GCF_016065055	40.1016234124968	4367239.78573679	68.46	0.558469243675561	1.592	63.1004448263651	Halobacteriota	Halobacteria	Halosimplex litoreum
GCF_016217785	48.5320644097463	2683159.79010186	39.05	0.585156173891436	1.211	61.0618944533756	Methanobacteriota	Methanobacteria	Methanobacterium sp016217785
GCF_016278365	42.6469297713109	2898189.07181093	44.4	0.574838609195805	1.224	60.3764233031666	Halobacteriota	Methanosarcinia	Methanolobus sp016278365
GCF_016278385	40.8490508558618	2904075.94425369	40.17	0.573848476752061	1.239	59.5673214771102	Halobacteriota	Methanosarcinia	Methanolobus sp016278385
GCF_016282985	47.9236608993955	2061133.81454747	29.79	0.576409477619155	1.152	58.8857883303643	Methanobacteriota	Methanobacteria	Methanosphaera sp016282985
GCF_016757965	78.7569699846199	2115826	46.05	0.62544667843458	1.751	67.7149156754367	Halobacteriota	Archaeoglobi	Archaeoglobus neptunius
GCF_017094465	44.0962818791918	3028156.01345669	63.09	0.561922553946202	1.473	62.8131247491197	Halobacteriota	Halobacteria	Halapricum sp017094465
GCF_017094485	41.1411446505707	3194125.61705703	60.79	0.563943690836451	1.523	61.6049720645971	Halobacteriota	Halobacteria	Natranaeroarchaeum sulfidigenes
GCF_017094505	42.606804292411	3088265.93845184	64.68	0.567617657755108	1.524	62.9922695851951	Halobacteriota	Halobacteria	Halapricum sp017094505
GCF_017094525	44.4768572383869	3039501.10282533	63.97	0.565757384156806	1.523	63.1716616485535	Halobacteriota	Halobacteria	Halapricum desulfuricans
GCF_017352155	42.2561529957461	4359178.31989385	65.15	0.563557651476586	1.595	61.9167899765715	Halobacteriota	Halobacteria	Haloterrigena alkaliphila
GCF_017357105	38.8479052295442	4448179.81304485	63.06	0.562807973986531	1.492	61.5078820020603	Halobacteriota	Halobacteria	Natronosalvus caseinilyticus
GCF_017357405	39.7047087057362	6047595.18419428	62.43	0.561130059307752	1.48	61.632526984281	Halobacteriota	Halobacteria	Halomontanus rarus
GCF_017357525	41.7918945781905	2815970.47062442	59.55	0.583858760962389	1.359	61.4626117845435	Halobacteriota	Methanomicrobia	Methanofollis aquaemaris
GCF_017406825	49.0413779385616	1912381.69468879	36.89	0.576628248130307	1.301	59.1993530649163	Methanobacteriota	Methanobacteria	Methanocatella sp017406825
GCF_017409525	45.8324344230518	2368102.98407	34.9	0.570544033566651	1.237	57.7389628523006	Methanobacteriota	Methanobacteria	Methanocatella sp017409525
GCF_017410345	52.2633342489419	2012309.7944906	34.22	0.580556250074413	1.37	59.3409070816504	Methanobacteriota	Methanobacteria	Methanobrevibacter sp017410345
GCF_017447225	47.0444791748701	2376232.66563945	34.31	0.567245531550638	1.167	58.1551723387345	Methanobacteriota	Methanobacteria	Methanocatella sp017447225
GCF_017468685	42.1595231964409	2470164.94845361	33.06	0.569673197047564	1.194	58.9748227078786	Methanobacteriota	Methanobacteria	Methanocatella sp017468685
GCF_017512765	48.5147694459912	1704610.63313479	38.38	0.576812602583315	1.32	59.528145430754	NA	NA	NA
GCF_017539065	46.7583093499773	2001646.70006535	33.79	0.572902325819186	1.227	59.3181003768614	Methanobacteriota	Methanobacteria	Methanocatella sp017539065
GCF_017612575	39.6673434947782	3577778.3680408	65.69	0.554493986980456	1.463	62.8131022358334	Halobacteriota	Halobacteria	Halomicrobium sp009617995
GCF_017622775	45.5990538275436	2557737.2343976	33.5	0.565599011753896	1.138	59.2966366469552	Methanobacteriota	Methanobacteria	Methanocatella millerae_B
GCF_017656475	80.6748699299812	2151279.40090708	45.95	0.629572360316905	1.816	66.7632820583272	Halobacteriota	Archaeoglobi	Archaeoglobus sp017656475
GCF_017656495	89.7854227169202	2048078	40.27	0.646472806879979	1.797	70.4126731939506	Methanobacteriota_B	Thermococci	Thermococcus_B sp017656495
GCF_017857535	83.9215759866724	2272803.99085429	34.97	0.624618161085419	1.273	67.6584756112272	NA	NA	NA
GCF_017873335	82.139675871933	2034780	52.47	0.64614507834993	1.828	70.0283123820545	Methanobacteriota_B	Thermococci	Thermococcus stetteri
GCF_017873415	40.5332510878182	3154900.97008892	39.72	0.572554563716162	1.264	59.99266572706	Halobacteriota	Methanosarcinia	Methanolobus bombayensis
GCF_017873555	44.7329139071952	3249301.8350559	68.02	0.55990546055045	1.672	62.374578949586	Halobacteriota	Halobacteria	Halorubrum trapanicum
GCF_017873625	49.575644612203	2539921.80265459	37.77	0.586061497493143	1.223	61.4898812078623	Methanobacteriota	Methanobacteria	Methanobacterium petrolearium
GCF_017873775	42.0190844609589	2876930.9358398	68.66	0.555231532194937	1.617	62.1528693430291	Halobacteriota	Halobacteria	Halarchaeum rubridurum
GCF_017873815	36.0051839161706	3345395.74559983	64.49	0.561213062639983	1.616	62.6889855933815	Halobacteriota	Halobacteria	Halorubrum alkaliphilum
GCF_017873855	43.8923082059574	2739319.88887746	57.4	0.586291815784825	1.226	60.748203114957	Halobacteriota	Methanomicrobia	Methanolinea_B mesophila
GCF_017874235	41.9547290064786	2913433.894358	66.59	0.562871658178714	1.534	62.1100205812587	Halobacteriota	Halobacteria	Halolamina salifodinae
GCF_017874375	45.1527581439209	2138031.72678589	42.52	0.578357184556399	1.297	60.751146734045	Halobacteriota	Methanosarcinia	Methanohalophilus levihalophilus
GCF_017875315	41.021797553472	2587039.60093658	42.97	0.582999489334742	1.279	59.8747933878962	Halobacteriota	Methanomicrobia	Methanomicrobium sp017875315
GCF_017875325	44.2323689754884	3016144.82830169	59.1	0.585351833627696	1.393	61.1153245130629	Halobacteriota	Methanomicrobia	Methanofollis sp017875325
GCF_017875395	43.3996870454181	1998345.42968339	29.01	0.590541013262971	1.238	60.6512486635229	Methanobacteriota	Methanococci	Methanococcus voltae_C
GCF_017940815	42.1981167817749	2182997.09020369	35.88	0.571232692074089	1.23	59.0104642677308	Methanobacteriota	Methanobacteria	Methanocatella sp017940815
GCF_018128925	33.1212664249859	1816275.65658795	34.86	0.574798809615144	1.221	57.8479776357758	Thermoproteota	Nitrososphaeria	Nitrosarchaeum_A sp018128925
GCF_018132105	46.3631718718036	2198295.5715757	52.22	0.589731909653989	1.368	59.9813429126921	Halobacteriota	Methanomicrobia	Methanocalculus chunghsingensis
GCF_018141185	48.5547331216155	2229663.57426853	36.35	0.594843570510447	1.292	61.5291858369958	Methanobacteriota	Methanobacteria	Methanobacterium_F alkalithermotolerans
GCF_018379875	49.1339763966963	1911681.64445822	30.95	0.573997068461689	1.205	58.5555139468392	Methanobacteriota	Methanobacteria	Methanocatella smithii
GCF_018420055	37.9918433443887	4071123.16594338	65.59	0.556894522839705	1.492	61.84164550874	Halobacteriota	Halobacteria	Haloferax volcanii
GCF_018433835	47.4587628498236	3029182.72699165	61.36	0.5883392843165	1.443	61.1076414785273	Halobacteriota	Methanomicrobia	Methanoculleus sp018433835
GCF_018434035	44.8417755665827	2138365.5715894	42.2	0.580657141246572	1.275	60.6197308806383	Halobacteriota	Methanosarcinia	Methanomethylovorans sp001896725
GCF_018435085	45.0682388664378	2730750.02579181	45.11	0.580848976097356	1.235	59.1729318688332	Halobacteriota	Methanomicrobia	Methanospirillum sp012520015
GCF_018495055	48.7473931057897	2759312.03674705	60.7	0.592130431069425	1.47	61.0411696221208	Halobacteriota	Methanomicrobia	Methanoculleus bourgensis
GCF_018609725	41.6915351635738	2120044.7063605	36.75	0.573630753926757	1.182	60.5795053863364	Halobacteriota	Methanosarcinia	Methanohalobium sp018609725
GCF_018623055	42.2099129266856	3275785.92814371	68.74	0.560043877659036	1.709	62.2363748109856	Halobacteriota	Halobacteria	Halorubrum sp018623055
GCF_018687785	43.9200801648651	2359969.0817273	56.23	0.57702277915406	1.312	60.1409769075832	Halobacteriota	Methanomicrobia	Methanovulcanius yangii
GCF_019061235	44.3743639516206	3989376.78790356	65.86	0.559206268052307	1.474	62.643543563488	Halobacteriota	Halobacteria	Haloarcula limicola
GCF_019599405	39.5784979680587	4156949.83484723	64.1	0.555318293376225	1.388	62.4026516540707	Halobacteriota	Halobacteria	Haloarcula salinisoli
GCF_019599465	42.4077155567117	4763767.47984077	64.4	0.553345629423786	1.422	62.3137737406517	Halobacteriota	Halobacteria	Haloarcula rubra
GCF_019599515	42.500840800968	4007633.96958253	65.5	0.553872128133074	1.44	62.3549977205303	NA	NA	NA
GCF_019633745	43.6180992323563	3063018.69255396	60.32	0.583732907121293	1.392	61.4807808255241	Halobacteriota	Methanomicrobia	Methanofollis formosanus
GCF_019669965	47.8287726786312	2669509.31487326	61.86	0.590276418204234	1.465	61.7453776457008	Halobacteriota	Methanomicrobia	Methanoculleus chikugoensis
GCF_019693215	41.4884722335853	2718663.52844863	47.36	0.554912535231286	1.241	62.488935769738	Halobacteriota	Halobacteria	IM2453 sp019693215
GCF_019704315	78.6814410016787	3040191.14171205	40.14	0.62399651641861	1.255	66.8426992697053	Thermoproteota	Thermoprotei_A	Stygiolobus caldivivus
GCF_019823105	36.5135103237317	3856633.60198388	67.87	0.559071250991505	1.636	62.2933469533715	Halobacteriota	Halobacteria	Halobaculum magnesiiphilum
GCF_019879105	38.7381531710924	5792256.8133102	61.12	0.555543877258765	1.419	61.4161450298252	Halobacteriota	Halobacteria	Natrinema sp019879105
GCF_019880225	33.0737611490062	3159797.47881794	68.37	0.558290808858302	1.654	62.3586933124437	Halobacteriota	Halobacteria	Halobaculum rubrum
GCF_019880245	36.6818814148391	3843662.94688985	67.96	0.560178232450275	1.651	62.6092376527585	Halobacteriota	Halobacteria	Halobaculum roseum
GCF_019931065	43.6803007352702	2714553.98103782	32.52	0.587883510678648	1.204	61.1109500332429	Methanobacteriota	Methanobacteria	Methanobacterium_B spitsbergense
GCF_020097815	40.2009738555122	3535599.29737549	64.53	0.56467763918718	1.488	62.1550247118097	Halobacteriota	Halobacteria	Haloprofundus salinisoli
GCF_020097835	40.6785251204337	4078458.35916512	64.05	0.563747220441793	1.492	62.1244192806845	Halobacteriota	Halobacteria	Haloprofundus halobius
GCF_020105915	41.4062870692418	4336983.80992431	63.82	0.561436391996232	1.505	61.8458229132947	NA	NA	NA
GCF_020148105	44.205941462747	2168898.98781244	25.71	0.579323400688717	1.189	59.4198134858936	Methanobacteriota	Methanobacteria	Methanobinarius sp020148105
GCF_020150815	42.9108115301645	3851740.0289316	63.79	0.56396705786633	1.471	61.8210302767473	Halobacteriota	Halobacteria	Haloprofundus salilacus
GCF_020216685	42.9044141310215	3119020.44204628	46.21	0.578426761883104	1.196	58.9813169846188	Halobacteriota	Methanomicrobia	Methanospirillum hungatei_B
GCF_020217425	47.9449826988479	4342864.14208431	67.31	0.560996610077745	1.611	62.9797589617572	Halobacteriota	Halobacteria	Halomicrobium urmianum
GCF_020405185	48.196807397341	3926168.21475962	68.96	0.562015922143096	1.662	62.8656126212283	Halobacteriota	Halobacteria	Halomicrobium salinisoli
GCF_020405205	42.3718872880054	4940870.70685852	63.14	0.560275232845467	1.494	61.7513045497857	Halobacteriota	Halobacteria	Natrinema salinisoli
GCF_020405225	40.7099960257992	5202942.73757273	62.09	0.559360742031641	1.476	61.2333957396701	Halobacteriota	Halobacteria	Natrinema sp020405225
GCF_020515625	41.0964865119493	4812131.181038	64.31	0.560169575376559	1.539	61.7158990691543	Halobacteriota	Halobacteria	Natrinema amylolyticum
GCF_020567425	35.9673023646208	4151989.35189925	66.85	0.559462174884735	1.452	62.5204117308729	Halobacteriota	Halobacteria	Salinirubrum litoreum
GCF_020567525	36.0363843430607	4149417.16852098	67.95	0.545416561998554	1.531	61.7483635203852	Halobacteriota	Halobacteria	Halorubellus salinus
GCF_020614395	44.7496232946709	2389947.8953821	67.5	0.555169628889152	1.549	61.8246090439149	Halobacteriota	Halobacteria	Salarchaeum japonicum
GCF_020696995	49.1425272523692	2578230.6900103	61.33	0.590204872783941	1.447	61.2602772358417	Halobacteriota	Methanomicrobia	Methanoculleus sp020696975
GCF_020804205	40.6800339200551	4657261.52906444	39.9	0.586673140715261	1.249	59.7900488610392	NA	NA	NA
GCF_020854955	49.8958231383139	2542048.56466715	39.41	0.588498771853778	1.242	61.8315190619388	NA	NA	NA
GCF_021023085	52.7958268914006	3196505.85526974	46.19	0.588411561166571	1.341	60.4696625808114	Halobacteriota	Methanocellia	Methanooceanicella nereidis
GCF_021028995	47.7680328667597	3504794.66442601	63.8	0.554401411041526	1.477	61.7665517428098	Halobacteriota	Halobacteria	Halobacterium sp021028995
GCF_021159085	84.9589964838752	1744546.89984102	40.27	0.648022838915738	1.8	68.9875243918998	NA	NA	NA
GCF_021162525	81.0447964057764	1762038.0691976	44.5	0.644160759065855	1.828	69.3760590773339	Methanobacteriota_B	Thermococci	Palaeococcus sp003663695
GCF_021184045	46.1927432500231	2518846.69763684	42.68	0.576155338932677	1.282	60.442761232565	Halobacteriota	Methanosarcinia	Methanococcoides orientis
GCF_021233415	42.4653581231638	2845293.56160067	68.6	0.551800538444523	1.625	61.4400881299187	Halobacteriota	Halobacteria	Halobacterium litoreum
GCF_021233435	46.6501774482362	3483663.48072681	64.75	0.552332608425107	1.49	61.063904426621	Halobacteriota	Halobacteria	Halobacterium noricense
GCF_021249345	43.9850424313442	3178303.71732026	67.28	0.55859781328554	1.527	62.0268612508706	Halobacteriota	Halobacteria	Halobacterium wangiae
GCF_021249405	43.7981234131519	2887495.15157701	66.19	0.551726497481033	1.488	61.8855566846439	Halobacteriota	Halobacteria	Halobacterium zhouii
GCF_021431925	34.8020899441107	3430586.89811945	68.74	0.558273285903115	1.716	62.2630399913034	Halobacteriota	Halobacteria	Halobaculum sp021431925
GCF_021655615	79.2823384079617	2659285.78779459	35.13	0.620553407025118	1.314	66.6630799076711	Thermoproteota	Thermoprotei_A	Acidianus sp021655615
GCF_021965275	40.6870821599903	3776314.61391193	64.5	0.558275525318278	1.564	62.1268215287928	Halobacteriota	Halobacteria	Halorubrum lacusprofundi
GCF_022014235	59.5404312617078	1778619.63502905	48.59	0.608054029400146	1.567	62.2681608991198	Methanobacteriota	Methanobacteria	Methanothermobacter sp022014235
GCF_022448665	33.2247678599596	1659082.90535583	59.09	0.564041183667745	1.27	59.7823649732394	NA	NA	NA
GCF_022693705	77.9739172055537	2032251.97200311	56.13	0.634747304011452	1.535	69.6998016931071	Thermoproteota	Thermoprotei	Infirmifilum sp002855745
GCF_022768105	49.8438017905674	2030646.53339005	32.14	0.580233224190914	1.363	59.2273417166742	NA	NA	NA
GCF_022869805	46.1913870060411	5163496.98887414	64.23	0.562905677695077	1.558	61.9486619529325	Halobacteriota	Halobacteria	Halosolutus halophilus
GCF_023008545	48.4155401046948	4843652.9776284	63.07	0.566287568696383	1.54	62.6432459263942	Halobacteriota	Halobacteria	Natribaculum luteum
GCF_023016325	56.4578069734608	1508507.65581195	42.17	0.609902001373419	1.534	62.7458006555629	Halobacteriota	Methanonatronarchaeia	Methanonatronarchaeum sp004212035
GCF_023028105	47.9587719432626	4856466.26518322	64.95	0.565375367189653	1.589	62.3058559541397	Halobacteriota	Halobacteria	Halosolutus gelatinilyticus
GCF_023028225	37.9076033045083	3375776.70412772	65.33	0.556275748708311	1.496	62.6768839525625	Halobacteriota	Halobacteria	Halorientalis litorea
GCF_023074835	36.5895993597669	4598517.98412862	66.62	0.556369355236607	1.462	61.5708768760391	Halobacteriota	Halobacteria	Halomarina salina
GCF_023093535	40.4786930747059	3975522.09860161	66.83	0.558058489748879	1.539	61.9826427819949	Halobacteriota	Halobacteria	Halovivax limisalsi
GCF_023115355	33.4923461745266	4192972.09739785	57.22	0.553948067012793	1.245	61.4008748787688	Halobacteriota	Halobacteria	Halocatena salina
GCF_023169545	82.4692509080792	1279818.25138703	24.64	0.625516376696488	1.178	63.3302460861739	Nanobdellota	Nanobdellia	Nanobdella aerobiophila
GCF_023195915	48.3245046664098	2732923.9335995	61.27	0.591264984897429	1.477	61.6359282285274	Halobacteriota	Methanomicrobia	Methanoculleus sp023195915
GCF_023204835	42.2759506807528	3329090.43167735	64.94	0.554067521415374	1.512	62.7108085516922	Halobacteriota	Halobacteria	Salinarchaeum laminariae
GCF_023227715	45.4832492511457	2438958.24720959	33.39	0.585162748697831	1.209	61.3506732522971	Methanobacteriota	Methanobacteria	Methanobacterium_E alcaliphilum
GCF_023227875	41.7083854666841	2973399.8120497	54.04	0.572928854559017	1.204	60.0948554646694	Halobacteriota	Methanomicrobia	Methanoregula sp023227875
GCF_023228095	43.139534304199	2702249.03361837	52.31	0.584043513931199	1.346	60.8104903044374	NA	NA	NA
GCF_023238205	44.3831245430507	4720771.66479535	65.09	0.559944112817673	1.508	62.2531872620777	Halobacteriota	Halobacteria	Halorussus limi
GCF_023238445	45.7090818905127	3744375.82933551	65.88	0.560003952519875	1.538	61.7812401833355	Halobacteriota	Halobacteria	Halorussus gelatinilyticus
GCF_023256035	82.8139262336269	1297859.62758338	44.8	0.644680245514738	1.448	70.9365747763568	NA	NA	NA
GCF_023256255	72.90612430213	2173020.81143578	42.84	0.620330571489271	1.173	68.5563014723239	Thermoproteota	Thermoprotei	Caldivirga sp023256255
GCF_023256325	64.6248555921166	1679974.54625941	30.89	0.616493817581436	1.201	68.7209936729386	Thermoproteota	Thermoprotei_A	Caldisphaera sp023256325
GCF_023256435	63.5867917721204	1684522.38318266	44.08	0.585512590364369	1.223	61.2744892727559	Thermoplasmatota	Thermoplasmata	Thermoplasma sp023256435
GCF_023276355	44.7333072659556	3039383.13701178	64.59	0.557638290569553	1.525	63.7518082375092	Halobacteriota	Halobacteria	Haloplanus sp023276355
GCF_023566055	43.6030400142638	4825690.57872072	65.09	0.561006368769226	1.574	62.0960034023661	Halobacteriota	Halobacteria	Halosolutus amylolyticus
GCF_023638035	31.54365008993	3369121.7193635	51.46	0.551266460368547	1.203	60.4694065041838	Halobacteriota	Halobacteria	Natronocalculus amylovorans
GCF_023638055	41.0032702246684	3455227.39208066	60.95	0.561895121342752	1.509	61.6843136436283	Halobacteriota	Halobacteria	Natranaeroarchaeum aerophilum
GCF_023698535	42.317653503002	4234802.0165949	65.08	0.556363792806746	1.493	63.0158913729959	Halobacteriota	Halobacteria	Halorientalis regularis
GCF_023699475	35.6804063853539	4193021.7458518	66.46	0.557111470581134	1.462	61.4378575514782	Halobacteriota	Halobacteria	Halomarina rubra
GCF_023702065	47.1112672993306	2579602.85774322	62.15	0.589911554651658	1.464	61.3182241740509	Halobacteriota	Methanomicrobia	Methanoculleus oceani
GCF_023702125	42.8118227296596	3301457.05356181	69.06	0.560984993789274	1.731	62.2338167606467	Halobacteriota	Halobacteria	Halorubrum hochsteinianum
GCF_023703775	42.5901471758073	3550304.81504443	67.96	0.564019498434393	1.617	63.213684603008	Halobacteriota	Halobacteria	Haloplanus sp023703775
GCF_023703795	40.0963152469747	3971337.26341918	65.34	0.560918084870709	1.545	63.4626105994505	Halobacteriota	Halobacteria	Haloplanus sp023703795
GCF_023746595	84.4341485422718	1972082.2778397	39.44	0.646881217878703	1.757	69.7942236437756	Methanobacteriota_B	Thermococci	Thermococcus_A argininiproducens
GCF_023913515	44.5365380024148	4841705.62417066	63.43	0.567512806701888	1.557	61.7381405165191	Halobacteriota	Halobacteria	Natronococcus sp023913515
GCF_023973145	39.0210413185938	3916168.21475962	61.8	0.559660346718602	1.436	61.6044176668703	Halobacteriota	Halobacteria	Natronosalvus vescus
GCF_024022995	85.9332593986505	1889207	43.34	0.649022075723706	1.833	69.898038470614	Methanobacteriota_B	Thermococci	Thermococcus_A aggregans
GCF_024054535	87.0753086679928	1915386.56398825	43.03	0.649837401328827	1.842	69.7701087315447	Methanobacteriota_B	Thermococci	Thermococcus_A alcaliphilus
GCF_024136985	39.6000827437962	4153260.73298429	65.29	0.55824775192188	1.452	61.6069561491659	NA	NA	NA
GCF_024138125	44.0459461582105	3671042.15576197	66.63	0.567752604207582	1.667	61.8506785220057	Halobacteriota	Halobacteria	Halorussus salilacus
GCF_024138145	39.1673933410489	4082400.97436984	63.11	0.561712353493961	1.483	61.5231475884828	Halobacteriota	Halobacteria	Natronosalvus halobius
GCF_024138165	46.0427189705508	5155730.32560988	66.17	0.562173467585232	1.539	61.6453290273035	Halobacteriota	Halobacteria	Halorussus vallis
GCF_024170265	41.078194937806	2016392.37899073	52.03	0.583376917120617	1.383	60.4039215020572	NA	NA	NA
GCF_024170505	46.0010183890402	2149481.97734295	53.15	0.590734237022626	1.392	60.4048322212607	Halobacteriota	Methanomicrobia	Methanocalculus alkaliphilus
GCF_024178165	34.8347786377172	3142411.65530068	64.08	0.55519729462776	1.422	61.6935982868964	Halobacteriota	Halobacteria	Halohasta salina
GCF_024204665	38.2156987531955	4536729.08995266	62.96	0.561690040246498	1.457	61.3725148039624	Halobacteriota	Halobacteria	Natronosalvus rutilus
GCF_024218815	38.9717416895948	3991198.32601817	64.6	0.554621679452964	1.423	62.1933895230189	Halobacteriota	Halobacteria	Haloarcula marina
GCF_024227435	40.2967352173767	4870223.5378177	63.02	0.560632647199617	1.478	61.8653569625144	Halobacteriota	Halobacteria	Natrinema caseinilyticum
GCF_024227715	40.1761469596937	4003863.75347831	67.64	0.56697344915992	1.556	61.410917154488	Halobacteriota	Halobacteria	Halomarina litorea
GCF_024228315	47.3243352353083	4742612.59404308	67.17	0.574527058458676	1.625	61.6106749825458	Halobacteriota	Halobacteria	Halomarina pelagica
GCF_024228675	34.2966942304212	5074368.60068259	66.09	0.561865003775678	1.468	62.7353677827102	Halobacteriota	Halobacteria	Salinigranum marinum
GCF_024296665	49.5483104198172	3804815.67062283	68.69	0.573611993417419	1.798	62.8176373663528	Halobacteriota	Halobacteria	Salinilacihabitans rarus
GCF_024296685	42.1810260704663	3847571.51614222	65.51	0.562028980638515	1.535	62.1111178307756	Halobacteriota	Halobacteria	Natrinema marinum
GCF_024298825	37.5781830891499	4277205.26691844	68.54	0.561362603913059	1.529	63.2453385242348	Halobacteriota	Halobacteria	Haloglomus salinum
GCF_024298845	34.659234049185	4429731.1206806	59.49	0.559508876781785	1.391	61.4530074627093	Halobacteriota	Halobacteria	Natronosalvus amylolyticus
GCF_024298905	41.2825789560363	4076303.97060325	66.87	0.569182144326247	1.598	62.7821777605787	Halobacteriota	Halobacteria	Natronomonas marina
GCF_024300625	39.8097984863414	3830483.38681296	63.13	0.560147945112514	1.514	61.5489477659534	Halobacteriota	Halobacteria	Halovivax gelatinilyticus
GCF_024300825	40.1103385103101	3727957.53802184	62.87	0.56465601697641	1.515	62.5969139087768	Halobacteriota	Halobacteria	Natronomonas gomsonensis
GCF_024362485	43.9890465735029	4295874.24721854	64.75	0.572735747640004	1.621	62.0663319686901	Halobacteriota	Halobacteria	Natronobeatus ordinarius
GCF_024362525	41.6618708007527	4068694.49831581	65.49	0.571480761900402	1.588	61.8113626665229	Halobacteriota	Halobacteria	Natrononativus amylolyticus
GCF_024372725	46.3095741142734	4125078.63562092	46.83	0.597989136177808	1.41	60.6417232637184	Halobacteriota	Methanosarcinia	Methanosarcina sp024372725
GCF_024372745	43.7379202915459	2412599.38208033	50.4	0.583648127054197	1.307	60.2886768081984	Halobacteriota	Methanomicrobia	Methanocalculus taiwanensis
GCF_024449025	38.796867549352	3385311.2164297	62.68	0.572621834835598	1.573	62.8374529854032	Halobacteriota	Halobacteria	Natronomonas aquatica
GCF_024464185	37.4581200174316	3930857.40532816	67.11	0.5586059349313	1.51	62.816926493495	Halobacteriota	Halobacteria	Haloarchaeobius salinus
GCF_024464595	44.3158538178053	3989279.13951805	65.16	0.563215221787907	1.494	63.1373037024387	Halobacteriota	Halobacteria	Halobellus litoreus
GCF_024490875	82.1153938784271	1468100	28.5	0.649510901860401	1.782	66.1021015789564	Methanobacteriota	Methanococci	Methanocaldococcus sp024490875
GCF_024494575	40.9803754643924	2820905.98820974	67.13	0.556566355845577	1.64	62.2333615519709	Halobacteriota	Halobacteria	Halorubrum salinum
GCF_024494595	43.2855205937096	3894244.61964628	64.61	0.564703811233413	1.496	63.0651097999479	Halobacteriota	Halobacteria	Halobellus rarus
GCF_024494685	41.1274943829002	3435699.98935377	67.84	0.568122401147942	1.714	62.4091157808479	Halobacteriota	Halobacteria	Halorubrum rubrum
GCF_024494725	37.7743455816923	3484266.11359285	65.23	0.557745691933663	1.508	63.2227517157408	Halobacteriota	Halobacteria	Haloplanus ruber
GCF_024495425	38.9147474114812	4133222.41502501	67.21	0.558133131932113	1.486	62.0370750672806	Halobacteriota	Halobacteria	Haloarchaeobius litoreus
GCF_024498175	39.884645836528	3595067.19449943	67.05	0.563152926744756	1.583	63.5445717413164	Halobacteriota	Halobacteria	Haloplanus salinarum
GCF_024498195	36.6026939015398	3997497.69538052	64.96	0.553432308604127	1.454	61.7191024057281	Halobacteriota	Halobacteria	Halovivax cerinus
GCF_024500045	45.3013410189366	2625861.96443007	48.15	0.58026856865636	1.291	60.6936755083674	Halobacteriota	Methanosarcinia	Methanolobus chelungpuianus
GCF_024508235	36.2771001610793	2787577.85110332	64.89	0.558072697802858	1.468	62.0011392913545	Halobacteriota	Halobacteria	Halococcus qingdaonensis
GCF_024518575	58.0051134660722	1727453.77103678	54.84	0.601684267930742	1.528	61.9553595093	Halobacteriota	Methanosarcinia	Methanothrix_B sp024518575
GCF_024609245	39.0148977503367	4137285.38036549	65.64	0.555643632756452	1.485	61.7940468577069	Halobacteriota	Halobacteria	Haloarchaeobius sp024609245
GCF_024662215	36.125243036643	3220015.27028403	42.28	0.580389605965944	1.284	59.1134026152323	Halobacteriota	Methanomicrobia	Methanoplanus endosymbiosus
GCF_024707485	80.7536297637384	2070864	53.49	0.643230330292873	1.798	70.1723058889453	Methanobacteriota_B	Thermococci	Thermococcus thermotolerans
GCF_024807035	46.2426415994075	1872928.36857053	28.99	0.594401678608935	1.284	60.1580479416226	Methanobacteriota	Methanococci	Methanococcus voltae
GCF_024807655	44.4278749559679	1954306.3006206	28.52	0.592204733537666	1.251	60.4761356645139	Methanobacteriota	Methanococci	Methanococcus voltae_D
GCF_024808815	42.7789481487582	2050815.99676833	34.34	0.578904629491757	1.207	59.0935487982532	Halobacteriota	Methanosarcinia	Methanosalsum natronophilum
GCF_024972755	43.1054590197783	2892995.01867995	63.56	0.5627958302086	1.46	62.516004328727	Halobacteriota	Halobacteria	Halanaeroarchaeum sp024972755
GCF_025231485	37.23152972386	4467402.2659998	68.45	0.569796766750835	1.526	62.2543890334255	Halobacteriota	Halobacteria	Salinirubellus salinus
GCF_025384765	47.2482629482712	2719427.36712244	61.82	0.58965637768004	1.456	61.282232487257	Halobacteriota	Methanomicrobia	Methanoculleus formosensis
GCF_025399835	41.712899416158	4274770.84821884	65.75	0.556101384472305	1.407	61.1343405271232	Halobacteriota	Halobacteria	Haloarchaeobius sp025399835
GCF_025517485	40.2827360509677	5862233.57819653	62.03	0.560913727170724	1.471	61.7528747289748	Halobacteriota	Halobacteria	Halomontanus mannanivorans
GCF_025517525	36.5916712645079	4769788.88772188	59.16	0.560120025719797	1.402	61.3490836038652	Halobacteriota	Halobacteria	Natronosalvus hydrolyticus
GCF_025517535	43.196329593812	3529101.9850856	63.05	0.564253371293431	1.487	63.1126113700079	Halobacteriota	Halobacteria	Halapricum hydrolyticum
GCF_025629245	41.7513214629677	3952364.38183347	65.54	0.565576528239497	1.509	61.3430003934809	Halobacteriota	Halobacteria	Natronobiforma cellulositropha
GCF_025641885	97.3398997039426	2389331.74224344	57.49	0.639519010136803	1.762	70.1442546854069	Thermoproteota	Thermoprotei	Pyrobaculum sp025641885
GCF_025698845	30.4879557488597	2043034.6501876	33.97	0.57267439197545	1.196	56.7533701086666	Thermoproteota	Nitrososphaeria	Nitrosopumilus zosterae
GCF_025698945	32.833133524432	1930569.41072611	33.01	0.573502444695575	1.181	57.6636765581475	Thermoproteota	Nitrososphaeria	Nitrosopumilus sp025698945
GCF_025699065	35.0132244081934	1788783.29975375	32.46	0.575091813803498	1.165	57.1989795842519	Thermoproteota	Nitrososphaeria	Nitrosarchaeum sp025699065
GCF_025699125	30.2355933820783	2046186.27234606	33.69	0.573311478764888	1.19	56.9046999961128	Thermoproteota	Nitrososphaeria	Nitrosopumilus sp025699125
GCF_025699255	28.7874616846604	1846176.40474591	32.88	0.573334684365184	1.201	57.2573788656357	Thermoproteota	Nitrososphaeria	Nitrosopumilus sp025699255
GCF_025913575	34.8961681536842	4135236.70184972	54.43	0.551633848504267	1.221	61.6257414978043	Halobacteriota	Halobacteria	Halocatena marina
GCF_025914035	50.052539791421	2561649.84916259	62.07	0.590573644278955	1.483	61.4148907908474	Halobacteriota	Methanomicrobia	Methanoculleus marisnigri
GCF_026000775	75.2163349526611	2460194.21404006	45.13	0.62147873933648	1.245	68.5063424160657	Thermoproteota	Thermoprotei	Vulcanisaeta souniana
GCF_026242195	48.9020262126489	2170632.4803962	59.76	0.583540581533988	1.682	63.13418848664	Halobacteriota	Halobacteria	Halorutilus salinus
GCF_026248685	38.4266859141867	4918192.30376646	56.21	0.558225815342214	1.274	61.0948476618026	Halobacteriota	Halobacteria	Haladaptatus caseinilyticus
GCF_026586625	37.054681601388	4568245.11108836	67.58	0.56706294619502	1.574	62.0504147941872	Halobacteriota	Halobacteria	Halobium salinum
GCF_026586665	35.8842632213323	3879935.96700673	55.19	0.552310392001248	1.286	62.6668702040606	Halobacteriota	Halobacteria	Halovenus rubra
GCF_026586675	39.5912573449728	3376157.20059562	67.14	0.560174886772613	1.662	62.505238854057	Halobacteriota	Halobacteria	Halorubrum yunnanense
GCF_026616195	42.1534180598895	4703733.79606002	66.93	0.557366311991283	1.452	61.3750639128759	Halobacteriota	Halobacteria	Haloarchaeobius amylolyticus
GCF_026616205	38.2773563304924	3163252.7978245	68.23	0.562422585837265	1.529	62.7803768852662	Halobacteriota	Halobacteria	Halolamina litorea
GCF_026684035	40.4725526038646	2727254.376931	49.84	0.571152720274928	1.211	59.7183281201191	Halobacteriota	Methanomicrobia	Methanogenium organophilum
GCF_026692625	60.2989174903717	1726256.49913345	48.79	0.606854380483139	1.566	62.4725955256024	Methanobacteriota	Methanobacteria	Methanothermobacter marburgensis
GCF_026768455	33.1750989164858	1824517.07635414	46.65	0.568974472917593	1.204	58.7494387005051	Thermoproteota	Nitrososphaeria	Nitrosotenuis cloacae_A
GCF_026988555	78.3982055136201	1972058	53.05	0.639367456494757	1.686	69.3834480680049	Methanobacteriota_B	Thermococci	Thermococcus sp026988555
GCF_026993455	81.4691602789171	1854582.57713249	52.3	0.640838461894406	1.738	69.5050036942057	NA	NA	NA
GCF_027008145	84.0234882768635	1860284.10277836	53.29	0.64816800927912	1.804	70.1766141611403	Methanobacteriota_B	Thermococci	Thermococcus sp027008145
GCF_027011145	88.5018411542101	1749278.19396639	50.64	0.648906313931219	1.776	70.3643237245086	NA	NA	NA
GCF_027012695	81.3086108526164	1860313.52959932	54.6	0.647555624202964	1.811	69.7744214027856	Methanobacteriota_B	Thermococci	Thermococcus sp027012695
GCF_027038865	80.659081746665	1957201	55.05	0.645258377889627	1.764	70.1078902983655	Methanobacteriota_B	Thermococci	Thermococcus sp026991495
GCF_027052235	83.4550983315344	1912085.02024292	53.32	0.649751623319022	1.823	70.5749418031162	Methanobacteriota_B	Thermococci	Thermococcus sp027052235
GCF_027059365	87.1447151175528	1817720.31823745	51.12	0.64801284729965	1.779	70.2155259289114	Methanobacteriota_B	Thermococci	Thermococcus sp015523185
GCF_027063845	86.7213032868365	1938136.75905321	54.04	0.648110981386703	1.82	70.0144518793166	Methanobacteriota_B	Thermococci	Thermococcus sp027063845
GCF_027066465	89.1449086338133	1803936.28170195	54.23	0.651477623175736	1.841	70.2308202677082	Methanobacteriota_B	Thermococci	Thermococcus sp027066465
GCF_027081315	82.6508071082649	1710179.20421181	54.5	0.642848033339154	1.777	69.9863188627977	NA	NA	NA
GCF_027257195	43.4439984194363	3494020.01490472	66.6	0.567094423826649	1.667	61.90371353717	Halobacteriota	Halobacteria	Halorubrum sp027257195
GCF_027381685	38.9569553768009	1773583.64312268	37.02	0.584309072755799	1.138	58.6452768185063	NA	NA	NA
GCF_027563145	30.9931659245348	4105246.44030668	56.35	0.55056741197045	1.173	61.2892667941045	Halobacteriota	Halobacteria	Halocatena halophilum
GCF_028274965	36.068242183134	2469225.51252847	68.74	0.571930952505551	1.694	63.4394936917253	Halobacteriota	Halobacteria	Natronomonas sp028274965
GCF_028275115	32.2164582689778	3604505.46085536	64.74	0.554191372695343	1.438	62.390969793895	Halobacteriota	Halobacteria	Halorientalis sp028275115
GCF_028278985	30.8533790845817	1916075.92067989	33.51	0.572174212524395	1.21	57.772251789265	Thermoproteota	Nitrososphaeria	Nitrosopumilus sp028278985
GCF_028329985	42.2438445837478	3724009.15283099	67.36	0.558131490672737	1.637	62.6258789988919	Halobacteriota	Halobacteria	Halorubrum ezzemoulense
GCF_028617175	32.3570255088611	4514932.60590501	63.17	0.552981073514839	1.413	61.7590239321256	Halobacteriota	Halobacteria	Halococcus salifodinae
GCF_028679125	37.7057454196436	2768775.23553163	54.67	0.570294402532927	1.184	60.5124251136303	Halobacteriota	Methanomicrobia	Methanoregula sp028679125
GCF_028693135	46.1208792122236	4296608.97892701	42.3	0.591195488851993	1.305	60.4118470144908	Halobacteriota	Methanosarcinia	Methanosarcina sp028693135
GCF_028702905	42.6456836914305	2502467.27612716	60.84	0.583961482067153	1.419	61.4494781885423	Halobacteriota	Methanomicrobia	Methanofollis sp028702905
GCF_028705395	46.6201712343373	2785008.76017726	61.73	0.590036138694449	1.456	61.9748896078618	Halobacteriota	Methanomicrobia	Methanoculleus sp002506585
GCF_028712425	45.1619654561287	2757951.20942733	55.32	0.5756999969798	1.25	60.5188617168151	Halobacteriota	Methanomicrobia	Methanoregula sp028712425
GCF_029167045	54.9300259409648	2472487.95983195	58.17	0.605716032999592	1.639	61.9274012957083	Halobacteriota	Methanosarcinia	Methanocrinis natronophilus
GCF_029167205	50.1883622806222	2465148.76449823	58.3	0.603143296848209	1.626	62.0323419026338	Halobacteriota	Methanosarcinia	Methanocrinis alkalitolerans
GCF_029207715	39.3351080880904	2986999.3870045	63.26	0.559739356573065	1.46	62.4752369604083	Halobacteriota	Halobacteria	Halorhabdus sp029229925
GCF_029207735	56.8593673602859	1658536.20146905	47.44	0.572154587566986	1.366	58.8219976881031	Nanohalarchaeota	Nanosalinia	Nanohalococcus occultus
GCF_029232205	57.8668821252655	1664217.13559053	45.01	0.573190979395922	1.396	61.0986987100991	Nanohalarchaeota	Nanosalinia	Nanohalovita haloferacivicina
GCF_029250625	17.4099220230728	2301761.27573486	50.21	0.545393952030517	1.057	59.7466986980343	Thermoplasmatota	Poseidoniia	Poseidonia sp029250625
GCF_029278565	42.6393140435456	4175654.5097634	64.2	0.55671111335165	1.382	62.8340876697666	Halobacteriota	Halobacteria	Haloarcula halophila
GCF_029338195	44.9066446728167	3915493.33608844	68.13	0.562072836129941	1.579	62.9296058816604	Halobacteriota	Halobacteria	Haloarcula litorea
GCF_029338215	38.6840515597188	3871557.61967949	61.3	0.558961261640964	1.345	60.630408540152	Halobacteriota	Halobacteria	QDMS2 sp029338295
GCF_029338235	39.7908625151975	3391066.22584978	65.48	0.556926069177983	1.454	62.7177895127272	Halobacteriota	Halobacteria	Haloarcula rara
GCF_029338255	40.7372357797389	3556223.33367357	66.04	0.558612723017489	1.493	62.9730281084645	Halobacteriota	Halobacteria	Haloarcula halobia
GCF_029338275	41.5084446040427	3598539.34878024	64.67	0.558626711923274	1.423	62.6449237414229	Halobacteriota	Halobacteria	Haloarcula ordinaria
GCF_029338315	40.265481442252	3690228.64142084	66.19	0.55952255555829	1.473	62.5829485600994	Halobacteriota	Halobacteria	Haloarcula sp029338315
GCF_029338355	34.5572347478507	2869270.18475043	70.43	0.564686803690669	1.678	62.5009297612294	Halobacteriota	Halobacteria	Halosegnis marinus
GCF_029338375	41.8331745748005	4220920.69000714	63.66	0.559390110847577	1.467	61.9905523038034	Halobacteriota	Halobacteria	Halorussus lipolyticus
GCF_029338395	42.1896989730348	4483343.88077983	64.56	0.55963068530425	1.519	62.0102251160598	Halobacteriota	Halobacteria	Halorussus caseinilyticus
GCF_029338515	37.7227079299086	4831237.78166478	69.05	0.566012961660205	1.567	63.0134232503071	Halobacteriota	Halobacteria	Haloglomus litoreum
GCF_029338555	36.1899000409358	3623197.97478818	68.95	0.555941014143814	1.587	62.475930112931	Halobacteriota	Halobacteria	Halobaculum marinum
GCF_029490015	34.6956619299132	3594491.63050217	65.61	0.554470081813545	1.487	62.0172599719404	Halobacteriota	Halobacteria	Halobaculum limi
GCF_029502005	42.5061365154652	4886331.53006022	63.76	0.561304114015142	1.516	61.9383471516006	Halobacteriota	Halobacteria	Natrinema salsiterrestre
GCF_029530365	37.8920587875669	3943944.9638759	64.92	0.556594434576673	1.425	62.9357783636034	Halobacteriota	Halobacteria	Haloarcula laminariae
GCF_029633915	42.5865727452012	2482058.43428688	37.66	0.583952254448427	1.298	59.6844715380811	Halobacteriota	Methanomicrobia	Methanomicrobium antiquum
GCF_029633965	40.0089368310611	2588996.91040165	51.88	0.568282408293897	1.212	60.0977253090964	Halobacteriota	Methanomicrobia	Methanogenium sp029633965
GCF_029688845	42.7255289783276	4598225.98754721	64.13	0.571867385247918	1.608	61.9994933038502	Halobacteriota	Halobacteria	Natronococcus sp029688845
GCF_029688865	43.2730706080083	5123161.43262262	64.17	0.572096638754155	1.605	61.5733340450665	Halobacteriota	Halobacteria	Natronococcus sp029688865
GCF_029854155	51.258186036339	1677452.8200151	37.47	0.608902160499512	1.437	62.2430986874566	Halobacteriota	Methanonatronarchaeia	Methanonatronarchaeum sp029854155
GCF_029872365	41.2433384562724	3236069.74057347	68.61	0.54984350179379	1.576	62.3213659556585	NA	NA	NA
GCF_029882185	32.251580047895	1852680.77009178	33.59	0.576108061564955	1.227	56.7932743449463	Thermoproteota	Nitrososphaeria	Nitrosopumilus sp029882185
GCF_029889805	43.5777550296775	3047455.6082497	68.75	0.562288383557184	1.702	63.017284871454	Halobacteriota	Halobacteria	Halorubrum sp029889805
GCF_029889855	38.8411982454544	2784664.23357664	66.27	0.557558508095525	1.56	62.3445865220505	NA	NA	NA
GCF_029981945	56.7046213201495	1982903.75203915	39.89	0.593126597104903	1.288	61.0947983206909	NA	NA	NA
GCF_030017545	59.0848255180052	1669901.10114192	48.83	0.609209115638728	1.611	62.0653840111029	NA	NA	NA
GCF_030019085	53.3969167477988	2008936.37127257	57.98	0.597803108581276	1.493	61.1280891075595	Halobacteriota	Methanomicrobia	Methanoculleus sp030019085
GCF_030055425	59.7716153143677	1700928.73891324	48.63	0.606899678656495	1.551	62.125434007063	Methanobacteriota	Methanobacteria	Methanothermobacter sp030055425
GCF_030055435	59.790808080538	1702225.50718728	48.12	0.608212522623822	1.555	62.1416661646151	Methanobacteriota	Methanobacteria	Methanothermobacter sp030055435
GCF_030068615	40.740539760349	4776498.92824334	59.58	0.562782592604016	1.437	61.5140696940243	Halobacteriota	Halobacteria	Halostagnicola sp030068615
GCF_030127105	40.3959538526188	4554766.04004904	65.13	0.556270633412083	1.376	62.6652260316739	Halobacteriota	Halobacteria	Haloarcula pelagica
GCF_030127145	34.9239300595544	3685490.09162583	67.47	0.556201441673912	1.589	62.1709821635783	Halobacteriota	Halobacteria	Halobaculum halobium
GCF_030127165	34.682180633684	3544733.41599504	70.93	0.558961122439711	1.683	62.6928551994721	Halobacteriota	Halobacteria	Halobaculum lipolyticum
GCF_030153405	62.5235747636248	1673926.44949805	32.71	0.621384512884438	1.582	63.6262672435004	NA	NA	NA
GCF_030153625	91.4267381925225	1700551	40.53	0.658586489043193	1.874	70.6482121346388	NA	NA	NA
GCF_030156785	51.1437522296264	1611305.97402597	41.3	0.587462152952349	1.363	60.8591267364641	Halobacteriota	Methanosarcinia	Methanohalophilus sp030156785
GCF_030186535	87.9677948552132	1875748.7091222	36.18	0.624655128924589	1.398	69.8711987746922	Thermoproteota	Thermoprotei_A	Ignisphaera cupida
GCF_030273315	42.7107340664337	3530384.77712363	63.36	0.56924219910847	1.653	62.7062803583923	Halobacteriota	Halobacteria	Tc-Br11-E2g1 sp030273315
GCF_030287405	46.7863405909709	3653013.90058972	65.63	0.581784130408726	1.626	62.6531968378287	Halobacteriota	Halobacteria	Halalkalicoccus sp030287405
GCF_030296715	47.5243214053132	2858683.72756933	37.39	0.584527142458119	1.194	61.4976428300791	Methanobacteriota	Methanobacteria	Methanobacterium ferruginis
GCF_030323845	53.3759382888651	2024455.55668946	44.15	0.594785228400301	1.302	61.9244374710085	Methanobacteriota	Methanobacteria	Methanobacterium sp030323845
GCF_030464345	47.6988868072157	3270110.54861039	61.16	0.580623691779027	1.388	61.2866646262275	Halobacteriota	Methanomicrobia	Methanoculleus_A frigidifontis
GCF_030464365	49.5858493354211	2716669.0939353	61.18	0.589711473581711	1.47	61.7232595020151	Halobacteriota	Methanomicrobia	Methanoculleus methanifontis
GCF_030539555	42.3308232294817	2255539.89592368	34.13	0.571052225131809	1.211	59.1579657739935	Methanobacteriota	Methanobacteria	Methanocatella sp030539555
GCF_030539665	49.7241232151461	1711250.39636402	33.99	0.580333999851885	1.304	59.1639038245723	Methanobacteriota	Methanobacteria	Methanocatella sp030539665
GCF_030539875	44.2203680565211	1880413.18045656	32.67	0.576118723265718	1.254	59.3193515885284	Methanobacteriota	Methanobacteria	Methanocatella sp030539875
GCF_030553305	41.0034108777204	3764952.54979664	68.01	0.56781957185084	1.617	62.1842508779369	Halobacteriota	Halobacteria	Halomarina ordinaria
GCF_030594565	46.6511699856942	2221523.10265524	42.63	0.57645382043421	1.295	59.9805342172473	NA	NA	NA
GCF_030627555	51.3190615068707	2493717.16332676	62.36	0.591213688701853	1.518	61.1240239201819	Halobacteriota	Methanomicrobia	Methanoculleus sp002498065
GCF_030651615	47.4383678687508	1955660.55827829	50.43	0.588376515652186	1.332	59.9892816778644	NA	NA	NA
GCF_030655665	41.6067990477647	1891744.93842622	48.93	0.57735562792766	1.233	58.7496279849078	Halobacteriota	Methanomicrobia	Methanocorpusculum sp030655665
GCF_030682845	45.9777748673376	2903399.65660034	45.55	0.577366740885801	1.27	60.5311412092717	Halobacteriota	Methanosarcinia	Methanolobus sp030682845
GCF_030734285	46.545814993968	5275395.52924365	63.6	0.568994885609712	1.585	61.9744385080743	Halobacteriota	Halobacteria	Natronococcus sp030734285
GCF_030848565	42.9111578012153	4521406.64423886	62.08	0.563121956003284	1.57	61.674994067403	Halobacteriota	Halobacteria	Natronolimnohabitans sp030848565
GCF_030848575	37.6761309369279	4324674.85549133	60.57	0.548173855424864	1.308	62.6771560387224	Halobacteriota	Halobacteria	Haloarcula sp030848575
GCF_031200575	37.5328686634412	1974628.78385555	38.69	0.583392771482624	1.136	58.8288529272184	Thermoplasmatota	Thermoplasmata	Ferroplasma sp031200575
GCF_031312535	43.0409757114433	2649273.88406383	41.61	0.574213468513218	1.266	60.2408709056084	Halobacteriota	Methanosarcinia	Methanolobus mangrovi
GCF_031312595	43.6899742949374	2825729.14562715	40.94	0.571932930212811	1.246	59.9742384061717	Halobacteriota	Methanosarcinia	Methanolobus sediminis
GCF_031432215	43.3153823521551	2395625.19987208	62.76	0.566769305506803	1.42	62.4317207961948	Halobacteriota	Halobacteria	Halodesulfurarchaeum sp031432215
GCF_031432225	43.1853596974475	3458611.283323	63.09	0.575054803947303	1.597	63.6229026318183	Halobacteriota	Halobacteria	Halalkaliarchaeum sp024972735
GCF_031454185	40.6739976104053	2552367.54622896	41.69	0.575883102238257	1.292	59.9396033176244	Halobacteriota	Methanosarcinia	Methanococcoides alaskense
GCF_031461075	43.7402162204489	3810413.31568767	40.76	0.589496161415677	1.273	60.0651340331464	Halobacteriota	Methanosarcinia	Methanosarcina barkeri_C
GCF_031580675	39.8504645369436	3041046.02944226	64.29	0.566850503996926	1.559	62.1358235327617	NA	NA	NA
GCF_031624315	40.2607238638597	4279104.04624277	62.28	0.551040767225263	1.353	62.7803719031403	Halobacteriota	Halobacteria	Haloarcula terrestris
GCF_031624395	38.3346794396788	4529439.64586482	65.28	0.5558451065197	1.39	63.0771805504155	Halobacteriota	Halobacteria	Haloarcula saliterrae
GCF_031624495	41.6548906368167	4666609.83674313	65.5	0.563056643824771	1.512	62.0093419668273	Halobacteriota	Halobacteria	Halogeometricum sp031624495
GCF_031624635	42.9115587943366	4819277.7433354	66	0.564827734411652	1.518	62.3081045487208	Halobacteriota	Halobacteria	Halogeometricum sp031624635
GCF_031823395	42.2564551151404	4340162.22359992	63.23	0.561060500312236	1.448	63.1862262425156	Halobacteriota	Halobacteria	Halobellus sp031823395
GCF_032116555	39.4212621136622	3800968.17524282	67.92	0.566703986015879	1.595	62.1833881927274	Halobacteriota	Halobacteria	Halorarum sp032116555
GCF_032248915	84.7652146932272	2103702.93538015	32.4	0.630924783723833	1.32	67.4577712176279	NA	NA	NA
GCF_032304395	81.961138305792	1804563	53.42	0.646234228939781	1.799	70.7498088867695	Methanobacteriota_B	Thermococci	Thermococcus zilligii
GCF_032714495	39.6090497673261	1936094.17989418	50.26	0.568394981678906	1.199	58.2436159187394	Halobacteriota	Methanomicrobia	Methanocorpusculum rubei
GCF_032714615	42.0029696061526	1926198.51944531	50.14	0.570140706185763	1.216	57.9133543752649	Halobacteriota	Methanomicrobia	Methanocorpusculum furvi
GCF_032842345	47.0163637220978	2671057.35864462	63.54	0.589359980453407	1.459	61.8165982260563	Halobacteriota	Methanomicrobia	Methanoculleus caldifontis
GCF_032878975	47.0321491873049	2354199.3281075	40.29	0.586692190120049	1.305	59.8812785283224	Halobacteriota	Methanomicrobia	Methanomicrobium sp032878975
GCF_032905985	40.0434185906554	4163711.80842279	61.31	0.549003540111261	1.323	63.2102392225741	Halobacteriota	Halobacteria	Haloarcula argentinensis
GCF_032944295	48.5780050650471	2730653.09936663	61.52	0.588061297595718	1.447	61.4307898130618	Halobacteriota	Methanomicrobia	Methanoculleus nereidis
GCF_033097485	84.5453346184991	2113379.00505902	49.36	0.638215204319757	1.617	71.8961528024605	Thermoproteota	Thermoprotei_A	Pyrofollis japonicus
GCF_033485125	39.4033909484113	4619211.03532526	39.02	0.586692253761828	1.221	60.181654960351	Halobacteriota	Methanosarcinia	Methanosarcina spelaei
GCF_033978825	40.1133324724907	3552873.32646756	42.12	0.575861529269207	1.131	58.900546643589	NA	NA	NA
GCF_034331585	47.2553443102501	4402804.3190384	41.6	0.59147858556324	1.307	60.2740787546576	Halobacteriota	Methanosarcinia	Methanosarcina sp020804225
GCF_034808065	37.3041937464843	5071567.82688578	61.45	0.551072450421162	1.382	61.7361028071458	Halobacteriota	Halobacteria	Natrialba aegyptia
GCF_034808085	40.7317086367079	4095961.00847198	63.27	0.555857931098928	1.475	62.3241547398943	NA	NA	NA
GCF_034808145	34.2176661990978	4239153.82259875	67.2	0.544490666920385	1.548	62.235605658789	Halobacteriota	Halobacteria	Halorubellus sp034808145
GCF_034928265	40.5251125715661	2445250.75277749	25.04	0.577767120626915	1.121	59.5980488925134	Methanobacteriota	Methanobacteria	Methanobinarius sp937881195
GCF_034933645	43.4184836538435	1729822.56549421	51.66	0.579471044846909	1.289	58.7014922910799	Halobacteriota	Methanomicrobia	Methanocorpusculum parvum
GCF_035390745	46.3277824501982	3487036.88397562	42.22	0.591646276995672	1.325	60.598000772812	Halobacteriota	Methanosarcinia	Methanosarcina sp035390745
GCF_035417485	50.7309659844116	2444953.63540569	62.79	0.590955609568888	1.531	60.8621580909428	Halobacteriota	Methanomicrobia	Methanoculleus sp001896715
GCF_035506375	51.2809197090992	2690268.39378238	55.32	0.582106393458504	1.331	60.9075009444091	Halobacteriota	Methanocellia	Methanocella sp035506375
GCF_035543475	42.9145834415223	2279583.86683739	56.22	0.573763924158725	1.222	60.3888462086015	Halobacteriota	Methanomicrobia	Methanoregula sp035543475
GCF_035560735	33.71251017614	2700221.24357765	46.1	0.571628338661442	1.11	58.9425262693044	Halobacteriota	Methanomicrobia	Methanospirillum sp035560735
GCF_035621495	87.3184578213947	2060615.05724997	41.66	0.647474795967355	1.813	70.6675709194844	Methanobacteriota_B	Thermococci	Thermococcus_B sp035621495
GCF_035656455	38.8273179955581	3809774.75563111	64.93	0.556900301452772	1.439	62.7105446798231	Halobacteriota	Halobacteria	Haloarcula sp035656455
GCF_035968265	35.4763078948566	1707371.83792254	32.8	0.575308782664341	1.174	57.1712186772813	Thermoproteota	Nitrososphaeria	Nitrosarchaeum sp035968265
GCF_036307625	45.8931993886207	2384528.92386219	33.41	0.569241850669905	1.165	59.7721565550345	Methanobacteriota	Methanobacteria	Methanocatella sp036307625
GCF_036307705	46.4893560167076	2496090.51312015	35.07	0.569528193741687	1.211	58.9319639925391	Methanobacteriota	Methanobacteria	Methanocatella sp946404245
GCF_036323395	83.2943304572655	2277279.6150302	59.17	0.638509104988186	1.766	72.4406543133618	Thermoproteota	Thermoprotei_A	Pyrodictium abyssi
GCF_036397675	44.3499225572467	1728609.58366064	53.47	0.576680324825673	1.365	60.1099289129701	Thermoproteota	Nitrososphaeria	Nitrososphaera sp036397675
GCF_036418315	43.1432537797197	2779618.92112791	65.59	0.553674056339008	1.491	61.8763212126891	Halobacteriota	Halobacteria	Salarchaeum sp036418315
GCF_036429475	44.1906379147593	4133890.19768514	65.3	0.58808433217696	1.634	62.9795806037071	Halobacteriota	Halobacteria	SKXI01 sp036429475
GCF_036626455	39.6954450289166	2389125.95005429	58.63	0.566624111848935	1.354	62.2907523529109	Halobacteriota	Halobacteria	Halodesulfurarchaeum sp018334775
GCF_036628595	43.2787211651601	3212927.90186321	65.13	0.569292277035421	1.638	62.4269036504635	Halobacteriota	Halobacteria	Natronomonas sp036625485
GCF_036677455	45.9980700941519	2606023.18600559	62.42	0.588513427972236	1.431	61.8432169624474	Halobacteriota	Methanomicrobia	Methanoculleus sp036677455
GCF_036802725	40.516267696137	2254250.28069817	43.71	0.577198157685705	1.249	60.8208755969208	Halobacteriota	Methanosarcinia	Methanomethylovorans sp937968035
GCF_036967215	81.8250890868249	2860900.27843663	34.12	0.623754766920268	1.255	67.5998181618029	Thermoproteota	Thermoprotei_A	Saccharolobus tengchongensis_A
GCF_037031205	44.1579459170877	3628555.75868373	64.03	0.565045803691018	1.572	62.4614108860622	Halobacteriota	Halobacteria	Natronomonas sp037031205
GCF_037031225	40.5557330472209	3655013.77972849	67.5	0.561947724911067	1.571	62.7967903572647	Halobacteriota	Halobacteria	Halorientalis sp037031225
GCF_037031285	42.804668099105	3340477.81569966	63.83	0.562561518191137	1.492	62.8886909225221	Halobacteriota	Halobacteria	Halobellus sp037031285
GCF_037078395	39.1888280414302	3976812.55161024	62.73	0.549996829454103	1.355	62.6176322291986	Halobacteriota	Halobacteria	Haloarcula amylolytica
GCF_037078405	41.7787776402324	3878315.94172952	65.63	0.554847478796729	1.43	62.7509260693031	Halobacteriota	Halobacteria	Haloarcula sp037078405
GCF_037080055	40.1781654466031	3887961.49843913	60.3	0.559152028302101	1.393	62.5304421527731	Halobacteriota	Halobacteria	Halovenus sp037080055
GCF_037081675	33.8395491429429	4686929.67234868	67.63	0.543312705900281	1.505	61.6552486951568	Halobacteriota	Halobacteria	Halorubellus litoreus
GCF_037081695	45.4781858489217	4378687.86857624	63.36	0.576527624100711	1.558	61.9134160650504	Halobacteriota	Halobacteria	Halalkalicoccus sp036584055
GCF_037081715	46.8394433989006	3833026.53748947	64.95	0.580406943766052	1.628	62.0336807133005	Halobacteriota	Halobacteria	Halalkalicoccus sp037081715
GCF_037081775	38.1890833477962	3297700.3164234	60.32	0.557705396816132	1.32	60.6936898546982	Halobacteriota	Halobacteria	QDMS2 sp037081775
GCF_037198285	35.9241930929929	2840084.71981219	60.45	0.556893466627731	1.328	60.6017445983721	Halobacteriota	Halobacteria	QDMS2 sp037198285
GCF_037201915	38.5178462042515	3379363.47536202	65.18	0.561008932482904	1.595	62.7891728669398	Halobacteriota	Halobacteria	Haloplanus sp037201915
GCF_037338445	40.3403474585129	4392012.19512195	65.21	0.557437914294296	1.444	63.2800445376805	Halobacteriota	Halobacteria	Salinibaculum sp037338445
GCF_037442045	40.5435289304802	1500179.4734014	34.2	0.584385476049201	1.155	58.2318217168866	Thermoplasmatota	Thermoplasmata	Ferroplasma sp037442045
GCF_037447015	37.8463959905607	2615369.23800564	56.55	0.564207972662998	1.263	60.1708267948299	Thermoproteota	Nitrososphaeria	Nitrososphaera sp037447015
GCF_037645885	37.4640581614703	3848179.81304485	60.92	0.554406820320026	1.395	63.1307218930073	Halobacteriota	Halobacteria	Salinibaculum sp037645885
GCF_037914945	42.9148767051961	4742139.3543114	65.22	0.563148565789567	1.584	61.830319114391	Halobacteriota	Halobacteria	Haloterrigena sp037914945
GCF_037996645	45.2849371886891	3787359.9410278	64.14	0.579703596421931	1.616	61.6078713662214	Halobacteriota	Halobacteria	Halalkalicoccus tibetensis
GCF_038022665	44.2351867048709	2881870.45270816	44.12	0.57397749972441	1.303	59.9239521122901	Halobacteriota	Methanosarcinia	Methanolobus sp038022665
GCF_038432375	46.1818259492062	2333700.26257322	44.39	0.57779578243412	1.322	60.805600536273	Halobacteriota	Methanosarcinia	Methanococcoides sp038432375
GCF_038446525	38.9104419388827	3084057.76610786	40.12	0.570358133290839	1.241	59.8560032221825	Halobacteriota	Methanosarcinia	Methanolobus sp038446525
GCF_038448995	45.100352197314	2492769.5280716	52.34	0.585918600043205	1.383	61.1795562161181	NA	NA	NA
GCF_038727355	78.9642799433447	2456652.46310538	35.34	0.623743593252034	1.255	67.584529401533	Thermoproteota	Thermoprotei_A	Saccharolobus shibatae
GCF_038816675	98.1106299227414	2145255.76943529	54.92	0.635708834111934	1.684	70.2982173855145	NA	NA	NA
GCF_038872975	77.191759099972	1949396.12989324	46.7	0.630382996063974	1.404	68.5999576566382	Thermoproteota	Thermoprotei	Thermofilum adornatum
GCF_039520965	42.8246952203624	2809039.50188833	65.45	0.554545790764436	1.547	61.5720238925819	Halobacteriota	Halobacteria	Halarchaeum salinum
GCF_039522545	40.4538636649254	3513182.30163795	66.89	0.567172493987685	1.66	62.3905164083216	Halobacteriota	Halobacteria	Halorubrum aquaticum
GCF_039522565	40.6646844591014	3617176.13273772	67.6	0.558761198491561	1.639	62.2106484186132	Halobacteriota	Halobacteria	Halorubrum ejinorense
GCF_039522665	48.4953400420063	3753765.65954311	66.76	0.560775523905059	1.644	62.367742177465	Halobacteriota	Halobacteria	Natronoarchaeum mannanilyticum
GCF_039545195	39.9094323097613	4416953.96366639	61.17	0.55042522995887	1.333	62.5732764808949	NA	NA	NA
GCF_039683635	51.3825089127632	2035609.18126857	38.56	0.591778226510109	1.344	60.7824015895371	NA	NA	NA
GCF_040025155	35.2665051174631	3057488.11737962	67.69	0.559298983674559	1.641	62.3708096226944	Halobacteriota	Halobacteria	Halobaculum sp040025155
GCF_040435975	47.8823750519401	3363130.97363722	66.54	0.554506630703529	1.542	62.426748923766	Halobacteriota	Halobacteria	Halobacterium hubeiense
GCF_040679015	36.9391048194663	4137862.24014893	59.88	0.553852483691194	1.374	61.9135829735977	Halobacteriota	Halobacteria	Halogeometricum borinquense
GCF_040878665	31.4221881197374	1989583.6131632	33	0.572390883085725	1.174	57.2876658685797	Thermoproteota	Nitrososphaeria	Nitrosopumilus sp040878665
GCF_041082135	57.4830344311583	1897206.87157198	55.11	0.60049117135041	1.528	62.0556669701091	NA	NA	NA
GCF_041154675	82.3754354173437	2626122.63668881	31.68	0.625822267458208	1.262	67.080630287318	Thermoproteota	Thermoprotei_A	Sulfurisphaera javensis
GCF_041205745	43.2278151885462	5270028.5801776	62.87	0.566184593405559	1.534	61.5849546184933	Halobacteriota	Halobacteria	Natrarchaeobius sp041205745
GCF_041305605	40.38582969838	2403575.4970446	43.09	0.578183710876819	1.243	60.9911817083709	Halobacteriota	Methanosarcinia	Methanomethylovorans sp041305605
GCF_041361345	29.3407952952853	4552439.54179041	67.58	0.552625082122244	1.512	63.2334994496805	Halobacteriota	Halobacteria	JAHENP01 sp041361345
GCF_041361465	33.3173901577638	3797851.08188375	68.31	0.555923615223177	1.515	63.6721921862121	Halobacteriota	Halobacteria	JAHENP01 sp041361465
GCF_041431065	26.2652322701376	1966798.71992938	33.4	0.572939675706593	1.193	57.0718360821327	Thermoproteota	Nitrososphaeria	Nitrosopumilus adriaticus
GCF_041447285	39.0905766061136	2873274.05012126	40.55	0.573349222908034	1.17	60.4772996201458	Halobacteriota	Methanosarcinia	Methanomethylovorans sp041447285
GCF_041477585	46.835041680061	3395401.94255011	66.89	0.563590621374169	1.565	63.046648398551	Halobacteriota	Halobacteria	Halobellus sp041477585
GCF_041641895	38.3354746695113	3735072.1818368	68.36	0.563399744295906	1.518	62.7441422576689	Halobacteriota	Halobacteria	Salinigranum sp041641895
GCF_041645475	41.1393475567305	3222974.89195308	53.47	0.57350916690555	1.185	60.3496718709567	Halobacteriota	Methanomicrobia	Methanoregula sp041645475
GCF_041647945	90.6383794278039	2030899	45.13	0.655490830075857	1.883	70.2294951023097	Methanobacteriota_B	Thermococci	Pyrococcus kukulkanii
GCF_041647995	91.8636017918514	2052334	44.73	0.65595722956215	1.896	70.4354956500562	Methanobacteriota_B	Thermococci	Pyrococcus sp003660485
GCF_041663825	40.2398213637472	3054054.94732493	53.29	0.570902879911925	1.175	60.4203133204543	Halobacteriota	Methanomicrobia	Methanoregula sp041663825
GCF_041688025	39.2741863183994	3139228.08547754	64.2	0.562060011856779	1.452	62.5399980576111	NA	NA	NA
GCF_041821085	41.4521048903882	3920689.00325596	61.81	0.55596146354904	1.447	61.6108501125295	Halobacteriota	Halobacteria	Natrinema sp041821085
GCF_041821105	41.9134885552849	4050931.62482932	65.23	0.561819410947892	1.571	62.1375759258701	NA	NA	NA
GCF_041821125	36.7239761155456	4330228.96754543	60.38	0.554786637297087	1.427	61.130276104104	Halobacteriota	Halobacteria	Natronorubrum bangense
GCF_041821145	43.4130627324753	3345815.49281208	61.69	0.565175997475394	1.513	62.1671377822651	Halobacteriota	Halobacteria	Halopenitus sp041821145
GCF_041859935	42.5844814017513	2533761.00238169	42.23	0.579700662806266	1.198	58.7499930559204	Halobacteriota	Methanomicrobia	Methanospirillum sp028695895
GCF_900012635	89.1810308957388	1969648	44.92	0.655317410974126	1.892	70.2946011143903	Methanobacteriota_B	Thermococci	Pyrococcus chitonophagus
GCF_900064395	84.9679866967013	2212288.30850847	43.18	0.647336704626279	1.794	69.8207096658118	NA	NA	NA
GCF_900095295	51.1069138250907	2520231.65629146	38.49	0.589796244530687	1.303	61.6449785193268	Methanobacteriota	Methanobacteria	Methanobacterium_C congolense
GCF_900095385	49.3923251567969	2728277.03398558	61.83	0.590961137108747	1.481	61.5064894264885	Halobacteriota	Methanomicrobia	Methanoculleus chikugoensis_A
GCF_900100335	38.1153945929145	4742330.40457703	63.55	0.560497735546785	1.525	61.8128497217816	Halobacteriota	Halobacteria	Natronorubrum texcoconense
GCF_900100385	34.7288582361938	3567523.33405687	61.02	0.555910615143297	1.398	63.8782661291499	Halobacteriota	Halobacteria	Halovenus aranensis
GCF_900100715	40.2339652570991	2978887.42926435	40.23	0.570736576171671	1.229	60.2871549889954	Halobacteriota	Methanosarcinia	Methanolobus vulcani
GCF_900101245	41.0160436484752	4115083.0529857	60.97	0.555008807129854	1.432	61.7285547620539	Halobacteriota	Halobacteria	Natrinema hispanicum_A
GCF_900102375	42.5215592024029	3468814.08211019	68.25	0.559719812239952	1.697	62.2052436393502	Halobacteriota	Halobacteria	Halorubrum xinjiangense
GCF_900103415	45.8886253398609	2873660.51660517	36.42	0.565873889035522	1.171	55.9223553985185	Methanobacteriota	Methanobacteria	Methanocatella millerae
GCF_900103505	40.7658579681354	3846693.88588343	67.31	0.557106402864197	1.492	61.6654939350744	Halobacteriota	Halobacteria	Haloarchaeobius iranensis
GCF_900103715	36.348775699809	3895626.16243025	65.14	0.558608916060577	1.432	60.7349895404308	Halobacteriota	Halobacteria	Halogranum gelatinilyticum
GCF_900104065	45.8198859998254	4092954.98622027	62.87	0.568721690775168	1.591	61.8460139809985	Halobacteriota	Halobacteria	Natronobacterium texcoconense
GCF_900107195	42.0750242032561	3879911.13866501	64.11	0.55691108928264	1.439	62.8104925219565	Halobacteriota	Halobacteria	Halobellus clavatus
GCF_900107205	40.3071773818784	3538428.39429634	65.48	0.560442829364964	1.545	62.8581313925167	Halobacteriota	Halobacteria	Halopenitus persicus
GCF_900107665	42.9538418463932	2869248.81173796	65.1	0.555146415015042	1.515	62.4556040259716	Halobacteriota	Halobacteria	Haloplanus vescus
GCF_900108095	36.9474530656657	3874367.50998668	61.1	0.558094000286946	1.481	61.4100655318791	Halobacteriota	Halobacteria	Natronorubrum sediminis
GCF_900109065	34.7872125066051	3393872.70097128	58.8	0.552267781328983	1.309	60.9147337947264	Halobacteriota	Halobacteria	Halohasta litchfieldiae
GCF_900110215	39.3365116747056	5114754.75265203	63.45	0.554569294790975	1.447	63.2578686933605	Halobacteriota	Halobacteria	Halorientalis persica
GCF_900110535	38.3193361029968	3013975.70684904	67.93	0.547883627651219	1.545	61.995550244072	Halobacteriota	Halobacteria	Halobacterium jilantaiense
GCF_900110865	42.0419708551337	4962215.97874949	64.92	0.559378826287381	1.521	61.8718898952775	Halobacteriota	Halobacteria	Natrinema salaciae
GCF_900112175	38.8819688295376	4330463.33643603	67.65	0.558078805633543	1.527	62.0545894612438	Halobacteriota	Halobacteria	Halogeometricum rufum
GCF_900112205	46.2650930027108	4721606.97405735	65.43	0.570318690541497	1.662	62.6850435709623	Halobacteriota	Halobacteria	Halobiforma haloterrestris
GCF_900113245	41.5833336116094	3646735.89584625	65.02	0.563160340669501	1.547	62.3667235105349	Halobacteriota	Halobacteria	Halopelagius inordinatus
GCF_900114025	43.4827408394998	3910795.08454994	62.32	0.56569936146569	1.573	61.9752803478094	Halobacteriota	Halobacteria	Natronobacterium gregoryi
GCF_900114435	41.6239726540646	4466509.03741068	66.2	0.555410738657556	1.482	62.7772723576087	Halobacteriota	Halobacteria	Halomicrobium zhouii
GCF_900114455	35.8707166226387	4718615.41640835	62.2	0.555808850420578	1.351	61.4190670224326	Halobacteriota	Halobacteria	Halogranum rubrum
GCF_900114585	45.4802260860397	2192380.95238095	26.8	0.57999648720258	1.268	58.4138111550936	NA	NA	NA
GCF_900114835	41.9153540311125	3139854.48666128	42.56	0.570054636133931	1.249	60.4093151578715	Halobacteriota	Methanosarcinia	Methanolobus profundi
GCF_900115785	38.167030918527	3736587.10477371	65.85	0.558078344364125	1.504	61.5424826510644	Halobacteriota	Halobacteria	Halogeometricum limi
GCF_900116205	42.4929032283627	4193270.38889456	61.45	0.560879295511266	1.435	61.4175590009156	Halobacteriota	Halobacteria	Halostagnicola kamekurae
GCF_900129775	35.8453823931818	3314988.63401529	68.54	0.556976339784287	1.637	62.3656653283668	Halobacteriota	Halobacteria	Halobaculum gomorrense
GCF_900142335	43.1700384260316	4372458.91599469	61.81	0.560629580130052	1.374	61.1681763275878	NA	NA	NA
GCF_900156475	37.7073095990544	4297022.5579259	60.93	0.55578683204197	1.431	61.5561266924653	Halobacteriota	Halobacteria	Natronorubrum thiooxidans
GCF_900167955	32.3337506898279	1761950.08508225	35.98	0.568142849984423	1.068	58.9395507786952	Thermoproteota	Nitrososphaeria	Nitrosotalea bavarica
GCF_900176435	46.5058687662008	1629479.55390335	35.98	0.586508318621944	1.156	60.2669776825785	Thermoplasmatota	Thermoplasmata	Picrophilus oshimae
GCF_900182635	39.4679602081871	3381262.64239327	66.82	0.566554379472667	1.676	62.4145521439738	Halobacteriota	Halobacteria	Halorubrum cibi
GCF_900188065	39.5541557854191	3748097.85537235	62.89	0.566389785585136	1.596	62.7593865490395	Halobacteriota	Halobacteria	Halorubrum vacuolatum
GCF_900198835	82.1347166507006	2155760	54.58	0.647026969471106	1.782	69.7306682066663	Methanobacteriota_B	Thermococci	Thermococcus henrietii
GCF_900215575	46.4238595599732	3507570.11417803	65.16	0.556223971383642	1.569	62.2420822603807	Halobacteriota	Halobacteria	Natronoarchaeum philippinense
GCF_900314615	42.5394379040506	2596170.19004911	34.09	0.564551585957783	1.144	58.4898175120788	Methanobacteriota	Methanobacteria	Methanocatella sp900314615
GCF_900319985	42.8999057202629	2553146.70039089	33.88	0.567778873072828	1.16	59.3237938974633	NA	NA	NA
GCF_900696045	23.9306835218792	3167798.74916239	34.07	0.56546622406058	1.015	56.1787365505738	Thermoproteota	Nitrososphaeria	Nitrosocosmicus franklandus_A
GCF_900773915	43.9204579630003	2525192.89032519	42.51	0.576818586646283	1.296	60.8008068496005	Halobacteriota	Methanosarcinia	Methanococcoides methylutens
GCF_900773955	46.5529268451575	2346177.53989093	43.44	0.578655711728276	1.324	60.4224263241395	Halobacteriota	Methanosarcinia	Methanococcoides vulcani
GCF_900774055	46.1050959355087	2508668.14874697	42.65	0.576742520016856	1.307	60.4277421174481	Halobacteriota	Methanosarcinia	Methanococcoides sp900774055
GCF_900880625	41.1585675979931	3584376.93209679	61.32	0.561501737144253	1.458	62.677780465007	Halobacteriota	Halobacteria	Halorhabdus rudnickae
GCF_901686465	43.0221397100191	3573228.8757886	67.25	0.559686111584915	1.664	61.6322948807192	Halobacteriota	Halobacteria	Halorubrum sp901686465
GCF_902406285	50.6130595182114	1663845.67709947	29.68	0.58216085863029	1.301	59.0643973085855	Methanobacteriota	Methanobacteria	Methanocatella woesei
GCF_902762245	43.6001517158015	2674068.72852234	36.89	0.565112957956843	1.17	58.8902289947888	Methanobacteriota	Methanobacteria	Methanocatella sp900320515
GCF_902763115	43.5817866312231	2346929.0991289	32.79	0.570193883321974	1.201	59.4260977285949	Methanobacteriota	Methanobacteria	Methanocatella sp900314695
GCF_902764455	44.6909540081627	2994264.09753973	32.56	0.565131595807386	1.138	57.5290019776084	Methanobacteriota	Methanobacteria	Methanocatella sp902764455
GCF_902770715	42.1984171354874	2255373.72231687	34.41	0.571602618106409	1.237	59.0213129067808	NA	NA	NA
GCF_902771225	45.2704370101052	2487434.89720612	30.76	0.570770248541647	1.17	59.4518918853395	Methanobacteriota	Methanobacteria	Methanocatella sp900319535
GCF_902774605	42.1418923068393	2273809.01743939	38.98	0.569776855865675	1.221	59.3930835867531	Methanobacteriota	Methanobacteria	Methanocatella sp902774605
GCF_902784195	48.8786720168054	2146394.33665443	32.11	0.578939687138517	1.345	59.303934661228	Methanobacteriota	Methanobacteria	Methanobrevibacter sp902784195
GCF_902785855	41.2037644684505	2422654.82746993	28.96	0.564012195921579	1.089	59.8627159171918	Methanobacteriota	Methanobacteria	Methanocatella sp902785855
GCF_902788255	43.1128655236884	2338286.32251197	35.74	0.570006216023078	1.206	59.3438705823632	Methanobacteriota	Methanobacteria	Methanocatella sp902788255
GCF_902800455	46.5881298904544	2743704.80646533	31.56	0.565222118691773	1.121	58.8121485518808	Methanobacteriota	Methanobacteria	Methanocatella sp900317865
GCF_902800515	46.2480623126292	2228138.64073278	36.41	0.571277363566355	1.236	58.902237086308	Methanobacteriota	Methanobacteria	Methanocatella sp900316895
GCF_902801725	44.6937851917789	2353842.30015247	34.45	0.569170230855177	1.176	58.828280947773	Methanobacteriota	Methanobacteria	Methanocatella sp902801725
GCF_902810565	62.1105626979666	2346067.46071464	52.64	0.59417785938381	1.446	60.1933547289746	NA	NA	NA
GCF_902813195	86.4951471385872	1989851	44.39	0.649864485894939	1.829	69.9715489153455	Methanobacteriota_B	Thermococci	Thermococcus_A sp001484685
GCF_903989545	27.9609112444957	3382908.18584071	47.52	0.534228598923932	1.087	61.0500633858574	NA	NA	NA
GCF_904067545	76.6500029138725	2022529	54.63	0.64106780043035	1.763	69.7016786364741	Methanobacteriota_B	Thermococci	Thermococcus camini
GCF_905220655	34.9641922886474	2001610.23491783	41.89	0.573239598939726	1.181	58.8971295032186	Thermoproteota	Nitrososphaeria	Nitrosotenuis uzonensis
GCF_905235195	47.999552751849	1983815.41688516	26.24	0.580994440365048	1.233	58.0312634031632	Methanobacteriota	Methanobacteria	Methanarmilla sp905235195
GCF_913757945	46.495433513604	3126712.43082163	62.32	0.589934097603866	1.456	61.4706398019435	Halobacteriota	Methanomicrobia	Methanoculleus sp019136335
GCF_934746405	49.0628781225569	1873987.56565548	27.29	0.573275889060749	1.08	59.5117770152624	NA	NA	NA
GCF_934746965	47.3981258725733	1836827.80704473	28.33	0.573423378349548	1.136	58.5011905123108	Methanobacteriota	Methanobacteria	Methanocatella sp934746965
GCF_937146585	44.4366517009542	2840779.85035304	70.94	0.560609969701173	1.763	61.5961764757856	NA	NA	NA
GCF_937898925	48.3810710359893	2255219.12350598	32.54	0.578015644298065	1.341	59.4598984903269	Methanobacteriota	Methanobacteria	Methanobrevibacter sp937898925
GCF_937906425	44.2037502548247	2570459.53940418	30.79	0.570545697921093	1.208	59.2819079874645	Methanobacteriota	Methanobacteria	Methanobrevibacter sp937906425
GCF_937919355	45.8277234519304	2300886.08891621	60.76	0.586329450936186	1.455	61.2855442234639	Halobacteriota	Methanomicrobia	Methanofollis sp937919355
GCF_937930185	42.6922828392026	2409479.58449038	44.02	0.578001468735215	1.258	60.8581512402041	Halobacteriota	Methanosarcinia	Methanomethylovorans sp002067275
GCF_943787815	14.0624896685721	2428594.36816384	50.04	0.543735495647548	1.049	59.1439220062385	NA	NA	NA
GCF_945645595	44.9699767025431	1819131.62034609	31.06	0.574523520182131	1.252	59.3177800145805	Methanobacteriota	Methanobacteria	Methanocatella sp900769095
GCF_946184425	44.6708034208776	2481227.91421269	32.85	0.566967766384722	1.14	58.8540620707904	Methanobacteriota	Methanobacteria	Methanocatella sp946184425
GCF_946300405	84.63524072872	2116557	54.17	0.648235893260436	1.813	70.510453878317	Methanobacteriota_B	Thermococci	Thermococcus nautili
GCF_946403945	43.5372756988598	2027122.32480067	31.38	0.574367574628842	1.24	57.9765461542986	NA	NA	NA
GCF_946404435	51.2349443593787	1771086.81672026	29.37	0.564177780353572	1.163	60.4909743470401	NA	NA	NA
GCF_946616125	48.1083299696552	1803702.43327259	29.68	0.570804007582826	1.095	60.2512569400574	NA	NA	NA
GCF_947166415	51.6872597804899	1991296.74655552	35.59	0.574865406173818	1.258	59.7646583257135	Methanobacteriota	Methanobacteria	Methanocatella sp947166415
GCF_947169325	39.8377254191413	3081933.42776204	36.65	0.564189505985766	1.155	58.2645056442426	Methanobacteriota	Methanobacteria	Methanocatella sp947169325
GCF_958408655	46.9709841192851	1957435.18231588	30.31	0.569826488721052	1.144	58.5952595748201	NA	NA	NA
GCF_959607185	44.6700157847959	1602963.53682471	31.75	0.581463195691203	1.26	58.8378316089054	NA	NA	NA
GCF_963082475	44.7603026199641	1950646.53339005	31.31	0.575276394560029	1.218	59.3016766802519	NA	NA	NA
GCF_963457545	29.0377630048172	2481884.07321692	35.48	0.568386303720941	1.177	57.439244129721	Thermoproteota	Nitrososphaeria	Nitrosopumilus sp963457545
GCF_963662735	39.5978246026547	2905816.25296117	53.08	0.573933327855201	1.179	60.2213742378594	Halobacteriota	Methanomicrobia	Methanoregula sp963662735
GCF_963665055	43.1957352587313	3289171.08482871	37.8	0.577694244248048	1.112	61.7646241013669	Methanobacteriota	Methanobacteria	Methanobacterium sp963665055
GCF_963665675	36.8545976048169	3550786.7097556	40.59	0.565887177989637	1.181	60.0354558595146	Halobacteriota	Methanosarcinia	Methanolobus sp963665675
GCF_963666025	45.5177935982074	3032177.17872209	38.28	0.579001625088387	1.112	61.5422423853026	Methanobacteriota	Methanobacteria	Methanobacterium sp963666025
GCF_963667555	40.2669587333755	3326213.89618259	41.11	0.568330632227036	1.21	60.0851373510176	Halobacteriota	Methanosarcinia	Methanolobus sp963667555
GCF_963667735	38.7212891661623	2976122.15470182	54.09	0.573847144152746	1.183	60.3958947808951	Halobacteriota	Methanomicrobia	Methanoregula sp963667735
GCF_963667985	42.5923305149971	1837998.1212817	50.03	0.577431683098674	1.248	59.3254553656108	Halobacteriota	Methanomicrobia	Methanocorpusculum sp963667985
GCF_963668475	32.9980112194349	3997616.81767281	46.94	0.569089318519815	1.073	58.5795397115147	Halobacteriota	Methanomicrobia	Methanospirillum sp963668475
GCF_963677065	36.8113604424102	3322936.86524971	54.58	0.572440881781127	1.194	60.4574964754469	Halobacteriota	Methanomicrobia	Methanoregula sp963677065
GCF_963678545	38.9396678981341	3363378.13257882	39.84	0.571133758336768	1.143	60.4519806134343	Halobacteriota	Methanosarcinia	Methanomethylovorans sp963678545
GCF_963678795	37.3552031122165	3299771.08944468	52.67	0.57234302675133	1.164	60.2594702823267	Halobacteriota	Methanomicrobia	Methanoregula sp963678795
